traceID,spanID,operationName,refType,parentSpanID,startTime,duration,processID,spanKind
ec91f6dac579b55df38a1fd991bbc2de,adf325a71694c583,currencyservice.CurrencyService.GetSupportedCurrencies,CHILD_OF,304bff2d96b79cd3,1751042156167244,718,p1,client
ec91f6dac579b55df38a1fd991bbc2de,d5e5c3de696ee4ea,adservice.AdService.GetAds,CHILD_OF,304bff2d96b79cd3,1751042156170827,266,p1,client
ec91f6dac579b55df38a1fd991bbc2de,4386ac37ecf29970,currencyservice.CurrencyService.Convert,CHILD_OF,304bff2d96b79cd3,1751042156170374,450,p1,client
ec91f6dac579b55df38a1fd991bbc2de,a59664c2a7818b2a,cartservice.cartCache.Get,CHILD_OF,3764fb1ae10009bb,1751042156168458,7,p2,server
ec91f6dac579b55df38a1fd991bbc2de,7479331ab360e349,productcatalogservice.ProductCatalogService.ListProducts,CHILD_OF,304bff2d96b79cd3,1751042156167965,147,p1,client
ec91f6dac579b55df38a1fd991bbc2de,f1b733547144ae3b,currencyservice.CurrencyService.Convert,CHILD_OF,304bff2d96b79cd3,1751042156168700,160,p1,client
ec91f6dac579b55df38a1fd991bbc2de,ecdbdc6774c80e98,productcatalogservice.ProductCatalogService.ListProducts,CHILD_OF,304bff2d96b79cd3,1751042156168114,153,p1,client
ec91f6dac579b55df38a1fd991bbc2de,f682f5cb6ed10fd8,currencyservice.CurrencyService.Convert,CHILD_OF,304bff2d96b79cd3,1751042156168998,742,p1,client
ec91f6dac579b55df38a1fd991bbc2de,c1d205f2539e385e,cartservice.CartService.GetCart,CHILD_OF,304bff2d96b79cd3,1751042156168394,134,p1,client
ec91f6dac579b55df38a1fd991bbc2de,e84bf7164a835eaa,productcatalogservice.ProductCatalogService.ListProducts,CHILD_OF,7479331ab360e349,1751042156167989,10,p3,server
ec91f6dac579b55df38a1fd991bbc2de,dd15798daf86cf5d,productcatalogservice.ProductCatalogService.ListProducts,CHILD_OF,304bff2d96b79cd3,1751042156168269,123,p1,client
ec91f6dac579b55df38a1fd991bbc2de,304bff2d96b79cd3,home,,,1751042156167228,4022,p1,server
ec91f6dac579b55df38a1fd991bbc2de,459bacca60d2061b,currencyservice.CurrencyService.Convert,CHILD_OF,304bff2d96b79cd3,1751042156169742,454,p1,client
ec91f6dac579b55df38a1fd991bbc2de,7fa9e730ebe35333,currencyservice.CurrencyService.Convert,CHILD_OF,304bff2d96b79cd3,1751042156170197,36,p1,client
ec91f6dac579b55df38a1fd991bbc2de,603588932a6328ed,currencyservice.CurrencyService.Convert,CHILD_OF,304bff2d96b79cd3,1751042156170336,37,p1,client
ec91f6dac579b55df38a1fd991bbc2de,4eb172905b1a5ec1,currencyservice.CurrencyService.Convert,CHILD_OF,304bff2d96b79cd3,1751042156168530,169,p1,client
ec91f6dac579b55df38a1fd991bbc2de,9f73c34fdc61cd96,currencyservice.CurrencyService.Convert,CHILD_OF,304bff2d96b79cd3,1751042156170234,101,p1,client
ec91f6dac579b55df38a1fd991bbc2de,47462fb1dc72e6bd,cartservice.CartService.GetCart,CHILD_OF,c1d205f2539e385e,1751042156168434,67,p4,server
ec91f6dac579b55df38a1fd991bbc2de,87b496196b899fb4,currencyservice.CurrencyService.Convert,CHILD_OF,304bff2d96b79cd3,1751042156168861,136,p1,client
ec91f6dac579b55df38a1fd991bbc2de,3764fb1ae10009bb,cartservice.cartCache.Get,CHILD_OF,47462fb1dc72e6bd,1751042156168437,51,p4,client
6aebde7d48d835adc85fb8c263fd4705,eef5112836c4829d,productcatalogservice.ProductCatalogService.ListProducts,CHILD_OF,b5dfdf8b9c1fa92d,1751042156184982,46,p1,client
6aebde7d48d835adc85fb8c263fd4705,45ce214058966c0b,productcatalogservice.ProductCatalogService.ListProducts,CHILD_OF,b5dfdf8b9c1fa92d,1751042156185029,35,p1,client
6aebde7d48d835adc85fb8c263fd4705,b3e6db1e48bd284f,cartservice.CartService.GetCart,CHILD_OF,b5dfdf8b9c1fa92d,1751042156185111,116,p1,client
6aebde7d48d835adc85fb8c263fd4705,b5dfdf8b9c1fa92d,home,,,1751042156184867,1086,p1,server
6aebde7d48d835adc85fb8c263fd4705,135f4165df3078e7,productcatalogservice.ProductCatalogService.ListProducts,CHILD_OF,eef5112836c4829d,1751042156185008,12,p2,server
6aebde7d48d835adc85fb8c263fd4705,2674018a84ca2f83,cartservice.cartCache.Get,CHILD_OF,2826e9d7f94206c0,1751042156185162,10,p3,server
6aebde7d48d835adc85fb8c263fd4705,9891daed651ec586,currencyservice.CurrencyService.GetSupportedCurrencies,CHILD_OF,b5dfdf8b9c1fa92d,1751042156184882,97,p1,client
6aebde7d48d835adc85fb8c263fd4705,ae464f20898ae569,productcatalogservice.ProductCatalogService.ListProducts,CHILD_OF,b5dfdf8b9c1fa92d,1751042156185065,44,p1,client
6aebde7d48d835adc85fb8c263fd4705,1aedcb42ec8a0046,currencyservice.CurrencyService.Convert,CHILD_OF,b5dfdf8b9c1fa92d,1751042156185357,28,p1,client
6aebde7d48d835adc85fb8c263fd4705,2c45b118912d34aa,currencyservice.CurrencyService.Convert,CHILD_OF,b5dfdf8b9c1fa92d,1751042156185386,49,p1,client
6aebde7d48d835adc85fb8c263fd4705,403d86882a65a5d9,currencyservice.CurrencyService.Convert,CHILD_OF,b5dfdf8b9c1fa92d,1751042156185437,28,p1,client
6aebde7d48d835adc85fb8c263fd4705,ebba5820559451b6,adservice.AdService.GetAds,CHILD_OF,b5dfdf8b9c1fa92d,1751042156185561,241,p1,client
6aebde7d48d835adc85fb8c263fd4705,049e53d68ba1f228,currencyservice.CurrencyService.Convert,CHILD_OF,b5dfdf8b9c1fa92d,1751042156185229,43,p1,client
6aebde7d48d835adc85fb8c263fd4705,b18553e95813e217,currencyservice.CurrencyService.Convert,CHILD_OF,b5dfdf8b9c1fa92d,1751042156185315,40,p1,client
6aebde7d48d835adc85fb8c263fd4705,6297b61e23537757,currencyservice.CurrencyService.Convert,CHILD_OF,b5dfdf8b9c1fa92d,1751042156185494,27,p1,client
6aebde7d48d835adc85fb8c263fd4705,768e7c4fec6112c3,currencyservice.CurrencyService.Convert,CHILD_OF,b5dfdf8b9c1fa92d,1751042156185522,35,p1,client
6aebde7d48d835adc85fb8c263fd4705,2826e9d7f94206c0,cartservice.cartCache.Get,CHILD_OF,2df7ec050ce2f84f,1751042156185146,60,p4,client
6aebde7d48d835adc85fb8c263fd4705,2df7ec050ce2f84f,cartservice.CartService.GetCart,CHILD_OF,b3e6db1e48bd284f,1751042156185142,75,p4,server
6aebde7d48d835adc85fb8c263fd4705,b6dffaf6282929ee,currencyservice.CurrencyService.Convert,CHILD_OF,b5dfdf8b9c1fa92d,1751042156185466,26,p1,client
6aebde7d48d835adc85fb8c263fd4705,779bd57a8d2dd681,currencyservice.CurrencyService.Convert,CHILD_OF,b5dfdf8b9c1fa92d,1751042156185274,40,p1,client
b9225d3c9926788213379284b358188a,ac2e204921400efb,setcurrency,,,1751042156209752,20,p1,server
59c98d34116a7feca24675a4bd91531f,55d99c0b15cb5187,currencyservice.CurrencyService.Convert,CHILD_OF,dcaa52fc02c2d23a,1751042156214055,39,p1,client
59c98d34116a7feca24675a4bd91531f,c51ed0ce70af964c,currencyservice.CurrencyService.Convert,CHILD_OF,dcaa52fc02c2d23a,1751042156214173,32,p1,client
59c98d34116a7feca24675a4bd91531f,11b4588dcb600a65,cartservice.CartService.GetCart,CHILD_OF,dcaa52fc02c2d23a,1751042156213897,118,p1,client
59c98d34116a7feca24675a4bd91531f,85cffd9c829f32eb,productcatalogservice.ProductCatalogService.ListProducts,CHILD_OF,7a40eb9ea804d718,1751042156213777,11,p2,server
59c98d34116a7feca24675a4bd91531f,c0ead80345a57c59,currencyservice.CurrencyService.GetSupportedCurrencies,CHILD_OF,dcaa52fc02c2d23a,1751042156213680,69,p1,client
59c98d34116a7feca24675a4bd91531f,f3a190a57768d011,currencyservice.CurrencyService.Convert,CHILD_OF,dcaa52fc02c2d23a,1751042156214095,42,p1,client
59c98d34116a7feca24675a4bd91531f,0423815a1bfb5b64,currencyservice.CurrencyService.Convert,CHILD_OF,dcaa52fc02c2d23a,1751042156214309,35,p1,client
59c98d34116a7feca24675a4bd91531f,a6add4fef7987d27,currencyservice.CurrencyService.Convert,CHILD_OF,dcaa52fc02c2d23a,1751042156214138,34,p1,client
59c98d34116a7feca24675a4bd91531f,54b29e7571e996bf,currencyservice.CurrencyService.Convert,CHILD_OF,dcaa52fc02c2d23a,1751042156214243,31,p1,client
59c98d34116a7feca24675a4bd91531f,b0fee00a51220eb1,currencyservice.CurrencyService.Convert,CHILD_OF,dcaa52fc02c2d23a,1751042156214276,31,p1,client
59c98d34116a7feca24675a4bd91531f,dcaa52fc02c2d23a,home,,,1751042156213665,894,p1,server
59c98d34116a7feca24675a4bd91531f,7a40eb9ea804d718,productcatalogservice.ProductCatalogService.ListProducts,CHILD_OF,dcaa52fc02c2d23a,1751042156213752,50,p1,client
59c98d34116a7feca24675a4bd91531f,005f1e750208fa4f,productcatalogservice.ProductCatalogService.ListProducts,CHILD_OF,dcaa52fc02c2d23a,1751042156213850,38,p1,client
59c98d34116a7feca24675a4bd91531f,51bc5b184d1d9e57,currencyservice.CurrencyService.Convert,CHILD_OF,dcaa52fc02c2d23a,1751042156214018,35,p1,client
59c98d34116a7feca24675a4bd91531f,71727493b27137c8,currencyservice.CurrencyService.Convert,CHILD_OF,dcaa52fc02c2d23a,1751042156214206,36,p1,client
59c98d34116a7feca24675a4bd91531f,fe463315246a669f,adservice.AdService.GetAds,CHILD_OF,dcaa52fc02c2d23a,1751042156214347,48,p1,client
59c98d34116a7feca24675a4bd91531f,82f436296959bf8c,productcatalogservice.ProductCatalogService.ListProducts,CHILD_OF,dcaa52fc02c2d23a,1751042156213804,45,p1,client
59c98d34116a7feca24675a4bd91531f,45d53621cb12ce4d,cartservice.CartService.GetCart,CHILD_OF,11b4588dcb600a65,1751042156213938,72,p3,server
59c98d34116a7feca24675a4bd91531f,c9250c199be99e54,cartservice.cartCache.Get,CHILD_OF,45d53621cb12ce4d,1751042156213941,53,p3,client
59c98d34116a7feca24675a4bd91531f,2a0a3ad5c10c1d53,cartservice.cartCache.Get,CHILD_OF,c9250c199be99e54,1751042156213963,8,p4,server
e1f98725b466673fb4bab1a8a058d8e8,80ed6221cbb541f4,productcatalogservice.ProductCatalogService.ListProducts,CHILD_OF,6667d756ab90d178,1751042156224244,12,p1,server
e1f98725b466673fb4bab1a8a058d8e8,2e363873baf3d96f,productcatalogservice.ProductCatalogService.ListProducts,CHILD_OF,53a40f02d494c80d,1751042156224309,37,p2,client
e1f98725b466673fb4bab1a8a058d8e8,5b9277bfb9592aac,cartservice.CartService.GetCart,CHILD_OF,53a40f02d494c80d,1751042156224348,133,p2,client
e1f98725b466673fb4bab1a8a058d8e8,a17d05d0c296c374,currencyservice.CurrencyService.Convert,CHILD_OF,53a40f02d494c80d,1751042156224588,35,p2,client
e1f98725b466673fb4bab1a8a058d8e8,2d0a68c44edc58d2,currencyservice.CurrencyService.Convert,CHILD_OF,53a40f02d494c80d,1751042156224657,33,p2,client
e1f98725b466673fb4bab1a8a058d8e8,7ef037866ddc56da,currencyservice.CurrencyService.Convert,CHILD_OF,53a40f02d494c80d,1751042156224692,34,p2,client
e1f98725b466673fb4bab1a8a058d8e8,6667d756ab90d178,productcatalogservice.ProductCatalogService.ListProducts,CHILD_OF,53a40f02d494c80d,1751042156224220,45,p2,client
e1f98725b466673fb4bab1a8a058d8e8,c225a294032b6972,currencyservice.CurrencyService.Convert,CHILD_OF,53a40f02d494c80d,1751042156224552,35,p2,client
e1f98725b466673fb4bab1a8a058d8e8,fb1a083a28b0e3ad,currencyservice.CurrencyService.Convert,CHILD_OF,53a40f02d494c80d,1751042156224728,34,p2,client
e1f98725b466673fb4bab1a8a058d8e8,a78e7043020e4bfd,cartservice.cartCache.Get,CHILD_OF,e5ce8e8df384934e,1751042156224395,67,p3,client
e1f98725b466673fb4bab1a8a058d8e8,660aa03258c1ce69,currencyservice.CurrencyService.GetSupportedCurrencies,CHILD_OF,53a40f02d494c80d,1751042156224159,58,p2,client
e1f98725b466673fb4bab1a8a058d8e8,3f53cfc25f018c30,currencyservice.CurrencyService.Convert,CHILD_OF,53a40f02d494c80d,1751042156224483,33,p2,client
e1f98725b466673fb4bab1a8a058d8e8,0bf3295a915814d3,currencyservice.CurrencyService.Convert,CHILD_OF,53a40f02d494c80d,1751042156224624,32,p2,client
e1f98725b466673fb4bab1a8a058d8e8,82cc4cb4f71d9b71,adservice.AdService.GetAds,CHILD_OF,53a40f02d494c80d,1751042156224799,41,p2,client
e1f98725b466673fb4bab1a8a058d8e8,a9fbb427e8cb419e,cartservice.cartCache.Get,CHILD_OF,a78e7043020e4bfd,1751042156224415,9,p4,server
e1f98725b466673fb4bab1a8a058d8e8,a983cc8a5f601709,productcatalogservice.ProductCatalogService.ListProducts,CHILD_OF,53a40f02d494c80d,1751042156224267,40,p2,client
e1f98725b466673fb4bab1a8a058d8e8,199cfd036e2f76c6,currencyservice.CurrencyService.Convert,CHILD_OF,53a40f02d494c80d,1751042156224517,34,p2,client
e1f98725b466673fb4bab1a8a058d8e8,4fa015f3c0be7263,currencyservice.CurrencyService.Convert,CHILD_OF,53a40f02d494c80d,1751042156224763,33,p2,client
e1f98725b466673fb4bab1a8a058d8e8,53a40f02d494c80d,home,,,1751042156224145,862,p2,server
e1f98725b466673fb4bab1a8a058d8e8,e5ce8e8df384934e,cartservice.CartService.GetCart,CHILD_OF,5b9277bfb9592aac,1751042156224378,94,p3,server
2221d19b6dde9d1e479ecb6854fc7521,de007011e900390f,currencyservice.CurrencyService.Convert,CHILD_OF,f87ae28a9fdf2deb,1751042156241134,38,p1,client
2221d19b6dde9d1e479ecb6854fc7521,3ee55db7c36bc9b2,currencyservice.CurrencyService.Convert,CHILD_OF,f87ae28a9fdf2deb,1751042156242239,94,p1,client
2221d19b6dde9d1e479ecb6854fc7521,20ba497837ab2862,currencyservice.CurrencyService.Convert,CHILD_OF,f87ae28a9fdf2deb,1751042156242445,153,p1,client
2221d19b6dde9d1e479ecb6854fc7521,c277d24cd8c0da2b,adservice.AdService.GetAds,CHILD_OF,f87ae28a9fdf2deb,1751042156242602,47,p1,client
2221d19b6dde9d1e479ecb6854fc7521,f87ae28a9fdf2deb,home,,,1751042156240830,2012,p1,server
2221d19b6dde9d1e479ecb6854fc7521,9775835e5107072d,cartservice.cartCache.Get,CHILD_OF,443b01d4189d083a,1751042156241068,48,p2,client
2221d19b6dde9d1e479ecb6854fc7521,bcb50b2314ef3c47,productcatalogservice.ProductCatalogService.ListProducts,CHILD_OF,f87ae28a9fdf2deb,1751042156240909,45,p1,client
2221d19b6dde9d1e479ecb6854fc7521,b200131386dbf789,productcatalogservice.ProductCatalogService.ListProducts,CHILD_OF,f87ae28a9fdf2deb,1751042156240955,35,p1,client
2221d19b6dde9d1e479ecb6854fc7521,d8bd5fe12bc85b0e,currencyservice.CurrencyService.Convert,CHILD_OF,f87ae28a9fdf2deb,1751042156241174,38,p1,client
2221d19b6dde9d1e479ecb6854fc7521,d7a5a5a447686e9d,currencyservice.CurrencyService.Convert,CHILD_OF,f87ae28a9fdf2deb,1751042156242409,34,p1,client
2221d19b6dde9d1e479ecb6854fc7521,443b01d4189d083a,cartservice.CartService.GetCart,CHILD_OF,a852f07244da1b5f,1751042156241064,60,p2,server
2221d19b6dde9d1e479ecb6854fc7521,e962c0216f1a0b4f,productcatalogservice.ProductCatalogService.ListProducts,CHILD_OF,f87ae28a9fdf2deb,1751042156240991,39,p1,client
2221d19b6dde9d1e479ecb6854fc7521,56cf8617d9181a9c,currencyservice.CurrencyService.Convert,CHILD_OF,f87ae28a9fdf2deb,1751042156242335,38,p1,client
2221d19b6dde9d1e479ecb6854fc7521,ba25bd2bb1407895,cartservice.cartCache.Get,CHILD_OF,9775835e5107072d,1751042156241088,8,p3,server
2221d19b6dde9d1e479ecb6854fc7521,f063e0e93f880c0d,currencyservice.CurrencyService.Convert,CHILD_OF,f87ae28a9fdf2deb,1751042156241213,166,p1,client
2221d19b6dde9d1e479ecb6854fc7521,fa6ffbfdbd3651ae,currencyservice.CurrencyService.Convert,CHILD_OF,f87ae28a9fdf2deb,1751042156241381,857,p1,client
2221d19b6dde9d1e479ecb6854fc7521,08d1c1bf3e60a56c,currencyservice.CurrencyService.Convert,CHILD_OF,f87ae28a9fdf2deb,1751042156242375,32,p1,client
2221d19b6dde9d1e479ecb6854fc7521,da6f8649ae0fe89b,productcatalogservice.ProductCatalogService.ListProducts,CHILD_OF,bcb50b2314ef3c47,1751042156240932,12,p4,server
2221d19b6dde9d1e479ecb6854fc7521,d61ff31c65279d42,currencyservice.CurrencyService.GetSupportedCurrencies,CHILD_OF,f87ae28a9fdf2deb,1751042156240847,59,p1,client
2221d19b6dde9d1e479ecb6854fc7521,a852f07244da1b5f,cartservice.CartService.GetCart,CHILD_OF,f87ae28a9fdf2deb,1751042156241031,100,p1,client
46902b1e4aae6d8e0887d3e7d5a25dc2,430f352320705cac,setcurrency,,,1751042156242176,20,p1,server
995942f4465415da356498930adf45df,3bb2bf6db12168f1,cartservice.cartCache.Get,CHILD_OF,d6a597325ec334e2,1751042156254070,8,p1,server
995942f4465415da356498930adf45df,4cbe930b1edfc31e,cartservice.cartCache.Add,CHILD_OF,555abf5e519314b2,1751042156254172,8,p1,server
995942f4465415da356498930adf45df,b2c324befc8c5367,cartservice.CartService.AddItem,CHILD_OF,503999e8b3baa976,1751042156253975,232,p2,client
995942f4465415da356498930adf45df,503999e8b3baa976,cart,,,1751042156253882,332,p2,server
995942f4465415da356498930adf45df,f5d8d28828536e24,productcatalogservice.ProductCatalogService.GetProduct,CHILD_OF,503999e8b3baa976,1751042156253905,68,p2,client
995942f4465415da356498930adf45df,d6a597325ec334e2,cartservice.cartCache.Get,CHILD_OF,c40f9885e2d72167,1751042156254039,106,p3,client
995942f4465415da356498930adf45df,555abf5e519314b2,cartservice.cartCache.Add,CHILD_OF,c40f9885e2d72167,1751042156254150,36,p3,client
995942f4465415da356498930adf45df,c40f9885e2d72167,cartservice.CartService.AddItem,CHILD_OF,b2c324befc8c5367,1751042156254027,170,p3,server
ff81447b205e33bb67e8c2c23c5d7859,099c6c2c04082cf4,cartservice.CartService.AddItem,CHILD_OF,aacf15796947cd04,1751042166182879,129,p1,server
ff81447b205e33bb67e8c2c23c5d7859,31a59a35f6b6455f,cartservice.cartCache.Add,CHILD_OF,099c6c2c04082cf4,1751042166182952,47,p1,client
ff81447b205e33bb67e8c2c23c5d7859,94d6cb8f4a135bc2,cartservice.cartCache.Get,CHILD_OF,0b188752c73cf473,1751042166182905,10,p2,server
ff81447b205e33bb67e8c2c23c5d7859,7b24b7b582de6b16,cartservice.cartCache.Add,CHILD_OF,31a59a35f6b6455f,1751042166182971,8,p2,server
ff81447b205e33bb67e8c2c23c5d7859,a3320e3b7a17d94d,cart,,,1751042166182715,338,p3,server
ff81447b205e33bb67e8c2c23c5d7859,0b188752c73cf473,cartservice.cartCache.Get,CHILD_OF,099c6c2c04082cf4,1751042166182886,64,p1,client
ff81447b205e33bb67e8c2c23c5d7859,3bc28a46c7fc2177,productcatalogservice.ProductCatalogService.GetProduct,CHILD_OF,a7635f2d750b451f,1751042166182774,7,p4,server
ff81447b205e33bb67e8c2c23c5d7859,aacf15796947cd04,cartservice.CartService.AddItem,CHILD_OF,a3320e3b7a17d94d,1751042166182850,196,p3,client
ff81447b205e33bb67e8c2c23c5d7859,a7635f2d750b451f,productcatalogservice.ProductCatalogService.GetProduct,CHILD_OF,a3320e3b7a17d94d,1751042166182754,94,p3,client
63edff8c62dc92ad8a967377b47bc49c,585cc749192d3e6a,productcatalogservice.ProductCatalogService.GetProduct,CHILD_OF,776502acadfb17ea,1751042166188563,6,p1,server
63edff8c62dc92ad8a967377b47bc49c,461e8399fc4b95f0,recommendationservice.RecService.ListRecommendations,CHILD_OF,89eb60b72b499300,1751042166187840,186,p2,server
63edff8c62dc92ad8a967377b47bc49c,20b835a380a1cf1e,cartservice.cartCache.Get,CHILD_OF,42fa69b722196ac4,1751042166186123,9,p3,server
63edff8c62dc92ad8a967377b47bc49c,e660f300d63bd1dd,shippingservice.ShippingService.GetQuote,CHILD_OF,3e3fbecc036623e6,1751042166188407,56,p4,client
63edff8c62dc92ad8a967377b47bc49c,3e3fbecc036623e6,cart,,,1751042166185977,2827,p4,server
63edff8c62dc92ad8a967377b47bc49c,765e0e432541d460,cartservice.CartService.GetCart,CHILD_OF,403a6f880432d8e2,1751042166186097,81,p5,server
63edff8c62dc92ad8a967377b47bc49c,b5632e4892a0d6ed,productcatalogservice.ProductCatalogService.GetProducts,CHILD_OF,461e8399fc4b95f0,1751042166187842,36,p2,client
63edff8c62dc92ad8a967377b47bc49c,e119642735182cc0,productcatalogservice.ProductCatalogService.SearchProducts,CHILD_OF,461e8399fc4b95f0,1751042166187880,53,p2,client
63edff8c62dc92ad8a967377b47bc49c,403a6f880432d8e2,cartservice.CartService.GetCart,CHILD_OF,3e3fbecc036623e6,1751042166186070,1735,p4,client
63edff8c62dc92ad8a967377b47bc49c,89eb60b72b499300,recommendationservice.RecService.ListRecommendations,CHILD_OF,3e3fbecc036623e6,1751042166187809,467,p4,client
63edff8c62dc92ad8a967377b47bc49c,e785445202693de0,productcatalogservice.ProductCatalogService.GetProducts,CHILD_OF,3e3fbecc036623e6,1751042166188365,35,p4,client
63edff8c62dc92ad8a967377b47bc49c,2cfb262870180d17,productcatalogservice.ProductCatalogService.GetProducts,CHILD_OF,e785445202693de0,1751042166188385,9,p1,server
63edff8c62dc92ad8a967377b47bc49c,42fa69b722196ac4,cartservice.cartCache.Get,CHILD_OF,765e0e432541d460,1751042166186101,68,p5,client
63edff8c62dc92ad8a967377b47bc49c,3991801e5ae6cee8,productcatalogservice.ProductCatalogService.SearchProducts,CHILD_OF,461e8399fc4b95f0,1751042166187934,37,p2,client
63edff8c62dc92ad8a967377b47bc49c,1b2301e39d15256d,productcatalogservice.ProductCatalogService.SearchProducts,CHILD_OF,3991801e5ae6cee8,1751042166187946,16,p6,server
63edff8c62dc92ad8a967377b47bc49c,033aa5043c82288c,productcatalogservice.ProductCatalogService.GetProducts,CHILD_OF,4edcae4e30087f7b,1751042166188338,8,p6,server
63edff8c62dc92ad8a967377b47bc49c,a3615138b62d4755,currencyservice.CurrencyService.GetSupportedCurrencies,CHILD_OF,3e3fbecc036623e6,1751042166185981,86,p4,client
63edff8c62dc92ad8a967377b47bc49c,c11196178a0f2394,productcatalogservice.ProductCatalogService.GetProducts,CHILD_OF,3e3fbecc036623e6,1751042166188278,40,p4,client
63edff8c62dc92ad8a967377b47bc49c,4edcae4e30087f7b,productcatalogservice.ProductCatalogService.GetProducts,CHILD_OF,3e3fbecc036623e6,1751042166188319,45,p4,client
63edff8c62dc92ad8a967377b47bc49c,f298e1e0b4a94021,currencyservice.CurrencyService.Convert,CHILD_OF,3e3fbecc036623e6,1751042166188578,27,p4,client
63edff8c62dc92ad8a967377b47bc49c,045b4f35ff24b01c,productcatalogservice.ProductCatalogService.SearchProducts,CHILD_OF,461e8399fc4b95f0,1751042166187973,44,p2,client
63edff8c62dc92ad8a967377b47bc49c,270fb4fbc78a5caf,productcatalogservice.ProductCatalogService.SearchProducts,CHILD_OF,e119642735182cc0,1751042166187905,14,p7,server
63edff8c62dc92ad8a967377b47bc49c,2efd2e60f3c58dcc,productcatalogservice.ProductCatalogService.GetProducts,CHILD_OF,c11196178a0f2394,1751042166188299,12,p7,server
63edff8c62dc92ad8a967377b47bc49c,cc7b81c6a9f043b8,currencyservice.CurrencyService.Convert,CHILD_OF,3e3fbecc036623e6,1751042166188464,43,p4,client
63edff8c62dc92ad8a967377b47bc49c,776502acadfb17ea,productcatalogservice.ProductCatalogService.GetProduct,CHILD_OF,3e3fbecc036623e6,1751042166188508,69,p4,client
63edff8c62dc92ad8a967377b47bc49c,4346030782382f2a,productcatalogservice.ProductCatalogService.GetProducts,CHILD_OF,b5632e4892a0d6ed,1751042166187861,7,p1,server
63edff8c62dc92ad8a967377b47bc49c,0e0af2634fa47c6d,productcatalogservice.ProductCatalogService.SearchProducts,CHILD_OF,045b4f35ff24b01c,1751042166187990,17,p1,server
c7b9e2fef2a988c9fc74511255831276,f4ed04040c00865d,currencyservice.CurrencyService.Convert,CHILD_OF,9a08ead2238ec911,1751042166190569,30,p1,client
c7b9e2fef2a988c9fc74511255831276,9f77bd7e84276439,cartservice.cartCache.Get,CHILD_OF,dbdf80396bf284c9,1751042166189873,71,p2,client
c7b9e2fef2a988c9fc74511255831276,d60873370af57da9,cartservice.cartCache.Get,CHILD_OF,9f77bd7e84276439,1751042166189891,11,p3,server
c7b9e2fef2a988c9fc74511255831276,3bed9ea1857c3275,currencyservice.CurrencyService.Convert,CHILD_OF,9a08ead2238ec911,1751042166190004,232,p1,client
c7b9e2fef2a988c9fc74511255831276,dbdf80396bf284c9,cartservice.CartService.GetCart,CHILD_OF,f70d935ccb1e6b32,1751042166189868,86,p2,server
c7b9e2fef2a988c9fc74511255831276,729a5b3406c57000,productcatalogservice.ProductCatalogService.ListProducts,CHILD_OF,878946cf91101dd5,1751042166189824,8,p4,server
c7b9e2fef2a988c9fc74511255831276,7861e04b2123a452,productcatalogservice.ProductCatalogService.ListProducts,CHILD_OF,d8e9e13c4a95840c,1751042166189705,10,p5,server
c7b9e2fef2a988c9fc74511255831276,f8c732778de5c443,currencyservice.CurrencyService.GetSupportedCurrencies,CHILD_OF,9a08ead2238ec911,1751042166189635,42,p1,client
c7b9e2fef2a988c9fc74511255831276,d8e9e13c4a95840c,productcatalogservice.ProductCatalogService.ListProducts,CHILD_OF,9a08ead2238ec911,1751042166189680,57,p1,client
c7b9e2fef2a988c9fc74511255831276,fa560a84dc749d62,currencyservice.CurrencyService.Convert,CHILD_OF,9a08ead2238ec911,1751042166189972,31,p1,client
c7b9e2fef2a988c9fc74511255831276,948b905117eb68e0,currencyservice.CurrencyService.Convert,CHILD_OF,9a08ead2238ec911,1751042166190600,37,p1,client
c7b9e2fef2a988c9fc74511255831276,9a08ead2238ec911,home,,,1751042166189535,1335,p1,server
c7b9e2fef2a988c9fc74511255831276,4234381254c4b68c,currencyservice.CurrencyService.Convert,CHILD_OF,9a08ead2238ec911,1751042166190299,72,p1,client
c7b9e2fef2a988c9fc74511255831276,f70d935ccb1e6b32,cartservice.CartService.GetCart,CHILD_OF,9a08ead2238ec911,1751042166189842,127,p1,client
c7b9e2fef2a988c9fc74511255831276,624e1cca4cfa7553,productcatalogservice.ProductCatalogService.ListProducts,CHILD_OF,0d0172ab29da1784,1751042166189756,7,p6,server
c7b9e2fef2a988c9fc74511255831276,0d0172ab29da1784,productcatalogservice.ProductCatalogService.ListProducts,CHILD_OF,9a08ead2238ec911,1751042166189738,65,p1,client
c7b9e2fef2a988c9fc74511255831276,00e100f8577536b6,currencyservice.CurrencyService.Convert,CHILD_OF,9a08ead2238ec911,1751042166190238,59,p1,client
c7b9e2fef2a988c9fc74511255831276,4f0bb5aa2bcfd188,currencyservice.CurrencyService.Convert,CHILD_OF,9a08ead2238ec911,1751042166190404,131,p1,client
c7b9e2fef2a988c9fc74511255831276,b0bcae9713638ce9,adservice.AdService.GetAds,CHILD_OF,9a08ead2238ec911,1751042166190640,46,p1,client
c7b9e2fef2a988c9fc74511255831276,8e9d87d11ef080e0,currencyservice.CurrencyService.Convert,CHILD_OF,9a08ead2238ec911,1751042166190537,31,p1,client
c7b9e2fef2a988c9fc74511255831276,878946cf91101dd5,productcatalogservice.ProductCatalogService.ListProducts,CHILD_OF,9a08ead2238ec911,1751042166189805,35,p1,client
c7b9e2fef2a988c9fc74511255831276,9be2971e7a96e70c,currencyservice.CurrencyService.Convert,CHILD_OF,9a08ead2238ec911,1751042166190373,30,p1,client
f73838a5a7ac39f47edbf630345afedb,54c5431751b3ac9d,setcurrency,,,1751042166190190,19,p1,server
c5737a490c41061244d82d862ca5bb82,b767c7fa7ef3533d,productcatalogservice.ProductCatalogService.SearchProducts,CHILD_OF,9da746ebeb6f25a0,1751042166195388,37,p1,client
c5737a490c41061244d82d862ca5bb82,70bbb4fd94c96338,cartservice.cartCache.Get,CHILD_OF,9cd91e6957402f30,1751042166195104,7,p2,server
c5737a490c41061244d82d862ca5bb82,11c8856a0a13f249,productcatalogservice.ProductCatalogService.GetProducts,CHILD_OF,675e5c73d45a5b46,1751042166195514,10,p3,server
c5737a490c41061244d82d862ca5bb82,3289761ad1e30c78,productcatalogservice.ProductCatalogService.GetProduct,CHILD_OF,23ac4f6b50b05ace,1751042166194941,60,p4,client
c5737a490c41061244d82d862ca5bb82,f57f0f26769f07fb,cartservice.CartService.GetCart,CHILD_OF,23ac4f6b50b05ace,1751042166195048,118,p4,client
c5737a490c41061244d82d862ca5bb82,b87f22a394a6ac53,currencyservice.CurrencyService.Convert,CHILD_OF,23ac4f6b50b05ace,1751042166195168,34,p4,client
c5737a490c41061244d82d862ca5bb82,b34760194db8d784,productcatalogservice.ProductCatalogService.GetProducts,CHILD_OF,23ac4f6b50b05ace,1751042166195449,45,p4,client
c5737a490c41061244d82d862ca5bb82,eba77e32c1105b3a,currencyservice.CurrencyService.GetSupportedCurrencies,CHILD_OF,23ac4f6b50b05ace,1751042166195003,42,p4,client
c5737a490c41061244d82d862ca5bb82,3a33b81abc1b32b1,productcatalogservice.ProductCatalogService.GetProducts,CHILD_OF,23ac4f6b50b05ace,1751042166195533,44,p4,client
c5737a490c41061244d82d862ca5bb82,7761cfa4de798335,productcatalogservice.ProductCatalogService.GetProducts,CHILD_OF,526a0c32bc72906c,1751042166195258,6,p3,server
c5737a490c41061244d82d862ca5bb82,71b5ccebf2381db6,productcatalogservice.ProductCatalogService.SearchProducts,CHILD_OF,8c2800caa87c6a55,1751042166195341,20,p3,server
c5737a490c41061244d82d862ca5bb82,82d4c6e5088e5d02,productcatalogservice.ProductCatalogService.GetProducts,CHILD_OF,b34760194db8d784,1751042166195471,12,p5,server
c5737a490c41061244d82d862ca5bb82,e8ed65b03b8fd5ef,adservice.AdService.GetAds,CHILD_OF,23ac4f6b50b05ace,1751042166195581,121,p4,client
c5737a490c41061244d82d862ca5bb82,23ac4f6b50b05ace,product,,,1751042166194910,909,p4,server
c5737a490c41061244d82d862ca5bb82,f7448a552a29aaa0,cartservice.CartService.GetCart,CHILD_OF,f57f0f26769f07fb,1751042166195081,76,p6,server
c5737a490c41061244d82d862ca5bb82,7c22de68c64d91d9,productcatalogservice.ProductCatalogService.GetProducts,CHILD_OF,3a33b81abc1b32b1,1751042166195557,8,p7,server
c5737a490c41061244d82d862ca5bb82,526a0c32bc72906c,productcatalogservice.ProductCatalogService.GetProducts,CHILD_OF,9da746ebeb6f25a0,1751042166195240,32,p1,client
c5737a490c41061244d82d862ca5bb82,9cd91e6957402f30,cartservice.cartCache.Get,CHILD_OF,f7448a552a29aaa0,1751042166195085,57,p6,client
c5737a490c41061244d82d862ca5bb82,4450c8c5370d0490,productcatalogservice.ProductCatalogService.SearchProducts,CHILD_OF,b767c7fa7ef3533d,1751042166195406,10,p7,server
c5737a490c41061244d82d862ca5bb82,8c2800caa87c6a55,productcatalogservice.ProductCatalogService.SearchProducts,CHILD_OF,9da746ebeb6f25a0,1751042166195323,64,p1,client
c5737a490c41061244d82d862ca5bb82,9da746ebeb6f25a0,recommendationservice.RecService.ListRecommendations,CHILD_OF,b46d104271894c9e,1751042166195239,195,p1,server
c5737a490c41061244d82d862ca5bb82,5e4c8ecd1ede7e19,productcatalogservice.ProductCatalogService.GetProduct,CHILD_OF,3289761ad1e30c78,1751042166194963,6,p3,server
c5737a490c41061244d82d862ca5bb82,2b3294f856493ef1,productcatalogservice.ProductCatalogService.SearchProducts,CHILD_OF,239af98a8bea3d78,1751042166195294,15,p5,server
c5737a490c41061244d82d862ca5bb82,b46d104271894c9e,recommendationservice.RecService.ListRecommendations,CHILD_OF,23ac4f6b50b05ace,1751042166195204,242,p4,client
c5737a490c41061244d82d862ca5bb82,675e5c73d45a5b46,productcatalogservice.ProductCatalogService.GetProducts,CHILD_OF,23ac4f6b50b05ace,1751042166195495,37,p4,client
c5737a490c41061244d82d862ca5bb82,239af98a8bea3d78,productcatalogservice.ProductCatalogService.SearchProducts,CHILD_OF,9da746ebeb6f25a0,1751042166195274,48,p1,client
e320d29940b5b3826ab0b1d546f9e7f4,79b7c96fb267598b,productcatalogservice.ProductCatalogService.SearchProducts,CHILD_OF,6398dcc41c04bc31,1751042166201977,240,p1,client
e320d29940b5b3826ab0b1d546f9e7f4,aa358d98bddc0c87,cartservice.cartCache.Get,CHILD_OF,fc46ed63d18788f2,1751042166198163,6,p2,server
e320d29940b5b3826ab0b1d546f9e7f4,0d27421eab34eecf,productcatalogservice.ProductCatalogService.GetProducts,CHILD_OF,261df64119f0f043,1751042166202999,13,p3,server
e320d29940b5b3826ab0b1d546f9e7f4,897cef7aa0f2abf2,productcatalogservice.ProductCatalogService.GetProducts,CHILD_OF,6398dcc41c04bc31,1751042166198307,3617,p1,client
e320d29940b5b3826ab0b1d546f9e7f4,d7aff25be26c4df3,productcatalogservice.ProductCatalogService.SearchProducts,CHILD_OF,6398dcc41c04bc31,1751042166202219,187,p1,client
e320d29940b5b3826ab0b1d546f9e7f4,6398dcc41c04bc31,recommendationservice.RecService.ListRecommendations,CHILD_OF,413722541bb19af5,1751042166198259,4156,p1,server
e320d29940b5b3826ab0b1d546f9e7f4,e998e45bbae6d412,productcatalogservice.ProductCatalogService.SearchProducts,CHILD_OF,6398dcc41c04bc31,1751042166201927,49,p1,client
e320d29940b5b3826ab0b1d546f9e7f4,84b494b935481bd7,productcatalogservice.ProductCatalogService.GetProducts,CHILD_OF,5ef7793acc9f7486,1751042166202631,12,p4,server
e320d29940b5b3826ab0b1d546f9e7f4,fc46ed63d18788f2,cartservice.cartCache.Get,CHILD_OF,8901cdbd67a29870,1751042166198142,61,p5,client
e320d29940b5b3826ab0b1d546f9e7f4,253175b0a4e79b5d,currencyservice.CurrencyService.Convert,CHILD_OF,0a5de189eb5f9b1b,1751042166203316,40,p6,client
e320d29940b5b3826ab0b1d546f9e7f4,ee014b82f6c63549,productcatalogservice.ProductCatalogService.GetProduct,CHILD_OF,0a5de189eb5f9b1b,1751042166203357,41,p6,client
e320d29940b5b3826ab0b1d546f9e7f4,0a5de189eb5f9b1b,cart,,,1751042166198049,5551,p6,server
e320d29940b5b3826ab0b1d546f9e7f4,c9d2c6498aa4bf6b,productcatalogservice.ProductCatalogService.GetProducts,CHILD_OF,0a5de189eb5f9b1b,1751042166202649,81,p6,client
e320d29940b5b3826ab0b1d546f9e7f4,a7655f3997cabb34,currencyservice.CurrencyService.GetSupportedCurrencies,CHILD_OF,0a5de189eb5f9b1b,1751042166198053,52,p6,client
e320d29940b5b3826ab0b1d546f9e7f4,d8f2538abe67bf89,productcatalogservice.ProductCatalogService.SearchProducts,CHILD_OF,d7aff25be26c4df3,1751042166202378,16,p3,server
e320d29940b5b3826ab0b1d546f9e7f4,8608612a5be1bdad,currencyservice.CurrencyService.Convert,CHILD_OF,0a5de189eb5f9b1b,1751042166203399,35,p6,client
e320d29940b5b3826ab0b1d546f9e7f4,ddbf451dd1007801,productcatalogservice.ProductCatalogService.GetProducts,CHILD_OF,da6e38a931d85837,1751042166198282,10,p4,server
e320d29940b5b3826ab0b1d546f9e7f4,d59ca87a798a03ec,productcatalogservice.ProductCatalogService.SearchProducts,CHILD_OF,e998e45bbae6d412,1751042166201953,14,p4,server
e320d29940b5b3826ab0b1d546f9e7f4,25e7e1f0e24f8867,productcatalogservice.ProductCatalogService.GetProduct,CHILD_OF,ee014b82f6c63549,1751042166203377,13,p4,server
e320d29940b5b3826ab0b1d546f9e7f4,8901cdbd67a29870,cartservice.CartService.GetCart,CHILD_OF,99cee5e53f1cb90c,1751042166198138,73,p5,server
e320d29940b5b3826ab0b1d546f9e7f4,99cee5e53f1cb90c,cartservice.CartService.GetCart,CHILD_OF,0a5de189eb5f9b1b,1751042166198108,119,p6,client
e320d29940b5b3826ab0b1d546f9e7f4,413722541bb19af5,recommendationservice.RecService.ListRecommendations,CHILD_OF,0a5de189eb5f9b1b,1751042166198229,4378,p6,client
e320d29940b5b3826ab0b1d546f9e7f4,8275eae36ff9b047,currencyservice.CurrencyService.Convert,CHILD_OF,0a5de189eb5f9b1b,1751042166203064,213,p6,client
e320d29940b5b3826ab0b1d546f9e7f4,5ef7793acc9f7486,productcatalogservice.ProductCatalogService.GetProducts,CHILD_OF,0a5de189eb5f9b1b,1751042166202609,39,p6,client
e320d29940b5b3826ab0b1d546f9e7f4,dd97509b9be77963,productcatalogservice.ProductCatalogService.GetProduct,CHILD_OF,0a5de189eb5f9b1b,1751042166203280,34,p6,client
e320d29940b5b3826ab0b1d546f9e7f4,261df64119f0f043,productcatalogservice.ProductCatalogService.GetProducts,CHILD_OF,0a5de189eb5f9b1b,1751042166202732,290,p6,client
e320d29940b5b3826ab0b1d546f9e7f4,bbc74180b4384600,shippingservice.ShippingService.GetQuote,CHILD_OF,0a5de189eb5f9b1b,1751042166203024,39,p6,client
e320d29940b5b3826ab0b1d546f9e7f4,da6e38a931d85837,productcatalogservice.ProductCatalogService.GetProducts,CHILD_OF,6398dcc41c04bc31,1751042166198260,46,p1,client
bceca46b39421f3bf02df3caf93e2c33,bc9bb70ee77fbed8,cart,,,1751042166207409,267,p1,server
bceca46b39421f3bf02df3caf93e2c33,7f74aa0a81424777,productcatalogservice.ProductCatalogService.GetProduct,CHILD_OF,3b9498cfb8c57ca8,1751042166207459,9,p2,server
bceca46b39421f3bf02df3caf93e2c33,987c241ddc351df3,cartservice.cartCache.Add,CHILD_OF,1999bab59f5df8fb,1751042166207625,9,p3,server
bceca46b39421f3bf02df3caf93e2c33,1999bab59f5df8fb,cartservice.cartCache.Add,CHILD_OF,3eba78f4a8247c4a,1751042166207608,42,p4,client
bceca46b39421f3bf02df3caf93e2c33,8c4cac2887740f20,cartservice.cartCache.Get,CHILD_OF,baf516b198ffa107,1751042166207563,8,p3,server
bceca46b39421f3bf02df3caf93e2c33,baf516b198ffa107,cartservice.cartCache.Get,CHILD_OF,3eba78f4a8247c4a,1751042166207543,63,p4,client
bceca46b39421f3bf02df3caf93e2c33,3eba78f4a8247c4a,cartservice.CartService.AddItem,CHILD_OF,3777185c0dd35954,1751042166207537,123,p4,server
bceca46b39421f3bf02df3caf93e2c33,3b9498cfb8c57ca8,productcatalogservice.ProductCatalogService.GetProduct,CHILD_OF,bc9bb70ee77fbed8,1751042166207438,68,p1,client
bceca46b39421f3bf02df3caf93e2c33,3777185c0dd35954,cartservice.CartService.AddItem,CHILD_OF,bc9bb70ee77fbed8,1751042166207508,161,p1,client
3a308fe0477d903e1b5789712d484dff,7b8aba8324fb030a,cartservice.CartService.GetCart,CHILD_OF,d73eefc878e9e9fa,1751042166208463,2741,p1,client
3a308fe0477d903e1b5789712d484dff,129e18d8311f4f76,currencyservice.CurrencyService.Convert,CHILD_OF,d73eefc878e9e9fa,1751042166211312,37,p1,client
3a308fe0477d903e1b5789712d484dff,bf7aad94f0bb18c1,productcatalogservice.ProductCatalogService.ListProducts,CHILD_OF,721d33b84f2d276d,1751042166208442,10,p2,server
3a308fe0477d903e1b5789712d484dff,cbc72d06f0ec753c,cartservice.cartCache.Get,CHILD_OF,c6f48b1c9bb9da28,1751042166208491,2690,p3,client
3a308fe0477d903e1b5789712d484dff,721d33b84f2d276d,productcatalogservice.ProductCatalogService.ListProducts,CHILD_OF,d73eefc878e9e9fa,1751042166208425,36,p1,client
3a308fe0477d903e1b5789712d484dff,4afe1f5bfd0eceb0,currencyservice.CurrencyService.Convert,CHILD_OF,d73eefc878e9e9fa,1751042166211207,103,p1,client
3a308fe0477d903e1b5789712d484dff,06bdedb1bd053fbc,currencyservice.CurrencyService.Convert,CHILD_OF,d73eefc878e9e9fa,1751042166211571,35,p1,client
3a308fe0477d903e1b5789712d484dff,327da1d249348723,currencyservice.CurrencyService.Convert,CHILD_OF,d73eefc878e9e9fa,1751042166211607,61,p1,client
3a308fe0477d903e1b5789712d484dff,c6f48b1c9bb9da28,cartservice.CartService.GetCart,CHILD_OF,7b8aba8324fb030a,1751042166208487,2706,p3,server
3a308fe0477d903e1b5789712d484dff,6a20d0f3a06dcf7e,productcatalogservice.ProductCatalogService.ListProducts,CHILD_OF,d73eefc878e9e9fa,1751042166208330,54,p1,client
3a308fe0477d903e1b5789712d484dff,0392070ce68954f7,productcatalogservice.ProductCatalogService.ListProducts,CHILD_OF,d73eefc878e9e9fa,1751042166208386,38,p1,client
3a308fe0477d903e1b5789712d484dff,6ee41151bd485799,currencyservice.CurrencyService.Convert,CHILD_OF,d73eefc878e9e9fa,1751042166211350,49,p1,client
3a308fe0477d903e1b5789712d484dff,af1f332e42f407fa,currencyservice.CurrencyService.Convert,CHILD_OF,d73eefc878e9e9fa,1751042166211401,61,p1,client
3a308fe0477d903e1b5789712d484dff,6e77447fa7b77ce3,currencyservice.CurrencyService.Convert,CHILD_OF,d73eefc878e9e9fa,1751042166211669,43,p1,client
3a308fe0477d903e1b5789712d484dff,d73eefc878e9e9fa,home,,,1751042166208244,3700,p1,server
3a308fe0477d903e1b5789712d484dff,567f42121c535c01,productcatalogservice.ProductCatalogService.ListProducts,CHILD_OF,6a20d0f3a06dcf7e,1751042166208352,10,p4,server
3a308fe0477d903e1b5789712d484dff,9901493aaf781a18,currencyservice.CurrencyService.GetSupportedCurrencies,CHILD_OF,d73eefc878e9e9fa,1751042166208251,76,p1,client
3a308fe0477d903e1b5789712d484dff,41c1f64254be246e,currencyservice.CurrencyService.Convert,CHILD_OF,d73eefc878e9e9fa,1751042166211463,60,p1,client
3a308fe0477d903e1b5789712d484dff,75159935ffe2a8f9,currencyservice.CurrencyService.Convert,CHILD_OF,d73eefc878e9e9fa,1751042166211525,45,p1,client
3a308fe0477d903e1b5789712d484dff,68b705c2a31c93a1,adservice.AdService.GetAds,CHILD_OF,d73eefc878e9e9fa,1751042166211716,55,p1,client
3475e04565fc05cb6735ed0d9c02cd87,aa3d5ca1091a1a4f,cartservice.CartService.AddItem,CHILD_OF,5a5885418b380614,1751042166211657,319,p1,client
3475e04565fc05cb6735ed0d9c02cd87,5a5885418b380614,cart,,,1751042166210040,1941,p1,server
3475e04565fc05cb6735ed0d9c02cd87,848ecd7a9f65139c,productcatalogservice.ProductCatalogService.GetProduct,CHILD_OF,5a5885418b380614,1751042166210072,1581,p1,client
0c2cde4dd663b0f319f153db4aae09c6,7cf9d6d0d8f20774,currencyservice.CurrencyService.GetSupportedCurrencies,CHILD_OF,3da379ccc02c4d5f,1751042166211445,63,p1,client
0c2cde4dd663b0f319f153db4aae09c6,85ecafa0e8b4ee9f,recommendationservice.RecService.ListRecommendations,CHILD_OF,3da379ccc02c4d5f,1751042166212016,261,p1,client
0c2cde4dd663b0f319f153db4aae09c6,959447a38ce82eff,productcatalogservice.ProductCatalogService.GetProducts,CHILD_OF,3da379ccc02c4d5f,1751042166212376,54,p1,client
0c2cde4dd663b0f319f153db4aae09c6,436a81c677a281c0,productcatalogservice.ProductCatalogService.GetProducts,CHILD_OF,9dce18ea658767c0,1751042166212058,7,p2,server
0c2cde4dd663b0f319f153db4aae09c6,c7b2cf0fcf61ebe0,productcatalogservice.ProductCatalogService.GetProducts,CHILD_OF,f9003d246c05ef71,1751042166212445,9,p2,server
0c2cde4dd663b0f319f153db4aae09c6,9dce18ea658767c0,productcatalogservice.ProductCatalogService.GetProducts,CHILD_OF,f376ef21a715db94,1751042166212043,33,p3,client
0c2cde4dd663b0f319f153db4aae09c6,57c55655e9149ebc,shippingservice.ShippingService.GetQuote,CHILD_OF,3da379ccc02c4d5f,1751042166212480,342,p1,client
0c2cde4dd663b0f319f153db4aae09c6,b57125215ed7ba3b,productcatalogservice.ProductCatalogService.GetProduct,CHILD_OF,3da379ccc02c4d5f,1751042166212854,36,p1,client
0c2cde4dd663b0f319f153db4aae09c6,3da379ccc02c4d5f,cart,,,1751042166211442,1634,p1,server
0c2cde4dd663b0f319f153db4aae09c6,f376ef21a715db94,recommendationservice.RecService.ListRecommendations,CHILD_OF,85ecafa0e8b4ee9f,1751042166212042,200,p3,server
0c2cde4dd663b0f319f153db4aae09c6,b3fd130ec544367d,currencyservice.CurrencyService.Convert,CHILD_OF,3da379ccc02c4d5f,1751042166212824,27,p1,client
0c2cde4dd663b0f319f153db4aae09c6,8c2601c8e1b6dfb2,cartservice.CartService.GetCart,CHILD_OF,3da379ccc02c4d5f,1751042166211511,504,p1,client
0c2cde4dd663b0f319f153db4aae09c6,ac81fdaca6b6896f,productcatalogservice.ProductCatalogService.GetProducts,CHILD_OF,3da379ccc02c4d5f,1751042166212280,95,p1,client
0c2cde4dd663b0f319f153db4aae09c6,0d82d40549cf8acf,productcatalogservice.ProductCatalogService.GetProduct,CHILD_OF,b57125215ed7ba3b,1751042166212870,9,p2,server
0c2cde4dd663b0f319f153db4aae09c6,99b7feb02a8e31e3,productcatalogservice.ProductCatalogService.SearchProducts,CHILD_OF,f376ef21a715db94,1751042166212077,58,p3,client
0c2cde4dd663b0f319f153db4aae09c6,ce609246fd312405,productcatalogservice.ProductCatalogService.SearchProducts,CHILD_OF,f376ef21a715db94,1751042166212136,47,p3,client
0c2cde4dd663b0f319f153db4aae09c6,0dad5020f9e19369,productcatalogservice.ProductCatalogService.SearchProducts,CHILD_OF,05ddb75c2215fb86,1751042166212204,16,p2,server
0c2cde4dd663b0f319f153db4aae09c6,35d49584b89e8e91,currencyservice.CurrencyService.Convert,CHILD_OF,3da379ccc02c4d5f,1751042166212891,30,p1,client
0c2cde4dd663b0f319f153db4aae09c6,05ddb75c2215fb86,productcatalogservice.ProductCatalogService.SearchProducts,CHILD_OF,f376ef21a715db94,1751042166212184,50,p3,client
0c2cde4dd663b0f319f153db4aae09c6,f9003d246c05ef71,productcatalogservice.ProductCatalogService.GetProducts,CHILD_OF,3da379ccc02c4d5f,1751042166212431,47,p1,client
5af0b051a904d8e96d3eb51c09b06533,b8e2a664fca64946,productcatalogservice.ProductCatalogService.ListProducts,CHILD_OF,8a0d8fa38f28efcd,1751042166213432,9,p1,server
5af0b051a904d8e96d3eb51c09b06533,bfc616a1feb3f279,currencyservice.CurrencyService.GetSupportedCurrencies,CHILD_OF,0a6fe38473f772eb,1751042166213213,66,p2,client
5af0b051a904d8e96d3eb51c09b06533,2c3854c09185351f,currencyservice.CurrencyService.Convert,CHILD_OF,0a6fe38473f772eb,1751042166215348,34,p2,client
5af0b051a904d8e96d3eb51c09b06533,e2d832354682a63d,currencyservice.CurrencyService.Convert,CHILD_OF,0a6fe38473f772eb,1751042166215520,29,p2,client
5af0b051a904d8e96d3eb51c09b06533,9d94bcbdf0c0aa59,adservice.AdService.GetAds,CHILD_OF,0a6fe38473f772eb,1751042166215650,44,p2,client
5af0b051a904d8e96d3eb51c09b06533,8a0d8fa38f28efcd,productcatalogservice.ProductCatalogService.ListProducts,CHILD_OF,0a6fe38473f772eb,1751042166213415,36,p2,client
5af0b051a904d8e96d3eb51c09b06533,e3a63c19cc9fbfad,cartservice.CartService.GetCart,CHILD_OF,0a6fe38473f772eb,1751042166213453,1892,p2,client
5af0b051a904d8e96d3eb51c09b06533,43adcc6853f0e014,currencyservice.CurrencyService.Convert,CHILD_OF,0a6fe38473f772eb,1751042166215452,31,p2,client
5af0b051a904d8e96d3eb51c09b06533,17209f00156fba08,currencyservice.CurrencyService.Convert,CHILD_OF,0a6fe38473f772eb,1751042166215579,28,p2,client
5af0b051a904d8e96d3eb51c09b06533,94d5670d4fb2b6ce,currencyservice.CurrencyService.Convert,CHILD_OF,0a6fe38473f772eb,1751042166215608,38,p2,client
5af0b051a904d8e96d3eb51c09b06533,1c8ad9d7612cb8ac,productcatalogservice.ProductCatalogService.ListProducts,CHILD_OF,0a6fe38473f772eb,1751042166213371,42,p2,client
5af0b051a904d8e96d3eb51c09b06533,c7b385569ab016d9,currencyservice.CurrencyService.Convert,CHILD_OF,0a6fe38473f772eb,1751042166215384,33,p2,client
5af0b051a904d8e96d3eb51c09b06533,9b199ef1e034b5ab,currencyservice.CurrencyService.Convert,CHILD_OF,0a6fe38473f772eb,1751042166215484,34,p2,client
5af0b051a904d8e96d3eb51c09b06533,b08aa4ed3a850bde,currencyservice.CurrencyService.Convert,CHILD_OF,0a6fe38473f772eb,1751042166215551,27,p2,client
5af0b051a904d8e96d3eb51c09b06533,0a6fe38473f772eb,home,,,1751042166213192,2658,p2,server
5af0b051a904d8e96d3eb51c09b06533,86cf3fb6b41bdd1b,productcatalogservice.ProductCatalogService.ListProducts,CHILD_OF,0a6fe38473f772eb,1751042166213282,88,p2,client
5af0b051a904d8e96d3eb51c09b06533,8a181cd4cb43dfe8,currencyservice.CurrencyService.Convert,CHILD_OF,0a6fe38473f772eb,1751042166215418,33,p2,client
47254c7153873f310606696d640c39fe,14e9ba87e88ee2c8,productcatalogservice.ProductCatalogService.SearchProducts,CHILD_OF,f88ea1bc9ed130d9,1751042166219729,12,p1,server
47254c7153873f310606696d640c39fe,78acd7facb7b1ad1,recommendationservice.RecService.ListRecommendations,CHILD_OF,57bbc9c75bcbe6fa,1751042166219531,456,p2,client
47254c7153873f310606696d640c39fe,281c87c71921af59,productcatalogservice.ProductCatalogService.GetProducts,CHILD_OF,57bbc9c75bcbe6fa,1751042166220000,49,p2,client
47254c7153873f310606696d640c39fe,80cc179a4329e03f,currencyservice.CurrencyService.Convert,CHILD_OF,57bbc9c75bcbe6fa,1751042166220282,43,p2,client
47254c7153873f310606696d640c39fe,e0cabe6e580140c3,currencyservice.CurrencyService.Convert,CHILD_OF,57bbc9c75bcbe6fa,1751042166220376,30,p2,client
47254c7153873f310606696d640c39fe,d2e77698b5ce1175,productcatalogservice.ProductCatalogService.SearchProducts,CHILD_OF,2a7b699ea6a2d0a3,1751042166219651,40,p3,client
47254c7153873f310606696d640c39fe,076e77aae21a0ae3,cartservice.CartService.GetCart,CHILD_OF,0becb33eff6c2ba3,1751042166219420,85,p4,server
47254c7153873f310606696d640c39fe,90cafc8f303b360f,productcatalogservice.ProductCatalogService.GetProducts,CHILD_OF,57bbc9c75bcbe6fa,1751042166220051,41,p2,client
47254c7153873f310606696d640c39fe,80ce4dcc812368e2,currencyservice.CurrencyService.Convert,CHILD_OF,57bbc9c75bcbe6fa,1751042166220206,42,p2,client
47254c7153873f310606696d640c39fe,f88ea1bc9ed130d9,productcatalogservice.ProductCatalogService.SearchProducts,CHILD_OF,2a7b699ea6a2d0a3,1751042166219693,60,p3,client
47254c7153873f310606696d640c39fe,5ca8bd6a4de84644,productcatalogservice.ProductCatalogService.GetProducts,CHILD_OF,2a7b699ea6a2d0a3,1751042166219560,33,p3,client
47254c7153873f310606696d640c39fe,d6b22ce8117f622b,productcatalogservice.ProductCatalogService.GetProducts,CHILD_OF,8dc38ade262170b9,1751042166220111,7,p1,server
47254c7153873f310606696d640c39fe,6fc2d62474a60592,currencyservice.CurrencyService.GetSupportedCurrencies,CHILD_OF,57bbc9c75bcbe6fa,1751042166219335,56,p2,client
47254c7153873f310606696d640c39fe,4d1419d087728c9e,shippingservice.ShippingService.GetQuote,CHILD_OF,57bbc9c75bcbe6fa,1751042166220151,53,p2,client
47254c7153873f310606696d640c39fe,7ef841384a83286c,productcatalogservice.ProductCatalogService.GetProduct,CHILD_OF,57bbc9c75bcbe6fa,1751042166220250,31,p2,client
47254c7153873f310606696d640c39fe,03e3e91dd1578875,productcatalogservice.ProductCatalogService.GetProduct,CHILD_OF,57bbc9c75bcbe6fa,1751042166220326,48,p2,client
47254c7153873f310606696d640c39fe,2a7b699ea6a2d0a3,recommendationservice.RecService.ListRecommendations,CHILD_OF,78acd7facb7b1ad1,1751042166219558,204,p3,server
47254c7153873f310606696d640c39fe,000fd86de67f184f,productcatalogservice.ProductCatalogService.SearchProducts,CHILD_OF,2a7b699ea6a2d0a3,1751042166219595,55,p3,client
47254c7153873f310606696d640c39fe,0becb33eff6c2ba3,cartservice.CartService.GetCart,CHILD_OF,57bbc9c75bcbe6fa,1751042166219394,135,p2,client
47254c7153873f310606696d640c39fe,8dc38ade262170b9,productcatalogservice.ProductCatalogService.GetProducts,CHILD_OF,57bbc9c75bcbe6fa,1751042166220093,51,p2,client
47254c7153873f310606696d640c39fe,57bbc9c75bcbe6fa,cart,,,1751042166219319,1279,p2,server
5359e9f1294dec9dcca3b848acf52f36,30cfd987e79f70f7,cartservice.cartCache.Remove,CHILD_OF,1f39e205b549dc99,1751042166219500,66,p1,client
5359e9f1294dec9dcca3b848acf52f36,6d13c0eeec79e291,cartservice.CartService.EmptyCart,CHILD_OF,501dc9182d173000,1751042166219469,115,p2,client
5359e9f1294dec9dcca3b848acf52f36,501dc9182d173000,cart_empty,,,1751042166219453,153,p2,server
5359e9f1294dec9dcca3b848acf52f36,1f39e205b549dc99,cartservice.CartService.EmptyCart,CHILD_OF,6d13c0eeec79e291,1751042166219497,76,p1,server
59758f876cecd2f04171922a54a9a008,1367bf01ab97dca6,adservice.AdService.GetAds,CHILD_OF,72b25b7f621c7ff0,1751042166220949,53,p1,client
59758f876cecd2f04171922a54a9a008,72b25b7f621c7ff0,home,,,1751042166219964,1183,p1,server
59758f876cecd2f04171922a54a9a008,2a7972a250e31f54,currencyservice.CurrencyService.GetSupportedCurrencies,CHILD_OF,72b25b7f621c7ff0,1751042166219971,53,p1,client
59758f876cecd2f04171922a54a9a008,38c2829cb7658b09,productcatalogservice.ProductCatalogService.ListProducts,CHILD_OF,72b25b7f621c7ff0,1751042166220027,53,p1,client
59758f876cecd2f04171922a54a9a008,50653eb2d9ca1d51,currencyservice.CurrencyService.Convert,CHILD_OF,72b25b7f621c7ff0,1751042166220364,31,p1,client
59758f876cecd2f04171922a54a9a008,2a896edb4529bf02,productcatalogservice.ProductCatalogService.ListProducts,CHILD_OF,3a5ffe0075c1572d,1751042166220185,9,p2,server
59758f876cecd2f04171922a54a9a008,bc53e26d763b1cba,productcatalogservice.ProductCatalogService.ListProducts,CHILD_OF,72b25b7f621c7ff0,1751042166220081,87,p1,client
59758f876cecd2f04171922a54a9a008,3a5ffe0075c1572d,productcatalogservice.ProductCatalogService.ListProducts,CHILD_OF,72b25b7f621c7ff0,1751042166220170,56,p1,client
59758f876cecd2f04171922a54a9a008,39b9aa8d5e6faf9a,currencyservice.CurrencyService.Convert,CHILD_OF,72b25b7f621c7ff0,1751042166220397,230,p1,client
59758f876cecd2f04171922a54a9a008,8563b52924b3dc0c,currencyservice.CurrencyService.Convert,CHILD_OF,72b25b7f621c7ff0,1751042166220701,69,p1,client
59758f876cecd2f04171922a54a9a008,4a00f5978430dbfa,currencyservice.CurrencyService.Convert,CHILD_OF,72b25b7f621c7ff0,1751042166220841,35,p1,client
59758f876cecd2f04171922a54a9a008,e6c6895117e5bc36,currencyservice.CurrencyService.Convert,CHILD_OF,72b25b7f621c7ff0,1751042166220914,31,p1,client
59758f876cecd2f04171922a54a9a008,ac9751b522d060bb,cartservice.CartService.GetCart,CHILD_OF,72b25b7f621c7ff0,1751042166220228,134,p1,client
59758f876cecd2f04171922a54a9a008,1ce88ebd20e82891,currencyservice.CurrencyService.Convert,CHILD_OF,72b25b7f621c7ff0,1751042166220771,33,p1,client
59758f876cecd2f04171922a54a9a008,3c31eb0de757bc99,currencyservice.CurrencyService.Convert,CHILD_OF,72b25b7f621c7ff0,1751042166220805,35,p1,client
59758f876cecd2f04171922a54a9a008,2b36a1f470264ee7,currencyservice.CurrencyService.Convert,CHILD_OF,72b25b7f621c7ff0,1751042166220877,36,p1,client
59758f876cecd2f04171922a54a9a008,29d6888a53b5eaa4,currencyservice.CurrencyService.Convert,CHILD_OF,72b25b7f621c7ff0,1751042166220629,71,p1,client
a6604ddca8fd3b589f6bb9adf7c44c52,0089e6a9c6db5055,cartservice.CartService.EmptyCart,CHILD_OF,00cf73ddd35c11f4,1751042166221868,590,p1,client
a6604ddca8fd3b589f6bb9adf7c44c52,00cf73ddd35c11f4,cart_empty,,,1751042166221852,613,p1,server
98d497c86a736aa80ef724b89707338a,db1e43f973b725d4,productcatalogservice.ProductCatalogService.ListProducts,CHILD_OF,94466ddb152870b4,1751042166222840,52,p1,client
98d497c86a736aa80ef724b89707338a,52249bae7d43637d,currencyservice.CurrencyService.Convert,CHILD_OF,94466ddb152870b4,1751042166223486,35,p1,client
98d497c86a736aa80ef724b89707338a,fcd50c76fe06650a,currencyservice.CurrencyService.Convert,CHILD_OF,94466ddb152870b4,1751042166223523,31,p1,client
98d497c86a736aa80ef724b89707338a,af9c3c00debed634,currencyservice.CurrencyService.Convert,CHILD_OF,94466ddb152870b4,1751042166227714,345,p1,client
98d497c86a736aa80ef724b89707338a,94466ddb152870b4,home,,,1751042166222690,5617,p1,server
98d497c86a736aa80ef724b89707338a,815be534eb86fae5,productcatalogservice.ProductCatalogService.ListProducts,CHILD_OF,c7f3cdac182f3164,1751042166222910,8,p2,server
98d497c86a736aa80ef724b89707338a,620d2442cd32bdee,currencyservice.CurrencyService.GetSupportedCurrencies,CHILD_OF,94466ddb152870b4,1751042166222696,88,p1,client
98d497c86a736aa80ef724b89707338a,3dea710fb2dcb279,currencyservice.CurrencyService.Convert,CHILD_OF,94466ddb152870b4,1751042166223215,80,p1,client
98d497c86a736aa80ef724b89707338a,0ecef3ccb7f56eed,cartservice.CartService.GetCart,CHILD_OF,94466ddb152870b4,1751042166222930,283,p1,client
98d497c86a736aa80ef724b89707338a,6b6c6c5973b53092,currencyservice.CurrencyService.Convert,CHILD_OF,94466ddb152870b4,1751042166223417,33,p1,client
98d497c86a736aa80ef724b89707338a,a600158346b6da4c,currencyservice.CurrencyService.Convert,CHILD_OF,94466ddb152870b4,1751042166223452,32,p1,client
98d497c86a736aa80ef724b89707338a,92bb20dd19d0efd1,adservice.AdService.GetAds,CHILD_OF,94466ddb152870b4,1751042166228063,64,p1,client
98d497c86a736aa80ef724b89707338a,12d4a1658cb23346,productcatalogservice.ProductCatalogService.ListProducts,CHILD_OF,94466ddb152870b4,1751042166222787,52,p1,client
98d497c86a736aa80ef724b89707338a,c7f3cdac182f3164,productcatalogservice.ProductCatalogService.ListProducts,CHILD_OF,94466ddb152870b4,1751042166222893,35,p1,client
98d497c86a736aa80ef724b89707338a,61fe7b37b73ed807,currencyservice.CurrencyService.Convert,CHILD_OF,94466ddb152870b4,1751042166223297,84,p1,client
98d497c86a736aa80ef724b89707338a,7033a0372f402235,currencyservice.CurrencyService.Convert,CHILD_OF,94466ddb152870b4,1751042166223382,34,p1,client
98d497c86a736aa80ef724b89707338a,bb17be35d96f78a8,currencyservice.CurrencyService.Convert,CHILD_OF,94466ddb152870b4,1751042166223555,4154,p1,client
a6dc4da4f59b38f3d8b838e2c2a39e90,801b5fba55e9bbab,cartservice.CartService.GetCart,CHILD_OF,e205c915e372ff4c,1751042166228034,318,p1,client
a6dc4da4f59b38f3d8b838e2c2a39e90,e56fd1b9acbff446,productcatalogservice.ProductCatalogService.GetProducts,CHILD_OF,e205c915e372ff4c,1751042166228661,29,p1,client
a6dc4da4f59b38f3d8b838e2c2a39e90,e205c915e372ff4c,cart,,,1751042166227854,1054,p1,server
a6dc4da4f59b38f3d8b838e2c2a39e90,426e32d93574bfff,recommendationservice.RecService.ListRecommendations,CHILD_OF,e205c915e372ff4c,1751042166228353,194,p1,client
a6dc4da4f59b38f3d8b838e2c2a39e90,b9abc9d4827e5f13,productcatalogservice.ProductCatalogService.SearchProducts,CHILD_OF,8d64134f859f3ad9,1751042166228495,10,p2,server
a6dc4da4f59b38f3d8b838e2c2a39e90,557dbcd51722c8b3,productcatalogservice.ProductCatalogService.GetProducts,CHILD_OF,e205c915e372ff4c,1751042166228605,55,p1,client
a6dc4da4f59b38f3d8b838e2c2a39e90,4117a2b9bfea1368,currencyservice.CurrencyService.Convert,CHILD_OF,e205c915e372ff4c,1751042166228753,32,p1,client
a6dc4da4f59b38f3d8b838e2c2a39e90,6ed123e63e42a0e9,productcatalogservice.ProductCatalogService.GetProducts,CHILD_OF,e205c915e372ff4c,1751042166228554,49,p1,client
a6dc4da4f59b38f3d8b838e2c2a39e90,b307558d285736ea,shippingservice.ShippingService.GetQuote,CHILD_OF,e205c915e372ff4c,1751042166228700,51,p1,client
a6dc4da4f59b38f3d8b838e2c2a39e90,7d789bb3bc0268b4,productcatalogservice.ProductCatalogService.GetProducts,CHILD_OF,e56fd1b9acbff446,1751042166228676,8,p2,server
a6dc4da4f59b38f3d8b838e2c2a39e90,f513c6d6ada9d05a,recommendationservice.RecService.ListRecommendations,CHILD_OF,426e32d93574bfff,1751042166228381,148,p3,server
a6dc4da4f59b38f3d8b838e2c2a39e90,b48a547b40beaf46,productcatalogservice.ProductCatalogService.SearchProducts,CHILD_OF,f513c6d6ada9d05a,1751042166228439,33,p3,client
a6dc4da4f59b38f3d8b838e2c2a39e90,79b1954773e9e1e4,currencyservice.CurrencyService.GetSupportedCurrencies,CHILD_OF,e205c915e372ff4c,1751042166227866,163,p1,client
a6dc4da4f59b38f3d8b838e2c2a39e90,222b59fa53963a4f,productcatalogservice.ProductCatalogService.SearchProducts,CHILD_OF,f513c6d6ada9d05a,1751042166228383,55,p3,client
a6dc4da4f59b38f3d8b838e2c2a39e90,8d64134f859f3ad9,productcatalogservice.ProductCatalogService.SearchProducts,CHILD_OF,f513c6d6ada9d05a,1751042166228473,45,p3,client
4fb5d12071c4ff547202c3a154d40e55,498f287c81bd78ca,cartservice.CartService.EmptyCart,CHILD_OF,a6f44471d024c569,1751042166231053,125,p1,client
4fb5d12071c4ff547202c3a154d40e55,a6f44471d024c569,cart_empty,,,1751042166231030,156,p1,server
eb49703bee4c8cc7c960de64754b69cf,908b3dc553e0e767,productcatalogservice.ProductCatalogService.SearchProducts,CHILD_OF,cbbb096df45892c4,1751042166241743,74,p1,client
eb49703bee4c8cc7c960de64754b69cf,5c33376bb75e4ce6,productcatalogservice.ProductCatalogService.SearchProducts,CHILD_OF,cbbb096df45892c4,1751042166241819,51,p1,client
eb49703bee4c8cc7c960de64754b69cf,cbbb096df45892c4,recommendationservice.RecService.ListRecommendations,CHILD_OF,f4716fec1089bf3e,1751042166241688,232,p1,server
eb49703bee4c8cc7c960de64754b69cf,554618dbaad1ed5f,productcatalogservice.ProductCatalogService.GetProduct,CHILD_OF,1220ae4b59831813,1751042166241292,88,p2,client
eb49703bee4c8cc7c960de64754b69cf,0ea366e420ee25c0,currencyservice.CurrencyService.GetSupportedCurrencies,CHILD_OF,1220ae4b59831813,1751042166241383,110,p2,client
eb49703bee4c8cc7c960de64754b69cf,4ffb7ab78f82e254,adservice.AdService.GetAds,CHILD_OF,1220ae4b59831813,1751042166242239,41,p2,client
eb49703bee4c8cc7c960de64754b69cf,3dd6e24955e575c0,productcatalogservice.ProductCatalogService.GetProducts,CHILD_OF,fd5168d9d0fc3136,1751042166242201,9,p3,server
eb49703bee4c8cc7c960de64754b69cf,52638e35a1cccba2,productcatalogservice.ProductCatalogService.SearchProducts,CHILD_OF,cbbb096df45892c4,1751042166241872,39,p1,client
eb49703bee4c8cc7c960de64754b69cf,1b3a138ca44a94e6,cartservice.CartService.GetCart,CHILD_OF,1220ae4b59831813,1751042166241497,116,p2,client
eb49703bee4c8cc7c960de64754b69cf,52a35e31a02ff429,currencyservice.CurrencyService.Convert,CHILD_OF,1220ae4b59831813,1751042166241616,38,p2,client
eb49703bee4c8cc7c960de64754b69cf,f4716fec1089bf3e,recommendationservice.RecService.ListRecommendations,CHILD_OF,1220ae4b59831813,1751042166241656,311,p2,client
eb49703bee4c8cc7c960de64754b69cf,fd5168d9d0fc3136,productcatalogservice.ProductCatalogService.GetProducts,CHILD_OF,1220ae4b59831813,1751042166242183,52,p2,client
eb49703bee4c8cc7c960de64754b69cf,1220ae4b59831813,product,,,1751042166241259,1167,p2,server
eb49703bee4c8cc7c960de64754b69cf,2297eea7c9442f2f,productcatalogservice.ProductCatalogService.SearchProducts,CHILD_OF,52638e35a1cccba2,1751042166241891,10,p3,server
eb49703bee4c8cc7c960de64754b69cf,64e30d38adee28cd,productcatalogservice.ProductCatalogService.GetProducts,CHILD_OF,cbbb096df45892c4,1751042166241690,51,p1,client
eb49703bee4c8cc7c960de64754b69cf,bc53d191cf4fe06f,productcatalogservice.ProductCatalogService.GetProducts,CHILD_OF,1220ae4b59831813,1751042166242121,61,p2,client
eb49703bee4c8cc7c960de64754b69cf,7f2eb38a24682d52,productcatalogservice.ProductCatalogService.GetProducts,CHILD_OF,1220ae4b59831813,1751042166241970,150,p2,client
078dac510d7a174155878b75b3f0a592,09511642e80812a5,productcatalogservice.ProductCatalogService.SearchProducts,CHILD_OF,81d434d577670ba9,1751042166254185,15,p1,server
078dac510d7a174155878b75b3f0a592,c7522dc1843ee94d,productcatalogservice.ProductCatalogService.SearchProducts,CHILD_OF,0112d20101db2639,1751042166254120,40,p2,client
078dac510d7a174155878b75b3f0a592,727dfa713a09bc8e,currencyservice.CurrencyService.GetSupportedCurrencies,CHILD_OF,6b669dd0a22bf217,1751042166253763,52,p3,client
078dac510d7a174155878b75b3f0a592,89321356b80a56f4,currencyservice.CurrencyService.Convert,CHILD_OF,6b669dd0a22bf217,1751042166253946,40,p3,client
078dac510d7a174155878b75b3f0a592,a430d58c75c20a1d,recommendationservice.RecService.ListRecommendations,CHILD_OF,6b669dd0a22bf217,1751042166253987,240,p3,client
078dac510d7a174155878b75b3f0a592,5e50cf6d1c444198,productcatalogservice.ProductCatalogService.GetProducts,CHILD_OF,6b669dd0a22bf217,1751042166254230,46,p3,client
078dac510d7a174155878b75b3f0a592,f6a8dd65179053e8,adservice.AdService.GetAds,CHILD_OF,6b669dd0a22bf217,1751042166254355,45,p3,client
078dac510d7a174155878b75b3f0a592,8e0176ffa4e39263,productcatalogservice.ProductCatalogService.GetProducts,CHILD_OF,0112d20101db2639,1751042166254019,37,p2,client
078dac510d7a174155878b75b3f0a592,0112d20101db2639,recommendationservice.RecService.ListRecommendations,CHILD_OF,a430d58c75c20a1d,1751042166254017,201,p2,server
078dac510d7a174155878b75b3f0a592,cd1814af3f24a2b2,cartservice.CartService.GetCart,CHILD_OF,6b669dd0a22bf217,1751042166253818,126,p3,client
078dac510d7a174155878b75b3f0a592,6b9b14cc804d2df9,productcatalogservice.ProductCatalogService.GetProducts,CHILD_OF,6b669dd0a22bf217,1751042166254318,33,p3,client
078dac510d7a174155878b75b3f0a592,1e1f8e095fdd2645,productcatalogservice.ProductCatalogService.GetProducts,CHILD_OF,6b9b14cc804d2df9,1751042166254335,9,p1,server
078dac510d7a174155878b75b3f0a592,6b669dd0a22bf217,product,,,1751042166253639,883,p3,server
078dac510d7a174155878b75b3f0a592,9898ae18343ff437,productcatalogservice.ProductCatalogService.GetProduct,CHILD_OF,6b669dd0a22bf217,1751042166253657,104,p3,client
078dac510d7a174155878b75b3f0a592,a63e95fe69118b0d,productcatalogservice.ProductCatalogService.SearchProducts,CHILD_OF,0112d20101db2639,1751042166254058,60,p2,client
078dac510d7a174155878b75b3f0a592,81d434d577670ba9,productcatalogservice.ProductCatalogService.SearchProducts,CHILD_OF,0112d20101db2639,1751042166254162,47,p2,client
078dac510d7a174155878b75b3f0a592,a4213233b2d540ed,productcatalogservice.ProductCatalogService.GetProducts,CHILD_OF,6b669dd0a22bf217,1751042166254277,40,p3,client
3dfe1f2b0de515f2a82d7e80dcd7b7e6,eb64533a746d5101,cart,,,1751042166257936,374,p1,server
3dfe1f2b0de515f2a82d7e80dcd7b7e6,7ad7d75e980ac893,productcatalogservice.ProductCatalogService.GetProduct,CHILD_OF,eb64533a746d5101,1751042166257961,110,p1,client
3dfe1f2b0de515f2a82d7e80dcd7b7e6,f859e53f033e9dbf,cartservice.CartService.AddItem,CHILD_OF,eb64533a746d5101,1751042166258074,229,p1,client
912daa5208fa3f82a19c65a700777d79,2fd8b6d7a9c5c53d,productcatalogservice.ProductCatalogService.GetProducts,CHILD_OF,e64649338ce2efff,1751042166260971,37,p1,client
912daa5208fa3f82a19c65a700777d79,681b5c828af1470a,shippingservice.ShippingService.GetQuote,CHILD_OF,e64649338ce2efff,1751042166261049,48,p1,client
912daa5208fa3f82a19c65a700777d79,833987c5af4cc46c,productcatalogservice.ProductCatalogService.GetProducts,CHILD_OF,b7d575afc5385abb,1751042166261027,10,p2,server
912daa5208fa3f82a19c65a700777d79,0781ac90459355f6,productcatalogservice.ProductCatalogService.SearchProducts,CHILD_OF,dba60d57cff00ba4,1751042166260756,52,p3,client
912daa5208fa3f82a19c65a700777d79,80e56f2943cdba54,productcatalogservice.ProductCatalogService.SearchProducts,CHILD_OF,dba60d57cff00ba4,1751042166260810,42,p3,client
912daa5208fa3f82a19c65a700777d79,fd962c2229eebfe6,cartservice.CartService.GetCart,CHILD_OF,e64649338ce2efff,1751042166260456,128,p1,client
912daa5208fa3f82a19c65a700777d79,ed1106fdebcef524,recommendationservice.RecService.ListRecommendations,CHILD_OF,e64649338ce2efff,1751042166260586,336,p1,client
912daa5208fa3f82a19c65a700777d79,9645a89c1148cc19,currencyservice.CurrencyService.Convert,CHILD_OF,e64649338ce2efff,1751042166261099,45,p1,client
912daa5208fa3f82a19c65a700777d79,80bb828f8c8a3d2b,currencyservice.CurrencyService.Convert,CHILD_OF,e64649338ce2efff,1751042166261342,38,p1,client
912daa5208fa3f82a19c65a700777d79,bc9f649e650b2842,currencyservice.CurrencyService.Convert,CHILD_OF,e64649338ce2efff,1751042166261414,33,p1,client
912daa5208fa3f82a19c65a700777d79,f15426e69abf0616,productcatalogservice.ProductCatalogService.GetProducts,CHILD_OF,d770e81d60e05998,1751042166260735,8,p2,server
912daa5208fa3f82a19c65a700777d79,dba60d57cff00ba4,recommendationservice.RecService.ListRecommendations,CHILD_OF,ed1106fdebcef524,1751042166260614,294,p3,server
912daa5208fa3f82a19c65a700777d79,d770e81d60e05998,productcatalogservice.ProductCatalogService.GetProducts,CHILD_OF,dba60d57cff00ba4,1751042166260708,45,p3,client
912daa5208fa3f82a19c65a700777d79,80018faf692c795b,productcatalogservice.ProductCatalogService.GetProducts,CHILD_OF,dba60d57cff00ba4,1751042166260663,44,p3,client
912daa5208fa3f82a19c65a700777d79,2cc5059e0984e55e,currencyservice.CurrencyService.GetSupportedCurrencies,CHILD_OF,e64649338ce2efff,1751042166260402,51,p1,client
912daa5208fa3f82a19c65a700777d79,f74611dc1795cb79,productcatalogservice.ProductCatalogService.GetProducts,CHILD_OF,e64649338ce2efff,1751042166260925,45,p1,client
912daa5208fa3f82a19c65a700777d79,b7d575afc5385abb,productcatalogservice.ProductCatalogService.GetProducts,CHILD_OF,e64649338ce2efff,1751042166261010,37,p1,client
912daa5208fa3f82a19c65a700777d79,cb792da645539396,productcatalogservice.ProductCatalogService.GetProduct,CHILD_OF,e64649338ce2efff,1751042166261300,41,p1,client
912daa5208fa3f82a19c65a700777d79,45a91819275f80f2,productcatalogservice.ProductCatalogService.SearchProducts,CHILD_OF,3bb5e14739682534,1751042166260870,16,p2,server
912daa5208fa3f82a19c65a700777d79,d9e86910715ab405,productcatalogservice.ProductCatalogService.GetProducts,CHILD_OF,dba60d57cff00ba4,1751042166260616,46,p3,client
912daa5208fa3f82a19c65a700777d79,e6535c1dce7a9dd7,productcatalogservice.ProductCatalogService.GetProduct,CHILD_OF,e64649338ce2efff,1751042166261146,34,p1,client
912daa5208fa3f82a19c65a700777d79,ce36747b877ba08a,currencyservice.CurrencyService.Convert,CHILD_OF,e64649338ce2efff,1751042166261182,37,p1,client
912daa5208fa3f82a19c65a700777d79,e64649338ce2efff,cart,,,1751042166260386,1268,p1,server
912daa5208fa3f82a19c65a700777d79,807033ca57950390,productcatalogservice.ProductCatalogService.GetProduct,CHILD_OF,e64649338ce2efff,1751042166261381,32,p1,client
912daa5208fa3f82a19c65a700777d79,172990fc2c3d7e17,productcatalogservice.ProductCatalogService.GetProduct,CHILD_OF,e64649338ce2efff,1751042166261220,43,p1,client
912daa5208fa3f82a19c65a700777d79,2d0a3a000fcb5bc0,currencyservice.CurrencyService.Convert,CHILD_OF,e64649338ce2efff,1751042166261264,35,p1,client
912daa5208fa3f82a19c65a700777d79,055fb4e896848796,productcatalogservice.ProductCatalogService.GetProduct,CHILD_OF,807033ca57950390,1751042166261396,9,p2,server
912daa5208fa3f82a19c65a700777d79,3bb5e14739682534,productcatalogservice.ProductCatalogService.SearchProducts,CHILD_OF,dba60d57cff00ba4,1751042166260854,44,p3,client
d6a88b014488f18c7cf87b174051396a,f90d038fe8a2c5d4,setcurrency,,,1751042166261697,18,p1,server
665969769702708cb18ab7da57129195,f9f38352f1fc7a05,currencyservice.CurrencyService.Convert,CHILD_OF,eacf6bb39cf4ba2c,1751042166262431,33,p1,client
665969769702708cb18ab7da57129195,e0a4254154e1a8a6,productcatalogservice.ProductCatalogService.ListProducts,CHILD_OF,eacf6bb39cf4ba2c,1751042166262169,38,p1,client
665969769702708cb18ab7da57129195,37d932b673637acc,cartservice.CartService.GetCart,CHILD_OF,eacf6bb39cf4ba2c,1751042166262208,151,p1,client
665969769702708cb18ab7da57129195,82b9f836fa539024,currencyservice.CurrencyService.Convert,CHILD_OF,eacf6bb39cf4ba2c,1751042166262627,30,p1,client
665969769702708cb18ab7da57129195,4ac6635785341d1d,currencyservice.CurrencyService.Convert,CHILD_OF,eacf6bb39cf4ba2c,1751042166262361,33,p1,client
665969769702708cb18ab7da57129195,70edf69374e81474,cartservice.CartService.GetCart,CHILD_OF,37d932b673637acc,1751042166262234,114,p2,server
665969769702708cb18ab7da57129195,fba7c460858a8b9d,productcatalogservice.ProductCatalogService.ListProducts,CHILD_OF,e0a4254154e1a8a6,1751042166262189,7,p3,server
665969769702708cb18ab7da57129195,3679c5089044d987,currencyservice.CurrencyService.GetSupportedCurrencies,CHILD_OF,eacf6bb39cf4ba2c,1751042166262012,63,p1,client
665969769702708cb18ab7da57129195,33b0b44f19756ad4,currencyservice.CurrencyService.Convert,CHILD_OF,eacf6bb39cf4ba2c,1751042166262396,34,p1,client
665969769702708cb18ab7da57129195,12debc1a54dceda9,currencyservice.CurrencyService.Convert,CHILD_OF,eacf6bb39cf4ba2c,1751042166262532,33,p1,client
665969769702708cb18ab7da57129195,3047727383d5c752,currencyservice.CurrencyService.Convert,CHILD_OF,eacf6bb39cf4ba2c,1751042166262465,33,p1,client
665969769702708cb18ab7da57129195,7873220f91bceb62,productcatalogservice.ProductCatalogService.ListProducts,CHILD_OF,eacf6bb39cf4ba2c,1751042166262078,49,p1,client
665969769702708cb18ab7da57129195,b5e21706549349b5,currencyservice.CurrencyService.Convert,CHILD_OF,eacf6bb39cf4ba2c,1751042166262566,29,p1,client
665969769702708cb18ab7da57129195,52cd7e4db75e6cee,adservice.AdService.GetAds,CHILD_OF,eacf6bb39cf4ba2c,1751042166262662,49,p1,client
665969769702708cb18ab7da57129195,eacf6bb39cf4ba2c,home,,,1751042166261994,890,p1,server
665969769702708cb18ab7da57129195,19b680ea0e6c6fe0,currencyservice.CurrencyService.Convert,CHILD_OF,eacf6bb39cf4ba2c,1751042166262596,30,p1,client
665969769702708cb18ab7da57129195,74a137712ba7f51d,currencyservice.CurrencyService.Convert,CHILD_OF,eacf6bb39cf4ba2c,1751042166262500,31,p1,client
665969769702708cb18ab7da57129195,865814466f2f4362,productcatalogservice.ProductCatalogService.ListProducts,CHILD_OF,eacf6bb39cf4ba2c,1751042166262128,40,p1,client
d6a6a0422693c6e6cdf679eda4fe3f81,97343607d8e9691b,productcatalogservice.ProductCatalogService.SearchProducts,CHILD_OF,0a10f65faec6ff42,1751042166265316,57,p1,client
d6a6a0422693c6e6cdf679eda4fe3f81,0a10f65faec6ff42,recommendationservice.RecService.ListRecommendations,CHILD_OF,2e57667e2942451b,1751042166265281,292,p1,server
d6a6a0422693c6e6cdf679eda4fe3f81,36d855ad2e08c38a,cartservice.CartService.GetCart,CHILD_OF,de33f1d6bf456056,1751042166265096,119,p2,client
d6a6a0422693c6e6cdf679eda4fe3f81,8d3c2fce734a3c9a,productcatalogservice.ProductCatalogService.GetProducts,CHILD_OF,de33f1d6bf456056,1751042166265584,46,p2,client
d6a6a0422693c6e6cdf679eda4fe3f81,4375509584b5b276,productcatalogservice.ProductCatalogService.GetProducts,CHILD_OF,de33f1d6bf456056,1751042166265681,254,p2,client
d6a6a0422693c6e6cdf679eda4fe3f81,53ad3787b2c021f5,adservice.AdService.GetAds,CHILD_OF,de33f1d6bf456056,1751042166265939,124,p2,client
d6a6a0422693c6e6cdf679eda4fe3f81,c4727b50643d5dcf,productcatalogservice.ProductCatalogService.GetProducts,CHILD_OF,de33f1d6bf456056,1751042166265631,49,p2,client
d6a6a0422693c6e6cdf679eda4fe3f81,dccd25eb32b0acf5,productcatalogservice.ProductCatalogService.GetProduct,CHILD_OF,de33f1d6bf456056,1751042166264991,61,p2,client
d6a6a0422693c6e6cdf679eda4fe3f81,23185e30e22ebe08,currencyservice.CurrencyService.GetSupportedCurrencies,CHILD_OF,de33f1d6bf456056,1751042166265054,39,p2,client
d6a6a0422693c6e6cdf679eda4fe3f81,de33f1d6bf456056,product,,,1751042166264975,1211,p2,server
d6a6a0422693c6e6cdf679eda4fe3f81,e121b0098e88823a,productcatalogservice.ProductCatalogService.GetProducts,CHILD_OF,0a10f65faec6ff42,1751042166265283,31,p1,client
d6a6a0422693c6e6cdf679eda4fe3f81,918402ded55d3be0,productcatalogservice.ProductCatalogService.SearchProducts,CHILD_OF,0a10f65faec6ff42,1751042166265375,41,p1,client
d6a6a0422693c6e6cdf679eda4fe3f81,f3e0a11b90065b01,productcatalogservice.ProductCatalogService.SearchProducts,CHILD_OF,0a10f65faec6ff42,1751042166265417,146,p1,client
d6a6a0422693c6e6cdf679eda4fe3f81,578c282baf01c2eb,currencyservice.CurrencyService.Convert,CHILD_OF,de33f1d6bf456056,1751042166265217,35,p2,client
d6a6a0422693c6e6cdf679eda4fe3f81,2e57667e2942451b,recommendationservice.RecService.ListRecommendations,CHILD_OF,de33f1d6bf456056,1751042166265254,328,p2,client
edb0e597eb93fc41ed8fd301fa88c10d,8eb6c06a6bd4b9aa,cartservice.CartService.EmptyCart,CHILD_OF,1b18f5db656008ec,1751042166265870,116,p1,client
edb0e597eb93fc41ed8fd301fa88c10d,1b18f5db656008ec,cart_empty,,,1751042166265855,137,p1,server
e5fc8a4d58beb5965546470009d66f76,f563338c89304d1f,currencyservice.CurrencyService.Convert,CHILD_OF,72788a47aa764443,1751042166267144,48,p1,client
e5fc8a4d58beb5965546470009d66f76,892015b7c1a6b260,currencyservice.CurrencyService.Convert,CHILD_OF,72788a47aa764443,1751042166267194,26,p1,client
e5fc8a4d58beb5965546470009d66f76,3b4b1399eb8c6cc0,currencyservice.CurrencyService.Convert,CHILD_OF,72788a47aa764443,1751042166267069,37,p1,client
e5fc8a4d58beb5965546470009d66f76,a989948ea1956b38,currencyservice.CurrencyService.Convert,CHILD_OF,72788a47aa764443,1751042166267107,36,p1,client
e5fc8a4d58beb5965546470009d66f76,d053439be758497c,productcatalogservice.ProductCatalogService.ListProducts,CHILD_OF,72788a47aa764443,1751042166266399,35,p1,client
e5fc8a4d58beb5965546470009d66f76,524558d5ed164e77,currencyservice.CurrencyService.Convert,CHILD_OF,72788a47aa764443,1751042166267029,39,p1,client
e5fc8a4d58beb5965546470009d66f76,90ca542c7c54dff0,currencyservice.CurrencyService.GetSupportedCurrencies,CHILD_OF,72788a47aa764443,1751042166266270,68,p1,client
e5fc8a4d58beb5965546470009d66f76,7aca3ffdd92d37c3,productcatalogservice.ProductCatalogService.ListProducts,CHILD_OF,72788a47aa764443,1751042166266438,270,p1,client
e5fc8a4d58beb5965546470009d66f76,9e74f532e7e30ad4,cartservice.CartService.GetCart,CHILD_OF,72788a47aa764443,1751042166266709,216,p1,client
e5fc8a4d58beb5965546470009d66f76,cf049738288d5d0d,currencyservice.CurrencyService.Convert,CHILD_OF,72788a47aa764443,1751042166266928,100,p1,client
e5fc8a4d58beb5965546470009d66f76,642dd6e5fe5a84d1,currencyservice.CurrencyService.Convert,CHILD_OF,72788a47aa764443,1751042166267221,69,p1,client
e5fc8a4d58beb5965546470009d66f76,42bc51672fcea4b4,currencyservice.CurrencyService.Convert,CHILD_OF,72788a47aa764443,1751042166267292,33,p1,client
e5fc8a4d58beb5965546470009d66f76,3c245a01b8e0c4dc,currencyservice.CurrencyService.Convert,CHILD_OF,72788a47aa764443,1751042166267326,42,p1,client
e5fc8a4d58beb5965546470009d66f76,a425c68a3986ed23,adservice.AdService.GetAds,CHILD_OF,72788a47aa764443,1751042166267372,48,p1,client
e5fc8a4d58beb5965546470009d66f76,72788a47aa764443,home,,,1751042166266263,1332,p1,server
e5fc8a4d58beb5965546470009d66f76,1d410b83b736a75e,productcatalogservice.ProductCatalogService.ListProducts,CHILD_OF,72788a47aa764443,1751042166266342,55,p1,client
3d4936b17c15744ed2921c74f4406297,80a4a2ca32e83540,cartservice.CartService.EmptyCart,CHILD_OF,690b69695341487b,1751042166266864,76,p1,client
3d4936b17c15744ed2921c74f4406297,690b69695341487b,cart_empty,,,1751042166266850,95,p1,server
ff2649674870a9c5a94d76121feef567,ff9d69c238a36af8,productcatalogservice.ProductCatalogService.ListProducts,CHILD_OF,123468f728fa5f38,1751042166267307,31,p1,client
ff2649674870a9c5a94d76121feef567,53fb661a2ca3041e,currencyservice.CurrencyService.Convert,CHILD_OF,123468f728fa5f38,1751042166267620,66,p1,client
ff2649674870a9c5a94d76121feef567,ab2b202332b9e39e,currencyservice.CurrencyService.Convert,CHILD_OF,123468f728fa5f38,1751042166267740,33,p1,client
ff2649674870a9c5a94d76121feef567,abe380e2babfa8ac,currencyservice.CurrencyService.Convert,CHILD_OF,123468f728fa5f38,1751042166267890,33,p1,client
ff2649674870a9c5a94d76121feef567,4f340956582836fb,adservice.AdService.GetAds,CHILD_OF,123468f728fa5f38,1751042166267996,45,p1,client
ff2649674870a9c5a94d76121feef567,0f2c456b572f4687,currencyservice.CurrencyService.Convert,CHILD_OF,123468f728fa5f38,1751042166267774,44,p1,client
ff2649674870a9c5a94d76121feef567,292892a01fe24f52,currencyservice.CurrencyService.Convert,CHILD_OF,123468f728fa5f38,1751042166267819,33,p1,client
ff2649674870a9c5a94d76121feef567,5a90fb5278082815,currencyservice.CurrencyService.Convert,CHILD_OF,123468f728fa5f38,1751042166267853,36,p1,client
ff2649674870a9c5a94d76121feef567,7d4e65a52cb4c336,currencyservice.CurrencyService.Convert,CHILD_OF,123468f728fa5f38,1751042166267924,37,p1,client
ff2649674870a9c5a94d76121feef567,cb88c7cba42010b5,currencyservice.CurrencyService.Convert,CHILD_OF,123468f728fa5f38,1751042166267962,31,p1,client
ff2649674870a9c5a94d76121feef567,25aac3970864bf85,productcatalogservice.ProductCatalogService.ListProducts,CHILD_OF,123468f728fa5f38,1751042166267208,97,p1,client
ff2649674870a9c5a94d76121feef567,78b7c9dd0e698c6b,productcatalogservice.ProductCatalogService.ListProducts,CHILD_OF,123468f728fa5f38,1751042166267339,46,p1,client
ff2649674870a9c5a94d76121feef567,78c6ae6970762c18,cartservice.CartService.GetCart,CHILD_OF,123468f728fa5f38,1751042166267386,232,p1,client
ff2649674870a9c5a94d76121feef567,5e19f44dcdac82d5,currencyservice.CurrencyService.Convert,CHILD_OF,123468f728fa5f38,1751042166267687,52,p1,client
ff2649674870a9c5a94d76121feef567,123468f728fa5f38,home,,,1751042166267169,1010,p1,server
ff2649674870a9c5a94d76121feef567,0fc7592cdb20729a,currencyservice.CurrencyService.GetSupportedCurrencies,CHILD_OF,123468f728fa5f38,1751042166267174,31,p1,client
53bce6cad29b833496eb19ac41e3b4ea,23ced68c30e93d26,productcatalogservice.ProductCatalogService.GetProduct,CHILD_OF,89c8c4f22c9c96b4,1751042166272949,72,p1,client
53bce6cad29b833496eb19ac41e3b4ea,41d74bd18c3c445b,cartservice.CartService.AddItem,CHILD_OF,89c8c4f22c9c96b4,1751042166273023,195,p1,client
53bce6cad29b833496eb19ac41e3b4ea,89c8c4f22c9c96b4,cart,,,1751042166272927,299,p1,server
fe48e6921093dd0249b73b12da187048,d7085d5ede5c1ca6,recommendationservice.RecService.ListRecommendations,CHILD_OF,d4d2dead0bfd3bfe,1751042166273638,297,p1,client
fe48e6921093dd0249b73b12da187048,acb78dadbb827378,productcatalogservice.ProductCatalogService.GetProducts,CHILD_OF,d4d2dead0bfd3bfe,1751042166274020,49,p1,client
fe48e6921093dd0249b73b12da187048,1a0fb6b399e6c2fc,currencyservice.CurrencyService.Convert,CHILD_OF,d4d2dead0bfd3bfe,1751042166274113,36,p1,client
fe48e6921093dd0249b73b12da187048,b6e5fce3d5b65c0f,productcatalogservice.ProductCatalogService.GetProducts,CHILD_OF,d4d2dead0bfd3bfe,1751042166273937,46,p1,client
fe48e6921093dd0249b73b12da187048,a0341501a19c1f94,currencyservice.CurrencyService.GetSupportedCurrencies,CHILD_OF,d4d2dead0bfd3bfe,1751042166273433,48,p1,client
fe48e6921093dd0249b73b12da187048,d4d2dead0bfd3bfe,cart,,,1751042166273429,971,p1,server
fe48e6921093dd0249b73b12da187048,f71506b64e37f772,currencyservice.CurrencyService.Convert,CHILD_OF,d4d2dead0bfd3bfe,1751042166274194,29,p1,client
fe48e6921093dd0249b73b12da187048,efa52e1cd4c476e2,productcatalogservice.ProductCatalogService.GetProducts,CHILD_OF,d4d2dead0bfd3bfe,1751042166273984,35,p1,client
fe48e6921093dd0249b73b12da187048,c1206909539d9d59,shippingservice.ShippingService.GetQuote,CHILD_OF,d4d2dead0bfd3bfe,1751042166274072,40,p1,client
fe48e6921093dd0249b73b12da187048,b40eae1c479c9ce4,productcatalogservice.ProductCatalogService.GetProduct,CHILD_OF,d4d2dead0bfd3bfe,1751042166274151,41,p1,client
fe48e6921093dd0249b73b12da187048,2b1df28d3fa2eff9,cartservice.CartService.GetCart,CHILD_OF,d4d2dead0bfd3bfe,1751042166273485,136,p1,client
ca10da7cbe8760115b2cf465d5eb6afc,03141836a0bde4a6,currencyservice.CurrencyService.Convert,CHILD_OF,1caf9d649efb0d09,1751042166274099,38,p1,client
ca10da7cbe8760115b2cf465d5eb6afc,a9008f6e0b748a6e,currencyservice.CurrencyService.Convert,CHILD_OF,1caf9d649efb0d09,1751042166274511,133,p1,client
ca10da7cbe8760115b2cf465d5eb6afc,769602ce168252ce,currencyservice.CurrencyService.GetSupportedCurrencies,CHILD_OF,1caf9d649efb0d09,1751042166273703,85,p1,client
ca10da7cbe8760115b2cf465d5eb6afc,43ddda54e2ec399e,cartservice.CartService.GetCart,CHILD_OF,1caf9d649efb0d09,1751042166273969,83,p1,client
ca10da7cbe8760115b2cf465d5eb6afc,17120c8ea1b6c493,currencyservice.CurrencyService.Convert,CHILD_OF,1caf9d649efb0d09,1751042166274180,32,p1,client
ca10da7cbe8760115b2cf465d5eb6afc,d692a7be5e4ecf7b,productcatalogservice.ProductCatalogService.ListProducts,CHILD_OF,1caf9d649efb0d09,1751042166273791,76,p1,client
ca10da7cbe8760115b2cf465d5eb6afc,aafecd52bfee2dcc,productcatalogservice.ProductCatalogService.ListProducts,CHILD_OF,1caf9d649efb0d09,1751042166273916,51,p1,client
ca10da7cbe8760115b2cf465d5eb6afc,6428d89b19ecfb63,currencyservice.CurrencyService.Convert,CHILD_OF,1caf9d649efb0d09,1751042166274055,42,p1,client
ca10da7cbe8760115b2cf465d5eb6afc,84bdbe757bb5cd66,currencyservice.CurrencyService.Convert,CHILD_OF,1caf9d649efb0d09,1751042166274646,223,p1,client
ca10da7cbe8760115b2cf465d5eb6afc,bb42c35cbb13fa61,currencyservice.CurrencyService.Convert,CHILD_OF,1caf9d649efb0d09,1751042166274919,48,p1,client
ca10da7cbe8760115b2cf465d5eb6afc,0fa892175fced837,productcatalogservice.ProductCatalogService.ListProducts,CHILD_OF,1caf9d649efb0d09,1751042166273868,47,p1,client
ca10da7cbe8760115b2cf465d5eb6afc,cd8d3f51a5e66dad,currencyservice.CurrencyService.Convert,CHILD_OF,1caf9d649efb0d09,1751042166274138,40,p1,client
ca10da7cbe8760115b2cf465d5eb6afc,0a8a08ebc9bdf929,currencyservice.CurrencyService.Convert,CHILD_OF,1caf9d649efb0d09,1751042166274213,296,p1,client
ca10da7cbe8760115b2cf465d5eb6afc,9813a5f4f804920e,currencyservice.CurrencyService.Convert,CHILD_OF,1caf9d649efb0d09,1751042166274870,48,p1,client
ca10da7cbe8760115b2cf465d5eb6afc,22999f0abcf71339,adservice.AdService.GetAds,CHILD_OF,1caf9d649efb0d09,1751042166274971,54,p1,client
ca10da7cbe8760115b2cf465d5eb6afc,1caf9d649efb0d09,home,,,1751042166273687,1498,p1,server
be8711ae553669df09a1acec85838910,eccfd5b7047d8e61,currencyservice.CurrencyService.GetSupportedCurrencies,CHILD_OF,ef4b87256ce80492,1751042166274524,107,p1,client
be8711ae553669df09a1acec85838910,602efa82ca0f7e8f,recommendationservice.RecService.ListRecommendations,CHILD_OF,bfef7900fd5bbc50,1751042166274956,218,p2,server
be8711ae553669df09a1acec85838910,d4c110ca4b368005,adservice.AdService.GetAds,CHILD_OF,ef4b87256ce80492,1751042166275416,45,p1,client
be8711ae553669df09a1acec85838910,bfef7900fd5bbc50,recommendationservice.RecService.ListRecommendations,CHILD_OF,ef4b87256ce80492,1751042166274931,333,p1,client
be8711ae553669df09a1acec85838910,ef4b87256ce80492,product,,,1751042166274460,1108,p1,server
be8711ae553669df09a1acec85838910,4837cc0881c8aec6,productcatalogservice.ProductCatalogService.GetProducts,CHILD_OF,602efa82ca0f7e8f,1751042166274958,44,p2,client
be8711ae553669df09a1acec85838910,fbc6d6ce9cc4e029,productcatalogservice.ProductCatalogService.SearchProducts,CHILD_OF,602efa82ca0f7e8f,1751042166275004,59,p2,client
be8711ae553669df09a1acec85838910,ad453d796d1e55be,productcatalogservice.ProductCatalogService.SearchProducts,CHILD_OF,602efa82ca0f7e8f,1751042166275108,59,p2,client
be8711ae553669df09a1acec85838910,e38b31b721decfc5,productcatalogservice.ProductCatalogService.GetProduct,CHILD_OF,ef4b87256ce80492,1751042166274476,47,p1,client
be8711ae553669df09a1acec85838910,ed3fc6c49dd05e90,currencyservice.CurrencyService.Convert,CHILD_OF,ef4b87256ce80492,1751042166274886,43,p1,client
be8711ae553669df09a1acec85838910,742b7226c98d4831,productcatalogservice.ProductCatalogService.GetProducts,CHILD_OF,ef4b87256ce80492,1751042166275373,40,p1,client
be8711ae553669df09a1acec85838910,4a681d9eea0ed8fa,productcatalogservice.ProductCatalogService.GetProducts,CHILD_OF,ef4b87256ce80492,1751042166275334,37,p1,client
be8711ae553669df09a1acec85838910,80bd7a30f445fd44,productcatalogservice.ProductCatalogService.SearchProducts,CHILD_OF,602efa82ca0f7e8f,1751042166275064,43,p2,client
be8711ae553669df09a1acec85838910,8fcfaa7e4e9e2a2d,cartservice.CartService.GetCart,CHILD_OF,ef4b87256ce80492,1751042166274634,251,p1,client
be8711ae553669df09a1acec85838910,4577569a7bdbaf04,productcatalogservice.ProductCatalogService.GetProducts,CHILD_OF,ef4b87256ce80492,1751042166275269,64,p1,client
443556b9608268ffb099efce10f575a8,1c5d2e80691a81d9,currencyservice.CurrencyService.Convert,CHILD_OF,982924c6c62d7a37,1751042166285299,39,p1,client
443556b9608268ffb099efce10f575a8,c647864f85a24133,currencyservice.CurrencyService.Convert,CHILD_OF,982924c6c62d7a37,1751042166285429,32,p1,client
443556b9608268ffb099efce10f575a8,b87125c0dd1c7571,currencyservice.CurrencyService.Convert,CHILD_OF,982924c6c62d7a37,1751042166285497,29,p1,client
443556b9608268ffb099efce10f575a8,6bd3e76bd26071c8,currencyservice.CurrencyService.Convert,CHILD_OF,982924c6c62d7a37,1751042166285462,34,p1,client
443556b9608268ffb099efce10f575a8,246ac7c131a0a363,currencyservice.CurrencyService.GetSupportedCurrencies,CHILD_OF,982924c6c62d7a37,1751042166284966,64,p1,client
443556b9608268ffb099efce10f575a8,5791bb80184572d8,adservice.AdService.GetAds,CHILD_OF,982924c6c62d7a37,1751042166285623,45,p1,client
443556b9608268ffb099efce10f575a8,144e4fb5c1e7d4d0,currencyservice.CurrencyService.Convert,CHILD_OF,982924c6c62d7a37,1751042166285382,45,p1,client
443556b9608268ffb099efce10f575a8,3559572a77d97ba8,productcatalogservice.ProductCatalogService.ListProducts,CHILD_OF,982924c6c62d7a37,1751042166285132,47,p1,client
443556b9608268ffb099efce10f575a8,db17c82db0e5ee0d,cartservice.CartService.GetCart,CHILD_OF,982924c6c62d7a37,1751042166285181,115,p1,client
443556b9608268ffb099efce10f575a8,f15f2a7de8c5fbd3,currencyservice.CurrencyService.Convert,CHILD_OF,982924c6c62d7a37,1751042166285339,41,p1,client
443556b9608268ffb099efce10f575a8,982924c6c62d7a37,home,,,1751042166284947,893,p1,server
443556b9608268ffb099efce10f575a8,ae8702490873eb0a,currencyservice.CurrencyService.Convert,CHILD_OF,982924c6c62d7a37,1751042166285590,30,p1,client
443556b9608268ffb099efce10f575a8,d7f2cddde689004e,productcatalogservice.ProductCatalogService.ListProducts,CHILD_OF,982924c6c62d7a37,1751042166285085,45,p1,client
443556b9608268ffb099efce10f575a8,e2c10578dbb2229c,productcatalogservice.ProductCatalogService.ListProducts,CHILD_OF,982924c6c62d7a37,1751042166285034,49,p1,client
443556b9608268ffb099efce10f575a8,70dad622400a81a1,currencyservice.CurrencyService.Convert,CHILD_OF,982924c6c62d7a37,1751042166285527,32,p1,client
443556b9608268ffb099efce10f575a8,c12b8e6b2c776045,currencyservice.CurrencyService.Convert,CHILD_OF,982924c6c62d7a37,1751042166285560,29,p1,client
eeb024ec8786098df2f585c4cda672c5,6f34fe0520ff81fa,cartservice.CartService.AddItem,CHILD_OF,dab476c3ec18dfe7,1751042166287198,197,p1,client
eeb024ec8786098df2f585c4cda672c5,dab476c3ec18dfe7,cart,,,1751042166287111,291,p1,server
eeb024ec8786098df2f585c4cda672c5,d39f4caca73d1ed6,productcatalogservice.ProductCatalogService.GetProduct,CHILD_OF,dab476c3ec18dfe7,1751042166287135,61,p1,client
b5193998a4e33eec1ed70eba390f115b,aea1efb7ab6630ec,currencyservice.CurrencyService.Convert,CHILD_OF,78c6e5b7b6c86b53,1751042166288406,45,p1,client
b5193998a4e33eec1ed70eba390f115b,6c8d1d75674e409d,shippingservice.ShippingService.GetQuote,CHILD_OF,78c6e5b7b6c86b53,1751042166288201,123,p1,client
b5193998a4e33eec1ed70eba390f115b,25af8f9794e963e7,currencyservice.CurrencyService.Convert,CHILD_OF,78c6e5b7b6c86b53,1751042166288501,42,p1,client
b5193998a4e33eec1ed70eba390f115b,398f8132ca9c2267,currencyservice.CurrencyService.Convert,CHILD_OF,78c6e5b7b6c86b53,1751042166288579,38,p1,client
b5193998a4e33eec1ed70eba390f115b,5b26169da945a7f5,currencyservice.CurrencyService.GetSupportedCurrencies,CHILD_OF,78c6e5b7b6c86b53,1751042166287619,44,p1,client
b5193998a4e33eec1ed70eba390f115b,46aa4afd5381a00a,recommendationservice.RecService.ListRecommendations,CHILD_OF,78c6e5b7b6c86b53,1751042166287774,302,p1,client
b5193998a4e33eec1ed70eba390f115b,a114072660520be7,productcatalogservice.ProductCatalogService.GetProducts,CHILD_OF,78c6e5b7b6c86b53,1751042166288078,45,p1,client
b5193998a4e33eec1ed70eba390f115b,6e28129f7ece4c8a,productcatalogservice.ProductCatalogService.GetProduct,CHILD_OF,78c6e5b7b6c86b53,1751042166288366,39,p1,client
b5193998a4e33eec1ed70eba390f115b,142ff1e445cba37b,productcatalogservice.ProductCatalogService.GetProduct,CHILD_OF,78c6e5b7b6c86b53,1751042166288452,48,p1,client
b5193998a4e33eec1ed70eba390f115b,3e79a0894d872aaa,productcatalogservice.ProductCatalogService.GetProduct,CHILD_OF,78c6e5b7b6c86b53,1751042166288544,34,p1,client
b5193998a4e33eec1ed70eba390f115b,4b0d9d05d23b76a8,productcatalogservice.ProductCatalogService.GetProducts,CHILD_OF,78c6e5b7b6c86b53,1751042166288124,37,p1,client
b5193998a4e33eec1ed70eba390f115b,78c6e5b7b6c86b53,cart,,,1751042166287616,1205,p1,server
b5193998a4e33eec1ed70eba390f115b,c7820c927ac690c1,cartservice.CartService.GetCart,CHILD_OF,78c6e5b7b6c86b53,1751042166287670,102,p1,client
b5193998a4e33eec1ed70eba390f115b,128274d3b69e3c02,productcatalogservice.ProductCatalogService.GetProducts,CHILD_OF,78c6e5b7b6c86b53,1751042166288163,36,p1,client
b5193998a4e33eec1ed70eba390f115b,fa1407c67b5d2491,currencyservice.CurrencyService.Convert,CHILD_OF,78c6e5b7b6c86b53,1751042166288325,39,p1,client
b0db78c120a6683c125d88a0a39cc810,9c7bc77b3837eda0,checkoutservice.CheckoutService.PlaceOrder,CHILD_OF,a8e8ab817e4470da,1751042166288257,876,p1,client
b0db78c120a6683c125d88a0a39cc810,f700c5d7edb6cdef,currencyservice.CurrencyService.GetSupportedCurrencies,CHILD_OF,a8e8ab817e4470da,1751042166289138,51,p1,client
b0db78c120a6683c125d88a0a39cc810,a8e8ab817e4470da,cart_checkout,,,1751042166288231,1046,p1,server
507edbcf20e2397d5643c673b466c9bb,b93121801960972e,productcatalogservice.ProductCatalogService.ListProducts,CHILD_OF,d6ccacd544c14306,1751042166292646,53,p1,client
507edbcf20e2397d5643c673b466c9bb,f5705da1b68e913e,adservice.AdService.GetAds,CHILD_OF,d6ccacd544c14306,1751042166293175,50,p1,client
507edbcf20e2397d5643c673b466c9bb,baa69822ad3d86c8,cartservice.CartService.GetCart,CHILD_OF,d6ccacd544c14306,1751042166292701,123,p1,client
507edbcf20e2397d5643c673b466c9bb,b509a9aaa01b4811,currencyservice.CurrencyService.Convert,CHILD_OF,d6ccacd544c14306,1751042166292993,36,p1,client
507edbcf20e2397d5643c673b466c9bb,e15b2d7a377f27cb,currencyservice.CurrencyService.Convert,CHILD_OF,d6ccacd544c14306,1751042166293030,38,p1,client
507edbcf20e2397d5643c673b466c9bb,d6ccacd544c14306,home,,,1751042166292459,939,p1,server
507edbcf20e2397d5643c673b466c9bb,5c5a843f99578a06,currencyservice.CurrencyService.GetSupportedCurrencies,CHILD_OF,d6ccacd544c14306,1751042166292476,61,p1,client
507edbcf20e2397d5643c673b466c9bb,6d1e62aec9800af9,productcatalogservice.ProductCatalogService.ListProducts,CHILD_OF,d6ccacd544c14306,1751042166292540,52,p1,client
507edbcf20e2397d5643c673b466c9bb,685ea5c78da97275,currencyservice.CurrencyService.Convert,CHILD_OF,d6ccacd544c14306,1751042166292864,39,p1,client
507edbcf20e2397d5643c673b466c9bb,e1024d83093e523b,currencyservice.CurrencyService.Convert,CHILD_OF,d6ccacd544c14306,1751042166292905,44,p1,client
507edbcf20e2397d5643c673b466c9bb,4b71c99b7afb9f13,currencyservice.CurrencyService.Convert,CHILD_OF,d6ccacd544c14306,1751042166293137,34,p1,client
507edbcf20e2397d5643c673b466c9bb,eac6ce42211c115c,currencyservice.CurrencyService.Convert,CHILD_OF,d6ccacd544c14306,1751042166292826,37,p1,client
507edbcf20e2397d5643c673b466c9bb,f482d45c383efbcf,currencyservice.CurrencyService.Convert,CHILD_OF,d6ccacd544c14306,1751042166292950,41,p1,client
507edbcf20e2397d5643c673b466c9bb,851ee2bc5f6c9f15,currencyservice.CurrencyService.Convert,CHILD_OF,d6ccacd544c14306,1751042166293070,34,p1,client
507edbcf20e2397d5643c673b466c9bb,3efb2611f79c2514,currencyservice.CurrencyService.Convert,CHILD_OF,d6ccacd544c14306,1751042166293105,31,p1,client
507edbcf20e2397d5643c673b466c9bb,1091827954aeb528,productcatalogservice.ProductCatalogService.ListProducts,CHILD_OF,d6ccacd544c14306,1751042166292593,52,p1,client
eae69e92a31a194972bfa610633b17be,323bb5b2c9460374,currencyservice.CurrencyService.Convert,CHILD_OF,c41c279e842ec051,1751042166296038,42,p1,client
eae69e92a31a194972bfa610633b17be,324cc50d4c0c4b94,productcatalogservice.ProductCatalogService.GetProducts,CHILD_OF,c41c279e842ec051,1751042166295952,33,p1,client
eae69e92a31a194972bfa610633b17be,52530c499fe19a5a,productcatalogservice.ProductCatalogService.SearchProducts,CHILD_OF,265b9a58c480256c,1751042166295667,80,p2,client
eae69e92a31a194972bfa610633b17be,5ad308d6b815314e,productcatalogservice.ProductCatalogService.SearchProducts,CHILD_OF,265b9a58c480256c,1751042166295797,42,p2,client
eae69e92a31a194972bfa610633b17be,1851696d4e5ab39a,cartservice.CartService.GetCart,CHILD_OF,c41c279e842ec051,1751042166295519,114,p1,client
eae69e92a31a194972bfa610633b17be,440cc24a82eb5740,productcatalogservice.ProductCatalogService.GetProducts,CHILD_OF,c41c279e842ec051,1751042166295862,52,p1,client
eae69e92a31a194972bfa610633b17be,c619683450cbaf67,shippingservice.ShippingService.GetQuote,CHILD_OF,c41c279e842ec051,1751042166295987,49,p1,client
eae69e92a31a194972bfa610633b17be,c41c279e842ec051,cart,,,1751042166295450,726,p1,server
eae69e92a31a194972bfa610633b17be,6846526dd4b50a55,productcatalogservice.ProductCatalogService.SearchProducts,CHILD_OF,265b9a58c480256c,1751042166295749,47,p2,client
eae69e92a31a194972bfa610633b17be,265b9a58c480256c,recommendationservice.RecService.ListRecommendations,CHILD_OF,07a3d9b2879f1074,1751042166295665,183,p2,server
eae69e92a31a194972bfa610633b17be,d78891264d700ee1,currencyservice.CurrencyService.GetSupportedCurrencies,CHILD_OF,c41c279e842ec051,1751042166295466,49,p1,client
eae69e92a31a194972bfa610633b17be,07a3d9b2879f1074,recommendationservice.RecService.ListRecommendations,CHILD_OF,c41c279e842ec051,1751042166295634,225,p1,client
eae69e92a31a194972bfa610633b17be,335dacba98f8d18e,productcatalogservice.ProductCatalogService.GetProducts,CHILD_OF,c41c279e842ec051,1751042166295916,35,p1,client
ad44bec3360c025f159e2e3b38e48cec,cea716425a50a5e1,currencyservice.CurrencyService.Convert,CHILD_OF,2f6cae9c454a7f19,1751042166307030,55,p1,client
ad44bec3360c025f159e2e3b38e48cec,1ee430aa1784df62,currencyservice.CurrencyService.Convert,CHILD_OF,2f6cae9c454a7f19,1751042166306810,66,p1,client
ad44bec3360c025f159e2e3b38e48cec,7fc0ba2c12e1b309,currencyservice.CurrencyService.Convert,CHILD_OF,2f6cae9c454a7f19,1751042166307087,34,p1,client
ad44bec3360c025f159e2e3b38e48cec,1066ddb80354fa94,cartservice.CartService.GetCart,CHILD_OF,2f6cae9c454a7f19,1751042166306595,114,p1,client
ad44bec3360c025f159e2e3b38e48cec,fc9394e6d6aaaa28,currencyservice.CurrencyService.Convert,CHILD_OF,2f6cae9c454a7f19,1751042166306878,54,p1,client
ad44bec3360c025f159e2e3b38e48cec,8b6733337218916b,currencyservice.CurrencyService.Convert,CHILD_OF,2f6cae9c454a7f19,1751042166306933,66,p1,client
ad44bec3360c025f159e2e3b38e48cec,050bc7c320545cc1,currencyservice.CurrencyService.Convert,CHILD_OF,2f6cae9c454a7f19,1751042166307000,29,p1,client
ad44bec3360c025f159e2e3b38e48cec,72f4be5f31ca9c3e,currencyservice.CurrencyService.GetSupportedCurrencies,CHILD_OF,2f6cae9c454a7f19,1751042166306253,69,p1,client
ad44bec3360c025f159e2e3b38e48cec,9097e478bf265bed,productcatalogservice.ProductCatalogService.ListProducts,CHILD_OF,2f6cae9c454a7f19,1751042166306549,44,p1,client
ad44bec3360c025f159e2e3b38e48cec,b75c858bfb618108,currencyservice.CurrencyService.Convert,CHILD_OF,2f6cae9c454a7f19,1751042166307164,33,p1,client
ad44bec3360c025f159e2e3b38e48cec,dfd2899358bc7e74,adservice.AdService.GetAds,CHILD_OF,2f6cae9c454a7f19,1751042166307201,51,p1,client
ad44bec3360c025f159e2e3b38e48cec,9ef118f04924beb8,currencyservice.CurrencyService.Convert,CHILD_OF,2f6cae9c454a7f19,1751042166307122,41,p1,client
ad44bec3360c025f159e2e3b38e48cec,2f6cae9c454a7f19,home,,,1751042166306227,1205,p1,server
ad44bec3360c025f159e2e3b38e48cec,8a651a4a7af4bae7,productcatalogservice.ProductCatalogService.ListProducts,CHILD_OF,2f6cae9c454a7f19,1751042166306326,63,p1,client
ad44bec3360c025f159e2e3b38e48cec,9c3af4b3892e6028,productcatalogservice.ProductCatalogService.ListProducts,CHILD_OF,2f6cae9c454a7f19,1751042166306391,155,p1,client
ad44bec3360c025f159e2e3b38e48cec,4e181e42002f8954,currencyservice.CurrencyService.Convert,CHILD_OF,2f6cae9c454a7f19,1751042166306712,96,p1,client
d4cba876c65ff8dd0ce3355a1f804677,6ff4fe3651eceb2c,productcatalogservice.ProductCatalogService.GetProduct,CHILD_OF,fa51539e9e64ce89,1751042166306476,92,p1,client
d4cba876c65ff8dd0ce3355a1f804677,fa51539e9e64ce89,cart,,,1751042166306453,317,p1,server
d4cba876c65ff8dd0ce3355a1f804677,8572c44e31ff7fd6,cartservice.CartService.AddItem,CHILD_OF,fa51539e9e64ce89,1751042166306578,184,p1,client
205e2f69cababd445bc23cd08bcc631d,17259f0dbd064761,productcatalogservice.ProductCatalogService.GetProducts,CHILD_OF,88bd37a487ff9d8e,1751042166307467,61,p1,client
205e2f69cababd445bc23cd08bcc631d,c1fd58ce6ecc954d,productcatalogservice.ProductCatalogService.GetProduct,CHILD_OF,88bd37a487ff9d8e,1751042166307703,49,p1,client
205e2f69cababd445bc23cd08bcc631d,c81e70e9680a42c9,currencyservice.CurrencyService.Convert,CHILD_OF,88bd37a487ff9d8e,1751042166307754,34,p1,client
205e2f69cababd445bc23cd08bcc631d,7287e4f808618f84,productcatalogservice.ProductCatalogService.GetProduct,CHILD_OF,88bd37a487ff9d8e,1751042166307790,37,p1,client
205e2f69cababd445bc23cd08bcc631d,7b19851c53698711,currencyservice.CurrencyService.GetSupportedCurrencies,CHILD_OF,88bd37a487ff9d8e,1751042166306979,33,p1,client
205e2f69cababd445bc23cd08bcc631d,a519c64de040e285,recommendationservice.RecService.ListRecommendations,CHILD_OF,88bd37a487ff9d8e,1751042166307134,330,p1,client
205e2f69cababd445bc23cd08bcc631d,d80af5622cf3b533,currencyservice.CurrencyService.Convert,CHILD_OF,88bd37a487ff9d8e,1751042166307667,33,p1,client
205e2f69cababd445bc23cd08bcc631d,4b37a50e6012a5b9,currencyservice.CurrencyService.Convert,CHILD_OF,88bd37a487ff9d8e,1751042166307905,33,p1,client
205e2f69cababd445bc23cd08bcc631d,d17d2142e8d7df6d,productcatalogservice.ProductCatalogService.GetProducts,CHILD_OF,88bd37a487ff9d8e,1751042166307529,38,p1,client
205e2f69cababd445bc23cd08bcc631d,9d4e76fe0f8bdf70,productcatalogservice.ProductCatalogService.GetProducts,CHILD_OF,88bd37a487ff9d8e,1751042166307568,40,p1,client
205e2f69cababd445bc23cd08bcc631d,88bd37a487ff9d8e,cart,,,1751042166306975,1150,p1,server
205e2f69cababd445bc23cd08bcc631d,3ea1af4e6c5089ee,currencyservice.CurrencyService.Convert,CHILD_OF,88bd37a487ff9d8e,1751042166307828,33,p1,client
205e2f69cababd445bc23cd08bcc631d,d4dc0bba436320ea,cartservice.CartService.GetCart,CHILD_OF,88bd37a487ff9d8e,1751042166307015,118,p1,client
205e2f69cababd445bc23cd08bcc631d,e34098dd52d6ee84,shippingservice.ShippingService.GetQuote,CHILD_OF,88bd37a487ff9d8e,1751042166307611,55,p1,client
205e2f69cababd445bc23cd08bcc631d,5caa8e5e5f454b39,productcatalogservice.ProductCatalogService.GetProduct,CHILD_OF,88bd37a487ff9d8e,1751042166307863,41,p1,client
ec4b7b34d9aeb11e81e81ffc790be24f,15035b5bf221f921,cartservice.CartService.GetCart,CHILD_OF,41538f7f951b5d58,1751042166308420,105,p1,client
ec4b7b34d9aeb11e81e81ffc790be24f,5502bd0b0b65e905,currencyservice.CurrencyService.Convert,CHILD_OF,41538f7f951b5d58,1751042166308559,32,p1,client
ec4b7b34d9aeb11e81e81ffc790be24f,63d3bfc7650f1b55,currencyservice.CurrencyService.Convert,CHILD_OF,41538f7f951b5d58,1751042166308814,33,p1,client
ec4b7b34d9aeb11e81e81ffc790be24f,22f33214980f2c15,currencyservice.CurrencyService.Convert,CHILD_OF,41538f7f951b5d58,1751042166308778,34,p1,client
ec4b7b34d9aeb11e81e81ffc790be24f,46ea55c97e1c8d66,currencyservice.CurrencyService.Convert,CHILD_OF,41538f7f951b5d58,1751042166308592,33,p1,client
ec4b7b34d9aeb11e81e81ffc790be24f,41538f7f951b5d58,home,,,1751042166308215,850,p1,server
ec4b7b34d9aeb11e81e81ffc790be24f,91e826c2637a6e44,currencyservice.CurrencyService.Convert,CHILD_OF,41538f7f951b5d58,1751042166308693,51,p1,client
ec4b7b34d9aeb11e81e81ffc790be24f,c6234732067941cc,currencyservice.CurrencyService.Convert,CHILD_OF,41538f7f951b5d58,1751042166308527,31,p1,client
ec4b7b34d9aeb11e81e81ffc790be24f,e102dc84d80b54f3,currencyservice.CurrencyService.GetSupportedCurrencies,CHILD_OF,41538f7f951b5d58,1751042166308232,60,p1,client
ec4b7b34d9aeb11e81e81ffc790be24f,bd077d770be47872,productcatalogservice.ProductCatalogService.ListProducts,CHILD_OF,41538f7f951b5d58,1751042166308382,35,p1,client
ec4b7b34d9aeb11e81e81ffc790be24f,70b23098285bb22e,currencyservice.CurrencyService.Convert,CHILD_OF,41538f7f951b5d58,1751042166308626,34,p1,client
ec4b7b34d9aeb11e81e81ffc790be24f,1a8aea5b51279d45,adservice.AdService.GetAds,CHILD_OF,41538f7f951b5d58,1751042166308852,45,p1,client
ec4b7b34d9aeb11e81e81ffc790be24f,1e6297e5a8d10075,currencyservice.CurrencyService.Convert,CHILD_OF,41538f7f951b5d58,1751042166308745,32,p1,client
ec4b7b34d9aeb11e81e81ffc790be24f,4506c6239e0732f7,productcatalogservice.ProductCatalogService.ListProducts,CHILD_OF,41538f7f951b5d58,1751042166308344,36,p1,client
ec4b7b34d9aeb11e81e81ffc790be24f,43ae503ed68b87cd,currencyservice.CurrencyService.Convert,CHILD_OF,41538f7f951b5d58,1751042166308661,31,p1,client
ec4b7b34d9aeb11e81e81ffc790be24f,9311dd33839e3a06,productcatalogservice.ProductCatalogService.ListProducts,CHILD_OF,41538f7f951b5d58,1751042166308295,47,p1,client
c79b141be76970f61c9462772f54ada0,ded43ea37e5b7686,currencyservice.CurrencyService.Convert,CHILD_OF,fb434e4cc11ced0e,1751042166315235,35,p1,client
c79b141be76970f61c9462772f54ada0,19f8164a5682fbe2,currencyservice.CurrencyService.Convert,CHILD_OF,fb434e4cc11ced0e,1751042166315202,32,p1,client
c79b141be76970f61c9462772f54ada0,96bb313f70446cc3,currencyservice.CurrencyService.Convert,CHILD_OF,fb434e4cc11ced0e,1751042166315098,34,p1,client
c79b141be76970f61c9462772f54ada0,8deb6ad9e22dd07b,productcatalogservice.ProductCatalogService.ListProducts,CHILD_OF,fb434e4cc11ced0e,1751042166314733,37,p1,client
c79b141be76970f61c9462772f54ada0,2dbe6434ca66a7ea,currencyservice.CurrencyService.GetSupportedCurrencies,CHILD_OF,fb434e4cc11ced0e,1751042166314601,64,p1,client
c79b141be76970f61c9462772f54ada0,dcd2d791bb3c052d,productcatalogservice.ProductCatalogService.ListProducts,CHILD_OF,fb434e4cc11ced0e,1751042166314772,51,p1,client
c79b141be76970f61c9462772f54ada0,cde9c0c3f76bd94b,adservice.AdService.GetAds,CHILD_OF,fb434e4cc11ced0e,1751042166315273,43,p1,client
c79b141be76970f61c9462772f54ada0,80aa3f487cea2a78,currencyservice.CurrencyService.Convert,CHILD_OF,fb434e4cc11ced0e,1751042166315022,43,p1,client
c79b141be76970f61c9462772f54ada0,6f05594bf17918db,currencyservice.CurrencyService.Convert,CHILD_OF,fb434e4cc11ced0e,1751042166315066,31,p1,client
c79b141be76970f61c9462772f54ada0,fb434e4cc11ced0e,home,,,1751042166314584,891,p1,server
c79b141be76970f61c9462772f54ada0,1234993f9103c030,currencyservice.CurrencyService.Convert,CHILD_OF,fb434e4cc11ced0e,1751042166314940,38,p1,client
c79b141be76970f61c9462772f54ada0,37c2f5ba9d74b972,currencyservice.CurrencyService.Convert,CHILD_OF,fb434e4cc11ced0e,1751042166314980,41,p1,client
c79b141be76970f61c9462772f54ada0,95e408b06cc8ab6f,currencyservice.CurrencyService.Convert,CHILD_OF,fb434e4cc11ced0e,1751042166315134,33,p1,client
c79b141be76970f61c9462772f54ada0,2d127ffccdac0310,productcatalogservice.ProductCatalogService.ListProducts,CHILD_OF,fb434e4cc11ced0e,1751042166314668,49,p1,client
c79b141be76970f61c9462772f54ada0,7446df93f34069ab,cartservice.CartService.GetCart,CHILD_OF,fb434e4cc11ced0e,1751042166314825,113,p1,client
c79b141be76970f61c9462772f54ada0,6c7709b0782136c0,currencyservice.CurrencyService.Convert,CHILD_OF,fb434e4cc11ced0e,1751042166315169,31,p1,client
40388dc5707ed23c12d9b7d95dd01e80,e62c063bc527a45a,productcatalogservice.ProductCatalogService.GetProduct,CHILD_OF,1439fe1651a3c88d,1751042166317493,66,p1,client
40388dc5707ed23c12d9b7d95dd01e80,a88d76d36a5d6370,cartservice.CartService.AddItem,CHILD_OF,1439fe1651a3c88d,1751042166317562,160,p1,client
40388dc5707ed23c12d9b7d95dd01e80,1439fe1651a3c88d,cart,,,1751042166317469,262,p1,server
00496d8011255f381b055ea847ea9c51,ceabdd1cf6629ab6,currencyservice.CurrencyService.Convert,CHILD_OF,c48d7c3a82f623d7,1751042166318632,42,p1,client
00496d8011255f381b055ea847ea9c51,56656061de0076f9,currencyservice.CurrencyService.Convert,CHILD_OF,c48d7c3a82f623d7,1751042166318914,55,p1,client
00496d8011255f381b055ea847ea9c51,1f28be3f9b5dec01,productcatalogservice.ProductCatalogService.ListProducts,CHILD_OF,c48d7c3a82f623d7,1751042166318149,81,p1,client
00496d8011255f381b055ea847ea9c51,3b6ef108a606e1b7,currencyservice.CurrencyService.Convert,CHILD_OF,c48d7c3a82f623d7,1751042166318425,40,p1,client
00496d8011255f381b055ea847ea9c51,1a2dceb1f99ece74,currencyservice.CurrencyService.Convert,CHILD_OF,c48d7c3a82f623d7,1751042166318536,34,p1,client
00496d8011255f381b055ea847ea9c51,1baa31759fb9c337,currencyservice.CurrencyService.Convert,CHILD_OF,c48d7c3a82f623d7,1751042166318508,27,p1,client
00496d8011255f381b055ea847ea9c51,c48d7c3a82f623d7,home,,,1751042166318096,1067,p1,server
00496d8011255f381b055ea847ea9c51,41b3a17a9dce2162,productcatalogservice.ProductCatalogService.ListProducts,CHILD_OF,c48d7c3a82f623d7,1751042166318231,34,p1,client
00496d8011255f381b055ea847ea9c51,40e084f52026bcde,currencyservice.CurrencyService.Convert,CHILD_OF,c48d7c3a82f623d7,1751042166318603,28,p1,client
00496d8011255f381b055ea847ea9c51,57f97a94c112e981,currencyservice.CurrencyService.Convert,CHILD_OF,c48d7c3a82f623d7,1751042166318675,238,p1,client
00496d8011255f381b055ea847ea9c51,8dfd3e2b08c8509d,adservice.AdService.GetAds,CHILD_OF,c48d7c3a82f623d7,1751042166318973,44,p1,client
00496d8011255f381b055ea847ea9c51,0fb7a5fd8cb2750e,currencyservice.CurrencyService.GetSupportedCurrencies,CHILD_OF,c48d7c3a82f623d7,1751042166318109,37,p1,client
00496d8011255f381b055ea847ea9c51,a89b86005d677c02,productcatalogservice.ProductCatalogService.ListProducts,CHILD_OF,c48d7c3a82f623d7,1751042166318266,41,p1,client
00496d8011255f381b055ea847ea9c51,c6315be79ba4ad97,cartservice.CartService.GetCart,CHILD_OF,c48d7c3a82f623d7,1751042166318309,114,p1,client
00496d8011255f381b055ea847ea9c51,e8e40e4784530568,currencyservice.CurrencyService.Convert,CHILD_OF,c48d7c3a82f623d7,1751042166318468,38,p1,client
00496d8011255f381b055ea847ea9c51,f27e66e9804e198a,currencyservice.CurrencyService.Convert,CHILD_OF,c48d7c3a82f623d7,1751042166318571,30,p1,client
4f0e25faec285b5c2c1c67674f0dc0b6,4a51045457790af9,productcatalogservice.ProductCatalogService.GetProducts,CHILD_OF,21a83ade43f5d4a1,1751042166318442,39,p1,client
4f0e25faec285b5c2c1c67674f0dc0b6,d0b1817b88209030,productcatalogservice.ProductCatalogService.SearchProducts,CHILD_OF,10fa5612165558a1,1751042166318320,52,p2,client
4f0e25faec285b5c2c1c67674f0dc0b6,10fa5612165558a1,recommendationservice.RecService.ListRecommendations,CHILD_OF,8180810273695e85,1751042166318159,223,p2,server
4f0e25faec285b5c2c1c67674f0dc0b6,d37479521796d400,productcatalogservice.ProductCatalogService.GetProduct,CHILD_OF,21a83ade43f5d4a1,1751042166318619,40,p1,client
4f0e25faec285b5c2c1c67674f0dc0b6,21a83ade43f5d4a1,cart,,,1751042166317951,930,p1,server
4f0e25faec285b5c2c1c67674f0dc0b6,e43048ba46a43f56,productcatalogservice.ProductCatalogService.SearchProducts,CHILD_OF,10fa5612165558a1,1751042166318215,57,p2,client
4f0e25faec285b5c2c1c67674f0dc0b6,287d6693730c4030,productcatalogservice.ProductCatalogService.SearchProducts,CHILD_OF,10fa5612165558a1,1751042166318274,44,p2,client
4f0e25faec285b5c2c1c67674f0dc0b6,eafe13e698f5b784,productcatalogservice.ProductCatalogService.GetProducts,CHILD_OF,10fa5612165558a1,1751042166318161,52,p2,client
4f0e25faec285b5c2c1c67674f0dc0b6,124caa4daebbe40c,currencyservice.CurrencyService.GetSupportedCurrencies,CHILD_OF,21a83ade43f5d4a1,1751042166317956,42,p1,client
4f0e25faec285b5c2c1c67674f0dc0b6,8180810273695e85,recommendationservice.RecService.ListRecommendations,CHILD_OF,21a83ade43f5d4a1,1751042166318131,259,p1,client
4f0e25faec285b5c2c1c67674f0dc0b6,1464d0fe21378ef0,currencyservice.CurrencyService.Convert,CHILD_OF,21a83ade43f5d4a1,1751042166318583,34,p1,client
4f0e25faec285b5c2c1c67674f0dc0b6,c198025ac0bd1b38,currencyservice.CurrencyService.Convert,CHILD_OF,21a83ade43f5d4a1,1751042166318660,42,p1,client
4f0e25faec285b5c2c1c67674f0dc0b6,df25f221f6e4b960,productcatalogservice.ProductCatalogService.GetProducts,CHILD_OF,21a83ade43f5d4a1,1751042166318395,45,p1,client
4f0e25faec285b5c2c1c67674f0dc0b6,81fd2c0e79e3453d,cartservice.CartService.GetCart,CHILD_OF,21a83ade43f5d4a1,1751042166318001,128,p1,client
4f0e25faec285b5c2c1c67674f0dc0b6,85c38b3e677ad0b2,productcatalogservice.ProductCatalogService.GetProducts,CHILD_OF,21a83ade43f5d4a1,1751042166318482,37,p1,client
4f0e25faec285b5c2c1c67674f0dc0b6,74dba1c436be9d88,shippingservice.ShippingService.GetQuote,CHILD_OF,21a83ade43f5d4a1,1751042166318521,61,p1,client
fba26cdd2c3585e66af600aa2d1a925b,e50d7c094ff59bcc,currencyservice.CurrencyService.GetSupportedCurrencies,CHILD_OF,1c7c2373641a212e,1751042166326544,45,p1,client
fba26cdd2c3585e66af600aa2d1a925b,1c7c2373641a212e,cart_checkout,,,1751042166323874,2810,p1,server
fba26cdd2c3585e66af600aa2d1a925b,afe253721e740393,checkoutservice.CheckoutService.PlaceOrder,CHILD_OF,1c7c2373641a212e,1751042166323904,2634,p1,client
edecd03b09e840cfe971670bab10b66f,c334b503c10a5a29,setcurrency,,,1751042166324549,17,p1,server
60e278e4273c936c7a9f2a762d6ea8ea,ed8b2fa3319d5f04,currencyservice.CurrencyService.GetSupportedCurrencies,CHILD_OF,e6b236c8db89f878,1751042166324847,65,p1,client
60e278e4273c936c7a9f2a762d6ea8ea,d34bc1cbeb287883,productcatalogservice.ProductCatalogService.ListProducts,CHILD_OF,e6b236c8db89f878,1751042166324915,47,p1,client
60e278e4273c936c7a9f2a762d6ea8ea,0d8aa6a15ca307d3,currencyservice.CurrencyService.Convert,CHILD_OF,e6b236c8db89f878,1751042166325392,29,p1,client
60e278e4273c936c7a9f2a762d6ea8ea,9f8aa760948330b3,currencyservice.CurrencyService.Convert,CHILD_OF,e6b236c8db89f878,1751042166325423,31,p1,client
60e278e4273c936c7a9f2a762d6ea8ea,011cee50b1b4bafb,currencyservice.CurrencyService.Convert,CHILD_OF,e6b236c8db89f878,1751042166325167,41,p1,client
60e278e4273c936c7a9f2a762d6ea8ea,ebdf80e1ea86e19a,currencyservice.CurrencyService.Convert,CHILD_OF,e6b236c8db89f878,1751042166325325,32,p1,client
60e278e4273c936c7a9f2a762d6ea8ea,962869fbbcc1107c,currencyservice.CurrencyService.Convert,CHILD_OF,e6b236c8db89f878,1751042166325456,31,p1,client
60e278e4273c936c7a9f2a762d6ea8ea,e6b236c8db89f878,home,,,1751042166324830,873,p1,server
60e278e4273c936c7a9f2a762d6ea8ea,eea80555a7f8ff93,productcatalogservice.ProductCatalogService.ListProducts,CHILD_OF,e6b236c8db89f878,1751042166325007,43,p1,client
60e278e4273c936c7a9f2a762d6ea8ea,55b6d36de488929d,cartservice.CartService.GetCart,CHILD_OF,e6b236c8db89f878,1751042166325051,113,p1,client
60e278e4273c936c7a9f2a762d6ea8ea,44697bd2c5eba304,adservice.AdService.GetAds,CHILD_OF,e6b236c8db89f878,1751042166325491,42,p1,client
60e278e4273c936c7a9f2a762d6ea8ea,c58dad7897eb0f45,productcatalogservice.ProductCatalogService.ListProducts,CHILD_OF,e6b236c8db89f878,1751042166324963,43,p1,client
60e278e4273c936c7a9f2a762d6ea8ea,346618306bcd189c,currencyservice.CurrencyService.Convert,CHILD_OF,e6b236c8db89f878,1751042166325210,38,p1,client
60e278e4273c936c7a9f2a762d6ea8ea,9fc8dd109e5eec95,currencyservice.CurrencyService.Convert,CHILD_OF,e6b236c8db89f878,1751042166325250,38,p1,client
60e278e4273c936c7a9f2a762d6ea8ea,ea2aea9d496cef85,currencyservice.CurrencyService.Convert,CHILD_OF,e6b236c8db89f878,1751042166325290,34,p1,client
60e278e4273c936c7a9f2a762d6ea8ea,b122e25b5e0972e0,currencyservice.CurrencyService.Convert,CHILD_OF,e6b236c8db89f878,1751042166325358,33,p1,client
0a85336ba11e3421dce70195d5e7dc2b,809802b85727d0fa,setcurrency,,,1751042166328956,17,p1,server
4eb99683039454560390b6e3984778d2,274aea074c21f2d0,currencyservice.CurrencyService.Convert,CHILD_OF,5f8ee6050bf5e557,1751042166329784,35,p1,client
4eb99683039454560390b6e3984778d2,954ce6d1e2ee65a9,currencyservice.CurrencyService.Convert,CHILD_OF,5f8ee6050bf5e557,1751042166329882,39,p1,client
4eb99683039454560390b6e3984778d2,d545474c442303a7,currencyservice.CurrencyService.GetSupportedCurrencies,CHILD_OF,5f8ee6050bf5e557,1751042166329250,58,p1,client
4eb99683039454560390b6e3984778d2,865dedc2d240ec8c,currencyservice.CurrencyService.Convert,CHILD_OF,5f8ee6050bf5e557,1751042166329620,40,p1,client
4eb99683039454560390b6e3984778d2,36a2d5ca753506c8,currencyservice.CurrencyService.Convert,CHILD_OF,5f8ee6050bf5e557,1751042166329706,43,p1,client
4eb99683039454560390b6e3984778d2,07a67ddeae58ea3d,currencyservice.CurrencyService.Convert,CHILD_OF,5f8ee6050bf5e557,1751042166329853,27,p1,client
4eb99683039454560390b6e3984778d2,5f8ee6050bf5e557,home,,,1751042166329234,885,p1,server
4eb99683039454560390b6e3984778d2,2e8e4e7fe71ddc9a,productcatalogservice.ProductCatalogService.ListProducts,CHILD_OF,5f8ee6050bf5e557,1751042166329361,46,p1,client
4eb99683039454560390b6e3984778d2,32e91d71907068ab,cartservice.CartService.GetCart,CHILD_OF,5f8ee6050bf5e557,1751042166329461,115,p1,client
4eb99683039454560390b6e3984778d2,e5d125618089c2be,currencyservice.CurrencyService.Convert,CHILD_OF,5f8ee6050bf5e557,1751042166329578,40,p1,client
4eb99683039454560390b6e3984778d2,767c185259375ecb,currencyservice.CurrencyService.Convert,CHILD_OF,5f8ee6050bf5e557,1751042166329750,32,p1,client
4eb99683039454560390b6e3984778d2,0fbf44ef92a1c3a9,currencyservice.CurrencyService.Convert,CHILD_OF,5f8ee6050bf5e557,1751042166329820,32,p1,client
4eb99683039454560390b6e3984778d2,07f63956a9b60dda,adservice.AdService.GetAds,CHILD_OF,5f8ee6050bf5e557,1751042166329925,45,p1,client
4eb99683039454560390b6e3984778d2,af2f8cd7c14a28f4,productcatalogservice.ProductCatalogService.ListProducts,CHILD_OF,5f8ee6050bf5e557,1751042166329311,48,p1,client
4eb99683039454560390b6e3984778d2,942d96e4f389c732,productcatalogservice.ProductCatalogService.ListProducts,CHILD_OF,5f8ee6050bf5e557,1751042166329408,51,p1,client
4eb99683039454560390b6e3984778d2,1477c7ac5ddc6d66,currencyservice.CurrencyService.Convert,CHILD_OF,5f8ee6050bf5e557,1751042166329661,44,p1,client
60f7fd2d3c2403e95e1100343eb32cff,9c2cb9fd86de85a3,productcatalogservice.ProductCatalogService.GetProduct,CHILD_OF,3b33e06405873b2d,1751042166334733,71,p1,client
60f7fd2d3c2403e95e1100343eb32cff,72767c5a1cdc304d,cartservice.CartService.AddItem,CHILD_OF,3b33e06405873b2d,1751042166334806,186,p1,client
60f7fd2d3c2403e95e1100343eb32cff,3b33e06405873b2d,cart,,,1751042166334697,303,p1,server
258c250164df2c381153848b6f684f74,379d9b12886d6549,productcatalogservice.ProductCatalogService.GetProduct,CHILD_OF,dfa4ecd0b82c70d7,1751042166336014,43,p1,client
258c250164df2c381153848b6f684f74,91338ed1e92c67df,currencyservice.CurrencyService.Convert,CHILD_OF,dfa4ecd0b82c70d7,1751042166336058,41,p1,client
258c250164df2c381153848b6f684f74,5ccb559e86122260,currencyservice.CurrencyService.Convert,CHILD_OF,dfa4ecd0b82c70d7,1751042166336145,37,p1,client
258c250164df2c381153848b6f684f74,a730eb0acccd80f2,productcatalogservice.ProductCatalogService.GetProducts,CHILD_OF,dfa4ecd0b82c70d7,1751042166335694,53,p1,client
258c250164df2c381153848b6f684f74,48da01524b7bc04f,productcatalogservice.ProductCatalogService.GetProducts,CHILD_OF,dfa4ecd0b82c70d7,1751042166335793,36,p1,client
258c250164df2c381153848b6f684f74,22069c2bbf6f8a3a,currencyservice.CurrencyService.Convert,CHILD_OF,dfa4ecd0b82c70d7,1751042166335890,39,p1,client
258c250164df2c381153848b6f684f74,22e377ea855fd9c0,productcatalogservice.ProductCatalogService.GetProduct,CHILD_OF,dfa4ecd0b82c70d7,1751042166335931,34,p1,client
258c250164df2c381153848b6f684f74,c74d43534e5a629c,currencyservice.CurrencyService.Convert,CHILD_OF,dfa4ecd0b82c70d7,1751042166335966,46,p1,client
258c250164df2c381153848b6f684f74,1ebd9a5ef6e4aa8e,currencyservice.CurrencyService.GetSupportedCurrencies,CHILD_OF,dfa4ecd0b82c70d7,1751042166335225,45,p1,client
258c250164df2c381153848b6f684f74,12d6b856583a6b15,cartservice.CartService.GetCart,CHILD_OF,dfa4ecd0b82c70d7,1751042166335277,127,p1,client
258c250164df2c381153848b6f684f74,4790d07b14e79e64,productcatalogservice.ProductCatalogService.GetProducts,CHILD_OF,dfa4ecd0b82c70d7,1751042166335749,42,p1,client
258c250164df2c381153848b6f684f74,c79548b4db4e2e07,productcatalogservice.ProductCatalogService.GetProduct,CHILD_OF,dfa4ecd0b82c70d7,1751042166336100,43,p1,client
258c250164df2c381153848b6f684f74,dfa4ecd0b82c70d7,cart,,,1751042166335221,1155,p1,server
258c250164df2c381153848b6f684f74,4c9abe488d38c447,recommendationservice.RecService.ListRecommendations,CHILD_OF,dfa4ecd0b82c70d7,1751042166335406,285,p1,client
258c250164df2c381153848b6f684f74,a382874b6f9a6da1,shippingservice.ShippingService.GetQuote,CHILD_OF,dfa4ecd0b82c70d7,1751042166335831,57,p1,client
01644784aaa2482f992bb4b87ca11811,3eb91dde345b6a2d,productcatalogservice.ProductCatalogService.GetProducts,CHILD_OF,e68f58f4df7c4223,1751042166351996,47,p1,client
01644784aaa2482f992bb4b87ca11811,882cc5e229b97bb5,currencyservice.CurrencyService.GetSupportedCurrencies,CHILD_OF,e68f58f4df7c4223,1751042166351449,50,p1,client
01644784aaa2482f992bb4b87ca11811,c2e834e1e31caaf5,productcatalogservice.ProductCatalogService.GetProducts,CHILD_OF,e68f58f4df7c4223,1751042166352045,48,p1,client
01644784aaa2482f992bb4b87ca11811,0b8220fb0d71211e,productcatalogservice.ProductCatalogService.GetProducts,CHILD_OF,e68f58f4df7c4223,1751042166352094,37,p1,client
01644784aaa2482f992bb4b87ca11811,b5e142cfa1338906,currencyservice.CurrencyService.Convert,CHILD_OF,e68f58f4df7c4223,1751042166352181,40,p1,client
01644784aaa2482f992bb4b87ca11811,1d4882b4b31cddd4,recommendationservice.RecService.ListRecommendations,CHILD_OF,e68f58f4df7c4223,1751042166351625,368,p1,client
01644784aaa2482f992bb4b87ca11811,a40af97401204ff3,shippingservice.ShippingService.GetQuote,CHILD_OF,e68f58f4df7c4223,1751042166352133,47,p1,client
01644784aaa2482f992bb4b87ca11811,bbc4a3ccaf06d0c7,productcatalogservice.ProductCatalogService.GetProduct,CHILD_OF,e68f58f4df7c4223,1751042166352224,40,p1,client
01644784aaa2482f992bb4b87ca11811,07e0de9834ce8ae9,productcatalogservice.ProductCatalogService.GetProduct,CHILD_OF,e68f58f4df7c4223,1751042166352309,34,p1,client
01644784aaa2482f992bb4b87ca11811,cfed844ce6afeb4d,productcatalogservice.ProductCatalogService.GetProduct,CHILD_OF,e68f58f4df7c4223,1751042166352391,28,p1,client
01644784aaa2482f992bb4b87ca11811,729e90c60896866c,currencyservice.CurrencyService.Convert,CHILD_OF,e68f58f4df7c4223,1751042166352435,36,p1,client
01644784aaa2482f992bb4b87ca11811,e68f58f4df7c4223,cart,,,1751042166351433,1219,p1,server
01644784aaa2482f992bb4b87ca11811,01c9e787c75c2b37,cartservice.CartService.GetCart,CHILD_OF,e68f58f4df7c4223,1751042166351502,121,p1,client
01644784aaa2482f992bb4b87ca11811,28f0d9a12596a6d9,currencyservice.CurrencyService.Convert,CHILD_OF,e68f58f4df7c4223,1751042166352266,41,p1,client
01644784aaa2482f992bb4b87ca11811,9d7f0b9b51591a12,currencyservice.CurrencyService.Convert,CHILD_OF,e68f58f4df7c4223,1751042166352344,46,p1,client
87e23896ccf1f78f601a5bc479e2e097,ba5d79e5416bc416,cart_empty,,,1751042166358602,190,p1,server
87e23896ccf1f78f601a5bc479e2e097,7a0a9257b551fb13,cartservice.CartService.EmptyCart,CHILD_OF,ba5d79e5416bc416,1751042166358620,165,p1,client
0c4a34ae365a052e28f6bda857a6654b,4cb1b26f7c46e784,currencyservice.CurrencyService.Convert,CHILD_OF,9c5e89cf4c6f2eb5,1751042166359764,52,p1,client
0c4a34ae365a052e28f6bda857a6654b,18476201a1bb9ded,currencyservice.CurrencyService.GetSupportedCurrencies,CHILD_OF,9c5e89cf4c6f2eb5,1751042166359010,59,p1,client
0c4a34ae365a052e28f6bda857a6654b,629fe19b5463476e,productcatalogservice.ProductCatalogService.ListProducts,CHILD_OF,9c5e89cf4c6f2eb5,1751042166359073,50,p1,client
0c4a34ae365a052e28f6bda857a6654b,784526583df9694d,adservice.AdService.GetAds,CHILD_OF,9c5e89cf4c6f2eb5,1751042166359935,55,p1,client
0c4a34ae365a052e28f6bda857a6654b,a985f91e41d7692e,productcatalogservice.ProductCatalogService.ListProducts,CHILD_OF,9c5e89cf4c6f2eb5,1751042166359125,47,p1,client
0c4a34ae365a052e28f6bda857a6654b,859e66e2c01300aa,currencyservice.CurrencyService.Convert,CHILD_OF,9c5e89cf4c6f2eb5,1751042166359633,66,p1,client
0c4a34ae365a052e28f6bda857a6654b,d339990fb6c896d1,currencyservice.CurrencyService.Convert,CHILD_OF,9c5e89cf4c6f2eb5,1751042166359701,62,p1,client
0c4a34ae365a052e28f6bda857a6654b,9c5e89cf4c6f2eb5,home,,,1751042166359004,1161,p1,server
0c4a34ae365a052e28f6bda857a6654b,d68a1924e2bf63c2,currencyservice.CurrencyService.Convert,CHILD_OF,9c5e89cf4c6f2eb5,1751042166359818,58,p1,client
0c4a34ae365a052e28f6bda857a6654b,d5343a1f2a4bbe2d,productcatalogservice.ProductCatalogService.ListProducts,CHILD_OF,9c5e89cf4c6f2eb5,1751042166359173,47,p1,client
0c4a34ae365a052e28f6bda857a6654b,eb7ac2633fda8b25,cartservice.CartService.GetCart,CHILD_OF,9c5e89cf4c6f2eb5,1751042166359222,114,p1,client
0c4a34ae365a052e28f6bda857a6654b,821ce7c29bf8676a,currencyservice.CurrencyService.Convert,CHILD_OF,9c5e89cf4c6f2eb5,1751042166359339,71,p1,client
0c4a34ae365a052e28f6bda857a6654b,e6286e991f864d7e,currencyservice.CurrencyService.Convert,CHILD_OF,9c5e89cf4c6f2eb5,1751042166359412,96,p1,client
0c4a34ae365a052e28f6bda857a6654b,715db955b739de53,currencyservice.CurrencyService.Convert,CHILD_OF,9c5e89cf4c6f2eb5,1751042166359510,45,p1,client
0c4a34ae365a052e28f6bda857a6654b,a0033e91ff4f73de,currencyservice.CurrencyService.Convert,CHILD_OF,9c5e89cf4c6f2eb5,1751042166359556,75,p1,client
0c4a34ae365a052e28f6bda857a6654b,871661b73616f09d,currencyservice.CurrencyService.Convert,CHILD_OF,9c5e89cf4c6f2eb5,1751042166359878,53,p1,client
ab83de5bad9aa39a941213e549733303,73d4b08c225fcd1f,productcatalogservice.ProductCatalogService.GetProduct,CHILD_OF,32d4f46a78fbca6c,1751042166359388,38,p1,client
ab83de5bad9aa39a941213e549733303,9b6a0f42dc18eb32,cartservice.CartService.AddItem,CHILD_OF,32d4f46a78fbca6c,1751042166359427,157,p1,client
ab83de5bad9aa39a941213e549733303,32d4f46a78fbca6c,cart,,,1751042166359366,225,p1,server
c9ff14777941bad26d6e1735cdf58b99,d022995af74282bf,currencyservice.CurrencyService.GetSupportedCurrencies,CHILD_OF,7f28f7ff43a7e982,1751042166359798,61,p1,client
c9ff14777941bad26d6e1735cdf58b99,bbfffe6f28c673fc,recommendationservice.RecService.ListRecommendations,CHILD_OF,7f28f7ff43a7e982,1751042166359976,253,p1,client
c9ff14777941bad26d6e1735cdf58b99,6a84efa5999015fc,productcatalogservice.ProductCatalogService.GetProducts,CHILD_OF,7f28f7ff43a7e982,1751042166360232,50,p1,client
c9ff14777941bad26d6e1735cdf58b99,f51f374dd0cdb1da,shippingservice.ShippingService.GetQuote,CHILD_OF,7f28f7ff43a7e982,1751042166360364,49,p1,client
c9ff14777941bad26d6e1735cdf58b99,e497040934c0dbbe,currencyservice.CurrencyService.Convert,CHILD_OF,7f28f7ff43a7e982,1751042166360414,33,p1,client
c9ff14777941bad26d6e1735cdf58b99,138f6e2a71c0df2f,productcatalogservice.ProductCatalogService.GetProduct,CHILD_OF,7f28f7ff43a7e982,1751042166360449,41,p1,client
c9ff14777941bad26d6e1735cdf58b99,e97a54fe1609ea4a,currencyservice.CurrencyService.Convert,CHILD_OF,7f28f7ff43a7e982,1751042166360492,36,p1,client
c9ff14777941bad26d6e1735cdf58b99,395f0eaf5ab2b3db,cartservice.CartService.GetCart,CHILD_OF,7f28f7ff43a7e982,1751042166359862,112,p1,client
c9ff14777941bad26d6e1735cdf58b99,9a559084b0db79b2,productcatalogservice.ProductCatalogService.GetProducts,CHILD_OF,7f28f7ff43a7e982,1751042166360283,38,p1,client
c9ff14777941bad26d6e1735cdf58b99,200ebe233c729bf8,productcatalogservice.ProductCatalogService.GetProducts,CHILD_OF,7f28f7ff43a7e982,1751042166360322,40,p1,client
c9ff14777941bad26d6e1735cdf58b99,7f28f7ff43a7e982,cart,,,1751042166359795,884,p1,server
4e0af9e121ad459ba4cc669df0224d3b,46fe26018d4dbfc4,currencyservice.CurrencyService.Convert,CHILD_OF,5e4a754b703137c4,1751042166370849,37,p1,client
4e0af9e121ad459ba4cc669df0224d3b,0ee03995270d2044,productcatalogservice.ProductCatalogService.GetProduct,CHILD_OF,5e4a754b703137c4,1751042166370887,33,p1,client
4e0af9e121ad459ba4cc669df0224d3b,9e80a202914f26f0,currencyservice.CurrencyService.Convert,CHILD_OF,5e4a754b703137c4,1751042166370922,43,p1,client
4e0af9e121ad459ba4cc669df0224d3b,5e4a754b703137c4,cart,,,1751042166370206,923,p1,server
4e0af9e121ad459ba4cc669df0224d3b,1eb2d1a0b6adc749,cartservice.CartService.GetCart,CHILD_OF,5e4a754b703137c4,1751042166370278,115,p1,client
4e0af9e121ad459ba4cc669df0224d3b,52013fa47b1f4966,currencyservice.CurrencyService.GetSupportedCurrencies,CHILD_OF,5e4a754b703137c4,1751042166370222,53,p1,client
4e0af9e121ad459ba4cc669df0224d3b,a34737d4f7ad7fda,recommendationservice.RecService.ListRecommendations,CHILD_OF,5e4a754b703137c4,1751042166370395,256,p1,client
4e0af9e121ad459ba4cc669df0224d3b,7b12f46e4f54caf1,productcatalogservice.ProductCatalogService.GetProducts,CHILD_OF,5e4a754b703137c4,1751042166370700,52,p1,client
4e0af9e121ad459ba4cc669df0224d3b,7bae14cc5bcd9098,productcatalogservice.ProductCatalogService.GetProducts,CHILD_OF,5e4a754b703137c4,1751042166370753,39,p1,client
4e0af9e121ad459ba4cc669df0224d3b,45a0021dbd68417f,productcatalogservice.ProductCatalogService.GetProducts,CHILD_OF,5e4a754b703137c4,1751042166370654,45,p1,client
4e0af9e121ad459ba4cc669df0224d3b,60d2cc51eff2f19c,shippingservice.ShippingService.GetQuote,CHILD_OF,5e4a754b703137c4,1751042166370795,53,p1,client
d5da0a6c2dcb90804e98d158ef691b74,fd7fa5923b6fe5de,setcurrency,,,1751042166377282,19,p1,server
e82856b116f13133e7d07da3fe844d3d,cd0d55881cabede2,home,,,1751042166377584,892,p1,server
e82856b116f13133e7d07da3fe844d3d,52f5f546bd69d858,productcatalogservice.ProductCatalogService.ListProducts,CHILD_OF,cd0d55881cabede2,1751042166377776,43,p1,client
e82856b116f13133e7d07da3fe844d3d,c678cfe9d68fd32b,cartservice.CartService.GetCart,CHILD_OF,cd0d55881cabede2,1751042166377821,111,p1,client
e82856b116f13133e7d07da3fe844d3d,515b83b750403f0f,currencyservice.CurrencyService.Convert,CHILD_OF,cd0d55881cabede2,1751042166377934,41,p1,client
e82856b116f13133e7d07da3fe844d3d,343d0e28636447e2,adservice.AdService.GetAds,CHILD_OF,cd0d55881cabede2,1751042166378268,47,p1,client
e82856b116f13133e7d07da3fe844d3d,15df89225f3a3f03,currencyservice.CurrencyService.GetSupportedCurrencies,CHILD_OF,cd0d55881cabede2,1751042166377602,64,p1,client
e82856b116f13133e7d07da3fe844d3d,8e889d0f8b239aaf,productcatalogservice.ProductCatalogService.ListProducts,CHILD_OF,cd0d55881cabede2,1751042166377669,66,p1,client
e82856b116f13133e7d07da3fe844d3d,5d118bb778816a8d,currencyservice.CurrencyService.Convert,CHILD_OF,cd0d55881cabede2,1751042166378162,31,p1,client
e82856b116f13133e7d07da3fe844d3d,693a763fd2bba141,currencyservice.CurrencyService.Convert,CHILD_OF,cd0d55881cabede2,1751042166377977,42,p1,client
e82856b116f13133e7d07da3fe844d3d,2f207df675cb32bc,currencyservice.CurrencyService.Convert,CHILD_OF,cd0d55881cabede2,1751042166378020,39,p1,client
e82856b116f13133e7d07da3fe844d3d,01ff3023e1977b39,currencyservice.CurrencyService.Convert,CHILD_OF,cd0d55881cabede2,1751042166378228,36,p1,client
e82856b116f13133e7d07da3fe844d3d,f2440d692a39c0ae,productcatalogservice.ProductCatalogService.ListProducts,CHILD_OF,cd0d55881cabede2,1751042166377737,38,p1,client
e82856b116f13133e7d07da3fe844d3d,5a1bd56bb695755d,currencyservice.CurrencyService.Convert,CHILD_OF,cd0d55881cabede2,1751042166378060,33,p1,client
e82856b116f13133e7d07da3fe844d3d,eff0f198322334d1,currencyservice.CurrencyService.Convert,CHILD_OF,cd0d55881cabede2,1751042166378095,32,p1,client
e82856b116f13133e7d07da3fe844d3d,ea212c07d4b2b30b,currencyservice.CurrencyService.Convert,CHILD_OF,cd0d55881cabede2,1751042166378128,32,p1,client
e82856b116f13133e7d07da3fe844d3d,0cef5afc861f923f,currencyservice.CurrencyService.Convert,CHILD_OF,cd0d55881cabede2,1751042166378195,32,p1,client
e230a35a64d96f8f2bb06f08a39476fb,64399c9d0055b0e7,setcurrency,,,1751042190193954,16,p1,server
84aeecab448b2d17d239d8a46852d105,24e10473c1fcd257,setcurrency,,,1751042190197613,20,p1,server
d188a1f042a276aeaeb30b584df5ec6d,b089891a8f0b769f,setcurrency,,,1751042190198062,15,p1,server
df610592456e44280d054013cd23cc8d,35e425d16ba05e40,setcurrency,,,1751042190218124,32,p1,server
8e0e66166c3ca80579f5c6998c2d863a,cb4536e4c1ff60d2,setcurrency,,,1751042190221076,23,p1,server
6fe89ecbb7b9753a5491df62a592aa96,4d9ca659d0267c62,currencyservice.CurrencyService.GetSupportedCurrencies,CHILD_OF,d088cc215d288974,1751042190221263,239,p1,client
6fe89ecbb7b9753a5491df62a592aa96,0bb3942814a81be7,productcatalogservice.ProductCatalogService.ListProducts,CHILD_OF,d088cc215d288974,1751042190221504,580,p1,client
6fe89ecbb7b9753a5491df62a592aa96,cf9489504b3fcb89,currencyservice.CurrencyService.Convert,CHILD_OF,d088cc215d288974,1751042190226401,36,p1,client
6fe89ecbb7b9753a5491df62a592aa96,3a5befe1d48e45f7,currencyservice.CurrencyService.Convert,CHILD_OF,d088cc215d288974,1751042190229817,59,p1,client
6fe89ecbb7b9753a5491df62a592aa96,d088cc215d288974,home,,,1751042190221256,10163,p1,server
6fe89ecbb7b9753a5491df62a592aa96,80b2f302a9b87e44,cartservice.CartService.GetCart,CHILD_OF,d088cc215d288974,1751042190223173,3198,p1,client
6fe89ecbb7b9753a5491df62a592aa96,5cb85a8930e727d4,currencyservice.CurrencyService.Convert,CHILD_OF,d088cc215d288974,1751042190226373,27,p1,client
6fe89ecbb7b9753a5491df62a592aa96,3ade738811032e3d,currencyservice.CurrencyService.Convert,CHILD_OF,d088cc215d288974,1751042190226439,3376,p1,client
6fe89ecbb7b9753a5491df62a592aa96,99d51c4a387b83f8,currencyservice.CurrencyService.Convert,CHILD_OF,d088cc215d288974,1751042190230944,242,p1,client
6fe89ecbb7b9753a5491df62a592aa96,acd2d15f73c6df62,currencyservice.CurrencyService.Convert,CHILD_OF,d088cc215d288974,1751042190229877,152,p1,client
6fe89ecbb7b9753a5491df62a592aa96,5a40e4832f25c372,productcatalogservice.ProductCatalogService.ListProducts,CHILD_OF,0bb3942814a81be7,1751042190221525,10,p2,server
6fe89ecbb7b9753a5491df62a592aa96,f72ce2a9df521620,productcatalogservice.ProductCatalogService.ListProducts,CHILD_OF,d088cc215d288974,1751042190222883,289,p1,client
6fe89ecbb7b9753a5491df62a592aa96,5b33459d3cb74bc7,adservice.AdService.GetAds,CHILD_OF,d088cc215d288974,1751042190231218,41,p1,client
6fe89ecbb7b9753a5491df62a592aa96,b19344ce8b113376,productcatalogservice.ProductCatalogService.ListProducts,CHILD_OF,d088cc215d288974,1751042190222085,797,p1,client
6fe89ecbb7b9753a5491df62a592aa96,98934b559663fdf1,currencyservice.CurrencyService.Convert,CHILD_OF,d088cc215d288974,1751042190230030,315,p1,client
6fe89ecbb7b9753a5491df62a592aa96,6ab4175573260988,currencyservice.CurrencyService.Convert,CHILD_OF,d088cc215d288974,1751042190230347,595,p1,client
6fe89ecbb7b9753a5491df62a592aa96,98e20c6b71c10190,currencyservice.CurrencyService.Convert,CHILD_OF,d088cc215d288974,1751042190231188,27,p1,client
e02e8a9464bd5df3f3264ef41da7362c,d9e24954b1d8b47d,setcurrency,,,1751042190224793,21,p1,server
bb31622338fbd572368b3f2c9818b2fe,6ae10efb401f7ad5,home,,,1751042190225076,6040,p1,server
bb31622338fbd572368b3f2c9818b2fe,212e59a33708ce3c,currencyservice.CurrencyService.GetSupportedCurrencies,CHILD_OF,6ae10efb401f7ad5,1751042190225092,68,p1,client
bb31622338fbd572368b3f2c9818b2fe,7f3efa44094f3414,productcatalogservice.ProductCatalogService.ListProducts,CHILD_OF,6ae10efb401f7ad5,1751042190225163,59,p1,client
bb31622338fbd572368b3f2c9818b2fe,4645feb11a3412af,productcatalogservice.ProductCatalogService.ListProducts,CHILD_OF,6ae10efb401f7ad5,1751042190225264,39,p1,client
bb31622338fbd572368b3f2c9818b2fe,17bc93038892fcac,currencyservice.CurrencyService.Convert,CHILD_OF,6ae10efb401f7ad5,1751042190226415,1081,p1,client
bb31622338fbd572368b3f2c9818b2fe,5670b8ea1de677ee,productcatalogservice.ProductCatalogService.ListProducts,CHILD_OF,6ae10efb401f7ad5,1751042190225223,40,p1,client
bb31622338fbd572368b3f2c9818b2fe,50dbef8686ce469c,currencyservice.CurrencyService.Convert,CHILD_OF,6ae10efb401f7ad5,1751042190229908,45,p1,client
bb31622338fbd572368b3f2c9818b2fe,4a2c4b4b6bada311,cartservice.CartService.GetCart,CHILD_OF,6ae10efb401f7ad5,1751042190225306,1107,p1,client
bb31622338fbd572368b3f2c9818b2fe,a960cc0329e5def1,currencyservice.CurrencyService.Convert,CHILD_OF,6ae10efb401f7ad5,1751042190229855,52,p1,client
bb31622338fbd572368b3f2c9818b2fe,b06bb8daab33dbc1,currencyservice.CurrencyService.Convert,CHILD_OF,6ae10efb401f7ad5,1751042190230008,240,p1,client
bb31622338fbd572368b3f2c9818b2fe,06c88086ae16ba81,currencyservice.CurrencyService.Convert,CHILD_OF,6ae10efb401f7ad5,1751042190230249,71,p1,client
bb31622338fbd572368b3f2c9818b2fe,45d098cd3aa3b244,currencyservice.CurrencyService.Convert,CHILD_OF,6ae10efb401f7ad5,1751042190230322,34,p1,client
bb31622338fbd572368b3f2c9818b2fe,4dcda76943f7a921,adservice.AdService.GetAds,CHILD_OF,6ae10efb401f7ad5,1751042190230358,614,p1,client
bb31622338fbd572368b3f2c9818b2fe,0fb816469e89db7a,currencyservice.CurrencyService.Convert,CHILD_OF,6ae10efb401f7ad5,1751042190227498,2356,p1,client
bb31622338fbd572368b3f2c9818b2fe,2ab490d111cb546d,currencyservice.CurrencyService.Convert,CHILD_OF,6ae10efb401f7ad5,1751042190229982,25,p1,client
bb31622338fbd572368b3f2c9818b2fe,25b0fedb030e9f96,currencyservice.CurrencyService.Convert,CHILD_OF,6ae10efb401f7ad5,1751042190229955,25,p1,client
bb31622338fbd572368b3f2c9818b2fe,910851e086b214e5,productcatalogservice.ProductCatalogService.ListProducts,CHILD_OF,7f3efa44094f3414,1751042190225192,18,p2,server
c7f9bcb0e1e32c3a70ab682ecba782e8,76ea8735e7def8d3,productcatalogservice.ProductCatalogService.GetProduct,CHILD_OF,1ab07c3daa9c7f3f,1751042190241445,68,p1,client
c7f9bcb0e1e32c3a70ab682ecba782e8,1ab07c3daa9c7f3f,cart,,,1751042190241422,246,p1,server
c7f9bcb0e1e32c3a70ab682ecba782e8,05173c35c75706c1,cartservice.CartService.AddItem,CHILD_OF,1ab07c3daa9c7f3f,1751042190241515,146,p1,client
12963252b20d5835318ffa391401ed45,1796ef91c7641542,cartservice.CartService.GetCart,CHILD_OF,03685ccb33ee9cfe,1751042190244181,121,p1,client
12963252b20d5835318ffa391401ed45,1d2e1ced67aa5e26,currencyservice.CurrencyService.Convert,CHILD_OF,03685ccb33ee9cfe,1751042190244471,31,p1,client
12963252b20d5835318ffa391401ed45,bec4bec57f384138,adservice.AdService.GetAds,CHILD_OF,03685ccb33ee9cfe,1751042190244648,43,p1,client
12963252b20d5835318ffa391401ed45,03685ccb33ee9cfe,home,,,1751042190243968,902,p1,server
12963252b20d5835318ffa391401ed45,320cf19377d8d3da,productcatalogservice.ProductCatalogService.ListProducts,CHILD_OF,3bc1b3303d67578b,1751042190244075,12,p2,server
12963252b20d5835318ffa391401ed45,11e31356c5322e97,productcatalogservice.ProductCatalogService.ListProducts,CHILD_OF,03685ccb33ee9cfe,1751042190244102,35,p1,client
12963252b20d5835318ffa391401ed45,7d52d20b38d2acf5,productcatalogservice.ProductCatalogService.ListProducts,CHILD_OF,03685ccb33ee9cfe,1751042190244139,40,p1,client
12963252b20d5835318ffa391401ed45,8273adc68a28ddbb,currencyservice.CurrencyService.Convert,CHILD_OF,03685ccb33ee9cfe,1751042190244428,41,p1,client
12963252b20d5835318ffa391401ed45,f3813ede1c066efe,currencyservice.CurrencyService.Convert,CHILD_OF,03685ccb33ee9cfe,1751042190244504,36,p1,client
12963252b20d5835318ffa391401ed45,2f025ec321997e0a,currencyservice.CurrencyService.Convert,CHILD_OF,03685ccb33ee9cfe,1751042190244541,32,p1,client
12963252b20d5835318ffa391401ed45,04668e71293c74d2,currencyservice.CurrencyService.Convert,CHILD_OF,03685ccb33ee9cfe,1751042190244391,36,p1,client
12963252b20d5835318ffa391401ed45,6340166d5c9a9840,currencyservice.CurrencyService.Convert,CHILD_OF,03685ccb33ee9cfe,1751042190244575,33,p1,client
12963252b20d5835318ffa391401ed45,05aded29d0eff75a,currencyservice.CurrencyService.GetSupportedCurrencies,CHILD_OF,03685ccb33ee9cfe,1751042190243987,61,p1,client
12963252b20d5835318ffa391401ed45,3bc1b3303d67578b,productcatalogservice.ProductCatalogService.ListProducts,CHILD_OF,03685ccb33ee9cfe,1751042190244052,48,p1,client
12963252b20d5835318ffa391401ed45,0d4f936e096ffadf,currencyservice.CurrencyService.Convert,CHILD_OF,03685ccb33ee9cfe,1751042190244305,45,p1,client
12963252b20d5835318ffa391401ed45,d60b259e17b25dcf,currencyservice.CurrencyService.Convert,CHILD_OF,03685ccb33ee9cfe,1751042190244351,39,p1,client
12963252b20d5835318ffa391401ed45,f035123ba674d3ad,currencyservice.CurrencyService.Convert,CHILD_OF,03685ccb33ee9cfe,1751042190244609,35,p1,client
637dcda64aefb015abc0e2d6aebfebae,feb1bf88e617db6c,cartservice.CartService.EmptyCart,CHILD_OF,f5bad5f89e22a1b7,1751042190258153,109,p1,client
637dcda64aefb015abc0e2d6aebfebae,f5bad5f89e22a1b7,cart_empty,,,1751042190258134,136,p1,server
12d6437a8711fbcbde22b8e30ff399cd,b17ac4d93c4f132b,currencyservice.CurrencyService.GetSupportedCurrencies,CHILD_OF,bd2dd04c6e4c5ca5,1751042190258506,62,p1,client
12d6437a8711fbcbde22b8e30ff399cd,40d66d265fc43f0a,currencyservice.CurrencyService.Convert,CHILD_OF,bd2dd04c6e4c5ca5,1751042190259149,34,p1,client
12d6437a8711fbcbde22b8e30ff399cd,7bfdbb890be78874,currencyservice.CurrencyService.Convert,CHILD_OF,bd2dd04c6e4c5ca5,1751042190258966,39,p1,client
12d6437a8711fbcbde22b8e30ff399cd,74c0b49b7d8bcea8,productcatalogservice.ProductCatalogService.ListProducts,CHILD_OF,bd2dd04c6e4c5ca5,1751042190258572,50,p1,client
12d6437a8711fbcbde22b8e30ff399cd,74d9db1d696a3f28,currencyservice.CurrencyService.Convert,CHILD_OF,bd2dd04c6e4c5ca5,1751042190258923,42,p1,client
12d6437a8711fbcbde22b8e30ff399cd,d6db28be4cad677a,cartservice.CartService.GetCart,CHILD_OF,bd2dd04c6e4c5ca5,1751042190258707,126,p1,client
12d6437a8711fbcbde22b8e30ff399cd,1630a69d2590ee79,currencyservice.CurrencyService.Convert,CHILD_OF,bd2dd04c6e4c5ca5,1751042190258881,41,p1,client
12d6437a8711fbcbde22b8e30ff399cd,2660aab9db9d6540,currencyservice.CurrencyService.Convert,CHILD_OF,bd2dd04c6e4c5ca5,1751042190259043,36,p1,client
12d6437a8711fbcbde22b8e30ff399cd,302816bcd5020fbf,adservice.AdService.GetAds,CHILD_OF,bd2dd04c6e4c5ca5,1751042190259187,51,p1,client
12d6437a8711fbcbde22b8e30ff399cd,bd2dd04c6e4c5ca5,home,,,1751042190258499,899,p1,server
12d6437a8711fbcbde22b8e30ff399cd,8d475f5f37d0c033,productcatalogservice.ProductCatalogService.ListProducts,CHILD_OF,bd2dd04c6e4c5ca5,1751042190258624,41,p1,client
12d6437a8711fbcbde22b8e30ff399cd,1204884a609f5665,productcatalogservice.ProductCatalogService.ListProducts,CHILD_OF,bd2dd04c6e4c5ca5,1751042190258667,38,p1,client
12d6437a8711fbcbde22b8e30ff399cd,9c24612e5d403789,currencyservice.CurrencyService.Convert,CHILD_OF,bd2dd04c6e4c5ca5,1751042190258836,43,p1,client
12d6437a8711fbcbde22b8e30ff399cd,430f543b9e5c0f95,currencyservice.CurrencyService.Convert,CHILD_OF,bd2dd04c6e4c5ca5,1751042190259006,36,p1,client
12d6437a8711fbcbde22b8e30ff399cd,04b574a26129538e,currencyservice.CurrencyService.Convert,CHILD_OF,bd2dd04c6e4c5ca5,1751042190259081,33,p1,client
12d6437a8711fbcbde22b8e30ff399cd,25536e17a7543173,currencyservice.CurrencyService.Convert,CHILD_OF,bd2dd04c6e4c5ca5,1751042190259115,32,p1,client
12d6437a8711fbcbde22b8e30ff399cd,0da5bf1e2b1a3bf9,productcatalogservice.ProductCatalogService.ListProducts,CHILD_OF,74c0b49b7d8bcea8,1751042190258597,13,p2,server
d28f00bcceca6ef1a91d63084d850f58,8be382eeb30254b4,productcatalogservice.ProductCatalogService.GetProduct,CHILD_OF,2c8236f3f2a7e5d1,1751042190261377,66,p1,client
d28f00bcceca6ef1a91d63084d850f58,b547e0f1604b3b87,cartservice.CartService.AddItem,CHILD_OF,2c8236f3f2a7e5d1,1751042190261445,170,p1,client
d28f00bcceca6ef1a91d63084d850f58,2c8236f3f2a7e5d1,cart,,,1751042190261352,270,p1,server
6780428eab4ab91e02f4030eeae786ec,57f5541d6368e56b,productcatalogservice.ProductCatalogService.GetProduct,CHILD_OF,05f167ca79f7aa38,1751042190263175,69,p1,client
6780428eab4ab91e02f4030eeae786ec,9c7522e9d30b46e9,cartservice.CartService.AddItem,CHILD_OF,05f167ca79f7aa38,1751042190263246,164,p1,client
6780428eab4ab91e02f4030eeae786ec,05f167ca79f7aa38,cart,,,1751042190263151,265,p1,server
6780428eab4ab91e02f4030eeae786ec,6295fe421c44deec,productcatalogservice.ProductCatalogService.GetProduct,CHILD_OF,57f5541d6368e56b,1751042190263199,10,p2,server
a745dfc51b03e92b8e9b3bdd19ed3990,e93f9fad92eea1ee,currencyservice.CurrencyService.Convert,CHILD_OF,fdead7db76447828,1751042190266261,33,p1,client
a745dfc51b03e92b8e9b3bdd19ed3990,db0a7011b3de42d0,currencyservice.CurrencyService.Convert,CHILD_OF,fdead7db76447828,1751042190266150,38,p1,client
a745dfc51b03e92b8e9b3bdd19ed3990,5b28ec9653a88680,productcatalogservice.ProductCatalogService.ListProducts,CHILD_OF,5bde41404476c4f8,1751042190265809,10,p2,server
a745dfc51b03e92b8e9b3bdd19ed3990,15fdccbc229aa0de,currencyservice.CurrencyService.Convert,CHILD_OF,fdead7db76447828,1751042190266295,32,p1,client
a745dfc51b03e92b8e9b3bdd19ed3990,9606d66a082de9b8,currencyservice.CurrencyService.Convert,CHILD_OF,fdead7db76447828,1751042190266328,35,p1,client
a745dfc51b03e92b8e9b3bdd19ed3990,df02af7a2d0d55aa,productcatalogservice.ProductCatalogService.ListProducts,CHILD_OF,fdead7db76447828,1751042190265884,35,p1,client
a745dfc51b03e92b8e9b3bdd19ed3990,5bde41404476c4f8,productcatalogservice.ProductCatalogService.ListProducts,CHILD_OF,fdead7db76447828,1751042190265792,40,p1,client
a745dfc51b03e92b8e9b3bdd19ed3990,fdead7db76447828,home,,,1751042190265704,874,p1,server
a745dfc51b03e92b8e9b3bdd19ed3990,0892cd3d0198ab3a,cartservice.CartService.GetCart,CHILD_OF,fdead7db76447828,1751042190265921,117,p1,client
a745dfc51b03e92b8e9b3bdd19ed3990,d4d939157ae1faf0,currencyservice.CurrencyService.Convert,CHILD_OF,fdead7db76447828,1751042190266078,34,p1,client
a745dfc51b03e92b8e9b3bdd19ed3990,4fe00bd2d5ccec0b,currencyservice.CurrencyService.Convert,CHILD_OF,fdead7db76447828,1751042190266040,36,p1,client
a745dfc51b03e92b8e9b3bdd19ed3990,f02131c764199916,currencyservice.CurrencyService.Convert,CHILD_OF,fdead7db76447828,1751042190266189,35,p1,client
a745dfc51b03e92b8e9b3bdd19ed3990,3dcb2c9d1f3f1224,adservice.AdService.GetAds,CHILD_OF,fdead7db76447828,1751042190266366,41,p1,client
a745dfc51b03e92b8e9b3bdd19ed3990,69fe05ac28fd512d,currencyservice.CurrencyService.Convert,CHILD_OF,fdead7db76447828,1751042190266113,36,p1,client
a745dfc51b03e92b8e9b3bdd19ed3990,5927129a182aad7d,currencyservice.CurrencyService.GetSupportedCurrencies,CHILD_OF,fdead7db76447828,1751042190265729,59,p1,client
a745dfc51b03e92b8e9b3bdd19ed3990,bab6a1aa6a26f0c0,productcatalogservice.ProductCatalogService.ListProducts,CHILD_OF,fdead7db76447828,1751042190265833,50,p1,client
a745dfc51b03e92b8e9b3bdd19ed3990,4958c4fef5e7bdac,currencyservice.CurrencyService.Convert,CHILD_OF,fdead7db76447828,1751042190266225,35,p1,client
45edb64cedfe73703ead6161b1731586,0a9b4f2f8d835fdd,cart,,,1751042190272353,258,p1,server
45edb64cedfe73703ead6161b1731586,5d86ae2924b9a07c,productcatalogservice.ProductCatalogService.GetProduct,CHILD_OF,0a9b4f2f8d835fdd,1751042190272378,63,p1,client
45edb64cedfe73703ead6161b1731586,6e74f5e40da71780,cartservice.CartService.AddItem,CHILD_OF,0a9b4f2f8d835fdd,1751042190272444,160,p1,client
d2bdad0ca06b4b9f9d1e22d455453679,9956f39ed613a42c,productcatalogservice.ProductCatalogService.GetProduct,CHILD_OF,b96591b2fe362f7f,1751042190273678,34,p1,client
d2bdad0ca06b4b9f9d1e22d455453679,a60079537be942dd,cartservice.CartService.AddItem,CHILD_OF,b96591b2fe362f7f,1751042190273713,364,p1,client
d2bdad0ca06b4b9f9d1e22d455453679,b96591b2fe362f7f,cart,,,1751042190273657,426,p1,server
9aa20423d24013f7bd0f1e1e087ed7ec,b49c291be6a71c28,recommendationservice.RecService.ListRecommendations,CHILD_OF,1e95510280101120,1751042205192359,6442,p1,server
9aa20423d24013f7bd0f1e1e087ed7ec,6f5d2cf835076aa0,checkoutservice.CheckoutService.PlaceOrder,CHILD_OF,588e399bd09799ad,1751042205184953,24037,p2,client
9aa20423d24013f7bd0f1e1e087ed7ec,32f6c59c8f156a13,currencyservice.CurrencyService.GetSupportedCurrencies,CHILD_OF,588e399bd09799ad,1751042205208996,2510,p2,client
9aa20423d24013f7bd0f1e1e087ed7ec,588e399bd09799ad,cart_checkout,,,1751042205184912,26664,p2,server
9aa20423d24013f7bd0f1e1e087ed7ec,3f8ccf5e1efed0c9,productcatalogservice.ProductCatalogService.GetProducts,CHILD_OF,8a811b2a5e1c7382,1751042205199636,9,p3,server
9aa20423d24013f7bd0f1e1e087ed7ec,0af99f12ad5473b1,paymentservice.PaymentService.Charge,CHILD_OF,696177bdb76a8606,1751042205203820,19,p4,server
9aa20423d24013f7bd0f1e1e087ed7ec,ce29a5cc97781216,currencyservice.CurrencyService.Convert,CHILD_OF,6b215ef876f36573,1751042205189641,2695,p5,client
9aa20423d24013f7bd0f1e1e087ed7ec,1e95510280101120,recommendationservice.RecService.ListRecommendations,CHILD_OF,6b215ef876f36573,1751042205192338,6478,p5,client
9aa20423d24013f7bd0f1e1e087ed7ec,8a811b2a5e1c7382,productcatalogservice.ProductCatalogService.GetProducts,CHILD_OF,6b215ef876f36573,1751042205198818,890,p5,client
9aa20423d24013f7bd0f1e1e087ed7ec,21336c3573c1d687,productcatalogservice.ProductCatalogService.GetProducts,CHILD_OF,6b215ef876f36573,1751042205203647,103,p5,client
9aa20423d24013f7bd0f1e1e087ed7ec,696177bdb76a8606,paymentservice.PaymentService.Charge,CHILD_OF,6b215ef876f36573,1751042205203751,213,p5,client
9aa20423d24013f7bd0f1e1e087ed7ec,8919fa5579fb1339,cartservice.CartService.EmptyCart,CHILD_OF,6b215ef876f36573,1751042205204269,710,p5,client
9aa20423d24013f7bd0f1e1e087ed7ec,405566c079c1d6f8,emailservice.EmailService.SendOrderConfirmation,CHILD_OF,6b215ef876f36573,1751042205204982,83,p5,client
9aa20423d24013f7bd0f1e1e087ed7ec,b62fd4c2bb66dc1e,productcatalogservice.ProductCatalogService.SearchProducts,CHILD_OF,b49c291be6a71c28,1751042205192361,588,p1,client
9aa20423d24013f7bd0f1e1e087ed7ec,e2174945543e89e0,cartservice.CartService.GetCart,CHILD_OF,6b215ef876f36573,1751042205188979,334,p5,client
9aa20423d24013f7bd0f1e1e087ed7ec,bf09ff5cba766e0b,shippingservice.ShippingService.GetQuote,CHILD_OF,6b215ef876f36573,1751042205189315,325,p5,client
9aa20423d24013f7bd0f1e1e087ed7ec,4c39dcce24f44193,productcatalogservice.ProductCatalogService.GetProducts,CHILD_OF,6b215ef876f36573,1751042205199709,3937,p5,client
9aa20423d24013f7bd0f1e1e087ed7ec,86dcfee07f45be83,shippingservice.ShippingService.ShipOrder,CHILD_OF,6b215ef876f36573,1751042205203982,286,p5,client
9aa20423d24013f7bd0f1e1e087ed7ec,6b215ef876f36573,checkoutservice.CheckoutService.PlaceOrder,CHILD_OF,6f5d2cf835076aa0,1751042205188967,16124,p5,server
9aa20423d24013f7bd0f1e1e087ed7ec,9158614970026c0b,productcatalogservice.ProductCatalogService.GetProducts,CHILD_OF,21336c3573c1d687,1751042205203663,6,p6,server
9aa20423d24013f7bd0f1e1e087ed7ec,22072b6c97d29278,productcatalogservice.ProductCatalogService.SearchProducts,CHILD_OF,b49c291be6a71c28,1751042205197809,983,p1,client
9aa20423d24013f7bd0f1e1e087ed7ec,1011b65ec63021b1,productcatalogservice.ProductCatalogService.GetProducts,CHILD_OF,4c39dcce24f44193,1751042205203579,5,p7,server
9aa20423d24013f7bd0f1e1e087ed7ec,2e6a042f4df3907d,productcatalogservice.ProductCatalogService.SearchProducts,CHILD_OF,22072b6c97d29278,1751042205198478,9,p6,server
9aa20423d24013f7bd0f1e1e087ed7ec,79c3fd476aa7964e,productcatalogservice.ProductCatalogService.SearchProducts,CHILD_OF,3492f74c0c48bcca,1751042205196140,3,p7,server
9aa20423d24013f7bd0f1e1e087ed7ec,baa46ef7fd5a03d6,productcatalogservice.ProductCatalogService.SearchProducts,CHILD_OF,b62fd4c2bb66dc1e,1751042205192439,14,p3,server
9aa20423d24013f7bd0f1e1e087ed7ec,3492f74c0c48bcca,productcatalogservice.ProductCatalogService.SearchProducts,CHILD_OF,b49c291be6a71c28,1751042205192950,4858,p1,client
df0a6fcc0c2b979b90d9c4c3e2e82ddc,3f2bce918086641a,productcatalogservice.ProductCatalogService.ListProducts,CHILD_OF,c2b83b1891191e2e,1751042205202925,6,p1,server
df0a6fcc0c2b979b90d9c4c3e2e82ddc,c2b83b1891191e2e,productcatalogservice.ProductCatalogService.ListProducts,CHILD_OF,fcc15d646b99f3a0,1751042205193373,12302,p2,client
df0a6fcc0c2b979b90d9c4c3e2e82ddc,f6ed81d1b20fe1bd,cartservice.CartService.GetCart,CHILD_OF,fcc15d646b99f3a0,1751042205209428,1354,p2,client
df0a6fcc0c2b979b90d9c4c3e2e82ddc,8a0dc60827b2a596,currencyservice.CurrencyService.Convert,CHILD_OF,fcc15d646b99f3a0,1751042205212478,50,p2,client
df0a6fcc0c2b979b90d9c4c3e2e82ddc,4ba4a3f553466e25,currencyservice.CurrencyService.Convert,CHILD_OF,fcc15d646b99f3a0,1751042205212530,419,p2,client
df0a6fcc0c2b979b90d9c4c3e2e82ddc,910a7872fd53b77b,currencyservice.CurrencyService.Convert,CHILD_OF,fcc15d646b99f3a0,1751042205212950,630,p2,client
df0a6fcc0c2b979b90d9c4c3e2e82ddc,1edfd2e252dbe00c,currencyservice.CurrencyService.Convert,CHILD_OF,fcc15d646b99f3a0,1751042205210784,1693,p2,client
df0a6fcc0c2b979b90d9c4c3e2e82ddc,b995310daabdb9b3,productcatalogservice.ProductCatalogService.ListProducts,CHILD_OF,6847df1fcd63a511,1751042205207923,6,p3,server
df0a6fcc0c2b979b90d9c4c3e2e82ddc,d317bce1e99ff998,currencyservice.CurrencyService.Convert,CHILD_OF,fcc15d646b99f3a0,1751042205223708,2701,p2,client
df0a6fcc0c2b979b90d9c4c3e2e82ddc,f2d9983a5e80591a,adservice.AdService.GetAds,CHILD_OF,cb0bd8a23674c6e2,1751042205226437,15,p4,server
df0a6fcc0c2b979b90d9c4c3e2e82ddc,b066095cd1fa8a0f,currencyservice.CurrencyService.Convert,CHILD_OF,fcc15d646b99f3a0,1751042205213581,1380,p2,client
df0a6fcc0c2b979b90d9c4c3e2e82ddc,7ac70d56a7a47047,currencyservice.CurrencyService.Convert,CHILD_OF,fcc15d646b99f3a0,1751042205214963,6992,p2,client
df0a6fcc0c2b979b90d9c4c3e2e82ddc,c4b0189001cda5d6,currencyservice.CurrencyService.GetSupportedCurrencies,CHILD_OF,fcc15d646b99f3a0,1751042205190526,2785,p2,client
df0a6fcc0c2b979b90d9c4c3e2e82ddc,cb0bd8a23674c6e2,adservice.AdService.GetAds,CHILD_OF,fcc15d646b99f3a0,1751042205226412,58,p2,client
df0a6fcc0c2b979b90d9c4c3e2e82ddc,6847df1fcd63a511,productcatalogservice.ProductCatalogService.ListProducts,CHILD_OF,fcc15d646b99f3a0,1751042205205678,3747,p2,client
df0a6fcc0c2b979b90d9c4c3e2e82ddc,f6d2a3bf9b3eb600,currencyservice.CurrencyService.Convert,CHILD_OF,fcc15d646b99f3a0,1751042205221957,1266,p2,client
df0a6fcc0c2b979b90d9c4c3e2e82ddc,e7fff66900b31af5,productcatalogservice.ProductCatalogService.ListProducts,CHILD_OF,b64327bc9906018f,1751042205193343,10,p5,server
df0a6fcc0c2b979b90d9c4c3e2e82ddc,fcc15d646b99f3a0,home,,,1751042205190520,37136,p2,server
df0a6fcc0c2b979b90d9c4c3e2e82ddc,b32f5595356398a9,currencyservice.CurrencyService.Convert,CHILD_OF,fcc15d646b99f3a0,1751042205223225,481,p2,client
df0a6fcc0c2b979b90d9c4c3e2e82ddc,b64327bc9906018f,productcatalogservice.ProductCatalogService.ListProducts,CHILD_OF,fcc15d646b99f3a0,1751042205193315,57,p2,client
9cd09a929ea525f6b96808782f31cdb8,8ce2bcf40e1c3a52,productcatalogservice.ProductCatalogService.ListProducts,CHILD_OF,d3d6054858d99b57,1751042205193965,507,p1,client
9cd09a929ea525f6b96808782f31cdb8,85e404d847da2c9d,currencyservice.CurrencyService.Convert,CHILD_OF,d3d6054858d99b57,1751042205210772,1626,p1,client
9cd09a929ea525f6b96808782f31cdb8,2484dd7c00c4e22f,currencyservice.CurrencyService.Convert,CHILD_OF,d3d6054858d99b57,1751042205214787,6548,p1,client
9cd09a929ea525f6b96808782f31cdb8,d9bbdf32ca26bcc9,productcatalogservice.ProductCatalogService.ListProducts,CHILD_OF,6f185bc7b4034233,1751042205207932,5,p2,server
9cd09a929ea525f6b96808782f31cdb8,75ee5eb04b1e4ce4,currencyservice.CurrencyService.Convert,CHILD_OF,d3d6054858d99b57,1751042205226399,424,p1,client
9cd09a929ea525f6b96808782f31cdb8,3d45c7d290a08d0e,currencyservice.CurrencyService.GetSupportedCurrencies,CHILD_OF,d3d6054858d99b57,1751042205193925,38,p1,client
9cd09a929ea525f6b96808782f31cdb8,ddba2cf529fd9a97,productcatalogservice.ProductCatalogService.ListProducts,CHILD_OF,d3d6054858d99b57,1751042205194474,11258,p1,client
9cd09a929ea525f6b96808782f31cdb8,e97bfedd19b74f65,adservice.AdService.GetAds,CHILD_OF,d3d6054858d99b57,1751042205226826,354,p1,client
9cd09a929ea525f6b96808782f31cdb8,541ca4d38b35abe7,currencyservice.CurrencyService.Convert,CHILD_OF,d3d6054858d99b57,1751042205212399,119,p1,client
9cd09a929ea525f6b96808782f31cdb8,5fbee0960772fa59,currencyservice.CurrencyService.Convert,CHILD_OF,d3d6054858d99b57,1751042205212519,414,p1,client
9cd09a929ea525f6b96808782f31cdb8,c950b80ae488e6c0,currencyservice.CurrencyService.Convert,CHILD_OF,d3d6054858d99b57,1751042205221338,605,p1,client
9cd09a929ea525f6b96808782f31cdb8,799b3ba6c839e7d3,currencyservice.CurrencyService.Convert,CHILD_OF,d3d6054858d99b57,1751042205223456,2941,p1,client
9cd09a929ea525f6b96808782f31cdb8,8a32d02b93ed5fb5,productcatalogservice.ProductCatalogService.ListProducts,CHILD_OF,ddba2cf529fd9a97,1751042205202933,7,p3,server
9cd09a929ea525f6b96808782f31cdb8,6f185bc7b4034233,productcatalogservice.ProductCatalogService.ListProducts,CHILD_OF,d3d6054858d99b57,1751042205205738,3709,p1,client
9cd09a929ea525f6b96808782f31cdb8,cd9c2e4f3b54f378,cartservice.CartService.GetCart,CHILD_OF,d3d6054858d99b57,1751042205209449,1321,p1,client
9cd09a929ea525f6b96808782f31cdb8,ee1515a55cb5e466,currencyservice.CurrencyService.Convert,CHILD_OF,d3d6054858d99b57,1751042205212934,1850,p1,client
9cd09a929ea525f6b96808782f31cdb8,6b980998398e8849,currencyservice.CurrencyService.Convert,CHILD_OF,d3d6054858d99b57,1751042205221945,1510,p1,client
9cd09a929ea525f6b96808782f31cdb8,344962742ce75900,productcatalogservice.ProductCatalogService.ListProducts,CHILD_OF,8ce2bcf40e1c3a52,1751042205193986,9,p4,server
9cd09a929ea525f6b96808782f31cdb8,d3d6054858d99b57,home,,,1751042205193903,33442,p1,server
9cd09a929ea525f6b96808782f31cdb8,ae17872df6ead339,adservice.AdService.GetAds,CHILD_OF,e97bfedd19b74f65,1751042205226851,17,p5,server
2574c0e1e056b9bdade6d30a0f694a75,2941e8abf723abf2,currencyservice.CurrencyService.Convert,CHILD_OF,9caccb55cfb8e024,1751042205223203,972,p1,client
2574c0e1e056b9bdade6d30a0f694a75,35e342fd1c37e830,adservice.AdService.GetAds,CHILD_OF,9caccb55cfb8e024,1751042205224179,64,p1,client
2574c0e1e056b9bdade6d30a0f694a75,40a179984bc40137,productcatalogservice.ProductCatalogService.ListProducts,CHILD_OF,9caccb55cfb8e024,1751042205195669,10354,p1,client
2574c0e1e056b9bdade6d30a0f694a75,942f4484a243920f,currencyservice.CurrencyService.Convert,CHILD_OF,9caccb55cfb8e024,1751042205215460,6506,p1,client
2574c0e1e056b9bdade6d30a0f694a75,c4ca02b5eb58b402,currencyservice.CurrencyService.Convert,CHILD_OF,9caccb55cfb8e024,1751042205221967,1234,p1,client
2574c0e1e056b9bdade6d30a0f694a75,9caccb55cfb8e024,home,,,1751042205190384,34014,p1,server
2574c0e1e056b9bdade6d30a0f694a75,989d9dc37f240e27,productcatalogservice.ProductCatalogService.ListProducts,CHILD_OF,9caccb55cfb8e024,1751042205195173,495,p1,client
2574c0e1e056b9bdade6d30a0f694a75,db09e9367c450b21,currencyservice.CurrencyService.GetSupportedCurrencies,CHILD_OF,9caccb55cfb8e024,1751042205190404,4764,p1,client
2574c0e1e056b9bdade6d30a0f694a75,c4c766acf264f4e7,productcatalogservice.ProductCatalogService.ListProducts,CHILD_OF,989d9dc37f240e27,1751042205195187,11,p2,server
2574c0e1e056b9bdade6d30a0f694a75,369abb94df33f504,adservice.AdService.GetAds,CHILD_OF,35e342fd1c37e830,1751042205224200,13,p3,server
2574c0e1e056b9bdade6d30a0f694a75,384408e3513dad72,productcatalogservice.ProductCatalogService.ListProducts,CHILD_OF,40a179984bc40137,1751042205202955,9,p4,server
2574c0e1e056b9bdade6d30a0f694a75,a3edd37f1b7a9d9b,cartservice.CartService.GetCart,CHILD_OF,9caccb55cfb8e024,1751042205209462,717,p1,client
2574c0e1e056b9bdade6d30a0f694a75,2fcb9c034e67588f,currencyservice.CurrencyService.Convert,CHILD_OF,9caccb55cfb8e024,1751042205212552,575,p1,client
2574c0e1e056b9bdade6d30a0f694a75,2a1646e3b07275c9,currencyservice.CurrencyService.Convert,CHILD_OF,9caccb55cfb8e024,1751042205213571,1839,p1,client
2574c0e1e056b9bdade6d30a0f694a75,082bf07cb67633ea,productcatalogservice.ProductCatalogService.ListProducts,CHILD_OF,87b514ea60825797,1751042205207939,5,p5,server
2574c0e1e056b9bdade6d30a0f694a75,87b514ea60825797,productcatalogservice.ProductCatalogService.ListProducts,CHILD_OF,9caccb55cfb8e024,1751042205206025,3435,p1,client
2574c0e1e056b9bdade6d30a0f694a75,da22f4eff496efee,currencyservice.CurrencyService.Convert,CHILD_OF,9caccb55cfb8e024,1751042205212456,95,p1,client
2574c0e1e056b9bdade6d30a0f694a75,37fb7485fac7d204,currencyservice.CurrencyService.Convert,CHILD_OF,9caccb55cfb8e024,1751042205210181,2273,p1,client
2574c0e1e056b9bdade6d30a0f694a75,89e0d51e0be59310,currencyservice.CurrencyService.Convert,CHILD_OF,9caccb55cfb8e024,1751042205215412,46,p1,client
2574c0e1e056b9bdade6d30a0f694a75,103af59fab260d01,currencyservice.CurrencyService.Convert,CHILD_OF,9caccb55cfb8e024,1751042205213128,442,p1,client
faf2388a06ed4e22411886fba95cc939,69e7e02923d14be3,setcurrency,,,1751042205196924,108,p1,server
414f0e97183b30761e532cbac4ebaace,ed0cd352fbbd8e41,setcurrency,,,1751042205197727,31,p1,server
286e83d3268add63923a7713bc52582a,25f566d58717928b,productcatalogservice.ProductCatalogService.GetProducts,CHILD_OF,cd5631c17bb2000b,1751042205200482,4370,p1,client
286e83d3268add63923a7713bc52582a,cd5631c17bb2000b,cart,,,1751042205189661,22708,p1,server
286e83d3268add63923a7713bc52582a,703eeffdce4c6f97,recommendationservice.RecService.ListRecommendations,CHILD_OF,cd5631c17bb2000b,1751042205190497,8818,p1,client
286e83d3268add63923a7713bc52582a,112b11bacce531e1,productcatalogservice.ProductCatalogService.SearchProducts,CHILD_OF,3515cc3fa3316f96,1751042205192347,11,p2,server
286e83d3268add63923a7713bc52582a,b154aece5d987c74,productcatalogservice.ProductCatalogService.GetProducts,CHILD_OF,cd5631c17bb2000b,1751042205204855,4450,p1,client
286e83d3268add63923a7713bc52582a,4ea2fd63dbe597a4,cartservice.CartService.GetCart,CHILD_OF,cd5631c17bb2000b,1751042205189776,719,p1,client
286e83d3268add63923a7713bc52582a,e8f0d895ddcfc482,recommendationservice.RecService.ListRecommendations,CHILD_OF,703eeffdce4c6f97,1751042205192223,6512,p3,server
286e83d3268add63923a7713bc52582a,75fdf8a68895b2d0,cartservice.cartCache.Get,CHILD_OF,bff529c9a090f692,1751042205189799,102,p4,client
286e83d3268add63923a7713bc52582a,c415b42729842ff7,productcatalogservice.ProductCatalogService.GetProducts,CHILD_OF,cd5631c17bb2000b,1751042205199318,1162,p1,client
286e83d3268add63923a7713bc52582a,a6f9469ee56854ec,productcatalogservice.ProductCatalogService.GetProducts,CHILD_OF,c415b42729842ff7,1751042205199587,6,p2,server
286e83d3268add63923a7713bc52582a,72e21441176f2f8c,currencyservice.CurrencyService.GetSupportedCurrencies,CHILD_OF,cd5631c17bb2000b,1751042205189683,90,p1,client
286e83d3268add63923a7713bc52582a,4b611e23488e4677,productcatalogservice.ProductCatalogService.SearchProducts,CHILD_OF,e8f0d895ddcfc482,1751042205197773,955,p3,client
286e83d3268add63923a7713bc52582a,c3096e3635740b6d,productcatalogservice.ProductCatalogService.SearchProducts,CHILD_OF,dd9b18d32e0cc9ee,1751042205196093,9,p5,server
286e83d3268add63923a7713bc52582a,10bd5c90e2611694,productcatalogservice.ProductCatalogService.GetProducts,CHILD_OF,25f566d58717928b,1751042205203105,6,p5,server
286e83d3268add63923a7713bc52582a,f4fba427a2100941,shippingservice.ShippingService.GetQuote,CHILD_OF,cd5631c17bb2000b,1751042205209308,2119,p1,client
286e83d3268add63923a7713bc52582a,7731ae194341c42c,productcatalogservice.ProductCatalogService.GetProducts,CHILD_OF,b154aece5d987c74,1751042205207850,12,p6,server
286e83d3268add63923a7713bc52582a,94a755c318740e0e,productcatalogservice.ProductCatalogService.SearchProducts,CHILD_OF,4b611e23488e4677,1751042205198418,7,p6,server
286e83d3268add63923a7713bc52582a,3515cc3fa3316f96,productcatalogservice.ProductCatalogService.SearchProducts,CHILD_OF,e8f0d895ddcfc482,1751042205192225,674,p3,client
286e83d3268add63923a7713bc52582a,dd9b18d32e0cc9ee,productcatalogservice.ProductCatalogService.SearchProducts,CHILD_OF,e8f0d895ddcfc482,1751042205192900,4872,p3,client
286e83d3268add63923a7713bc52582a,bff529c9a090f692,cartservice.CartService.GetCart,CHILD_OF,4ea2fd63dbe597a4,1751042205189795,115,p4,server
286e83d3268add63923a7713bc52582a,a9fac48db14a6691,currencyservice.CurrencyService.Convert,CHILD_OF,cd5631c17bb2000b,1751042205211428,855,p1,client
f26dbc8c2bc13a13a0206767e90c875b,e11eebb07fd6d45b,currencyservice.CurrencyService.Convert,CHILD_OF,3eebfd67e1003880,1751042205212744,817,p1,client
f26dbc8c2bc13a13a0206767e90c875b,0fff47c3a0321279,currencyservice.CurrencyService.Convert,CHILD_OF,3eebfd67e1003880,1751042205215478,1113,p1,client
f26dbc8c2bc13a13a0206767e90c875b,fe752d726df009c1,currencyservice.CurrencyService.Convert,CHILD_OF,3eebfd67e1003880,1751042205216592,5727,p1,client
f26dbc8c2bc13a13a0206767e90c875b,3eebfd67e1003880,home,,,1751042205198024,24553,p1,server
f26dbc8c2bc13a13a0206767e90c875b,2b65f9a7818fd569,adservice.AdService.GetAds,CHILD_OF,c333cd406a7aa3e5,1751042205222349,14,p2,server
f26dbc8c2bc13a13a0206767e90c875b,0acf472e56b7c9e4,cartservice.CartService.GetCart,CHILD_OF,3e0aead00e21b0be,1751042205209605,93,p3,server
f26dbc8c2bc13a13a0206767e90c875b,c6fd4f173902460c,currencyservice.CurrencyService.GetSupportedCurrencies,CHILD_OF,3eebfd67e1003880,1751042205198030,297,p1,client
f26dbc8c2bc13a13a0206767e90c875b,c333cd406a7aa3e5,adservice.AdService.GetAds,CHILD_OF,3eebfd67e1003880,1751042205222323,99,p1,client
f26dbc8c2bc13a13a0206767e90c875b,e4d0d5b910993a52,productcatalogservice.ProductCatalogService.ListProducts,CHILD_OF,8aa1e89ff4034876,1751042205203010,6,p4,server
f26dbc8c2bc13a13a0206767e90c875b,0817822f388a6987,currencyservice.CurrencyService.Convert,CHILD_OF,3eebfd67e1003880,1751042205210713,1561,p1,client
f26dbc8c2bc13a13a0206767e90c875b,32125354cf7aa036,currencyservice.CurrencyService.Convert,CHILD_OF,3eebfd67e1003880,1751042205212276,323,p1,client
f26dbc8c2bc13a13a0206767e90c875b,ee2cce7d4f519aac,currencyservice.CurrencyService.Convert,CHILD_OF,3eebfd67e1003880,1751042205213562,1817,p1,client
f26dbc8c2bc13a13a0206767e90c875b,183ef97355255fa1,cartservice.cartCache.Get,CHILD_OF,0acf472e56b7c9e4,1751042205209610,77,p3,client
f26dbc8c2bc13a13a0206767e90c875b,e59cef7d0d320540,productcatalogservice.ProductCatalogService.ListProducts,CHILD_OF,3eebfd67e1003880,1751042205198330,2056,p1,client
f26dbc8c2bc13a13a0206767e90c875b,8aa1e89ff4034876,productcatalogservice.ProductCatalogService.ListProducts,CHILD_OF,3eebfd67e1003880,1751042205200388,6003,p1,client
f26dbc8c2bc13a13a0206767e90c875b,3e0aead00e21b0be,cartservice.CartService.GetCart,CHILD_OF,3eebfd67e1003880,1751042205209573,663,p1,client
f26dbc8c2bc13a13a0206767e90c875b,14cbf1b633869072,currencyservice.CurrencyService.Convert,CHILD_OF,3eebfd67e1003880,1751042205210238,473,p1,client
f26dbc8c2bc13a13a0206767e90c875b,4f00e93e194e91bc,currencyservice.CurrencyService.Convert,CHILD_OF,3eebfd67e1003880,1751042205215381,95,p1,client
f26dbc8c2bc13a13a0206767e90c875b,fe8c9bf556bdf61c,productcatalogservice.ProductCatalogService.ListProducts,CHILD_OF,e59cef7d0d320540,1751042205198689,9,p5,server
f26dbc8c2bc13a13a0206767e90c875b,6ba76b1afa6974f3,productcatalogservice.ProductCatalogService.ListProducts,CHILD_OF,d8bbb1eb8456ab4e,1751042205207990,5,p6,server
f26dbc8c2bc13a13a0206767e90c875b,d8bbb1eb8456ab4e,productcatalogservice.ProductCatalogService.ListProducts,CHILD_OF,3eebfd67e1003880,1751042205206392,3179,p1,client
f26dbc8c2bc13a13a0206767e90c875b,6688bd42b232e2fb,currencyservice.CurrencyService.Convert,CHILD_OF,3eebfd67e1003880,1751042205212601,141,p1,client
d99e8c2640aa84f073282959d1675a82,e10f58e3c11a0419,productcatalogservice.ProductCatalogService.ListProducts,CHILD_OF,72a20c1f2c40410b,1751042205200399,6073,p1,client
d99e8c2640aa84f073282959d1675a82,82e6ac1a027c68f4,productcatalogservice.ProductCatalogService.ListProducts,CHILD_OF,72a20c1f2c40410b,1751042205206476,3108,p1,client
d99e8c2640aa84f073282959d1675a82,f6f9ab03a611a6ac,currencyservice.CurrencyService.Convert,CHILD_OF,72a20c1f2c40410b,1751042205212541,597,p1,client
d99e8c2640aa84f073282959d1675a82,7ff090dc5f3382f8,currencyservice.CurrencyService.Convert,CHILD_OF,72a20c1f2c40410b,1751042205213340,2060,p1,client
d99e8c2640aa84f073282959d1675a82,2a6892b28a6ecd23,adservice.AdService.GetAds,CHILD_OF,72a20c1f2c40410b,1751042205216962,296,p1,client
d99e8c2640aa84f073282959d1675a82,99f3d6186c8db626,currencyservice.CurrencyService.Convert,CHILD_OF,72a20c1f2c40410b,1751042205215466,980,p1,client
d99e8c2640aa84f073282959d1675a82,ed7769f77327156f,productcatalogservice.ProductCatalogService.ListProducts,CHILD_OF,82e6ac1a027c68f4,1751042205207998,5,p2,server
d99e8c2640aa84f073282959d1675a82,2e3b98a7a530cbbc,productcatalogservice.ProductCatalogService.ListProducts,CHILD_OF,e10f58e3c11a0419,1751042205203018,5,p3,server
d99e8c2640aa84f073282959d1675a82,24857d92cb9ce8ce,currencyservice.CurrencyService.GetSupportedCurrencies,CHILD_OF,72a20c1f2c40410b,1751042205197668,1195,p1,client
d99e8c2640aa84f073282959d1675a82,14e798e2a3dc9b90,currencyservice.CurrencyService.Convert,CHILD_OF,72a20c1f2c40410b,1751042205210342,2125,p1,client
d99e8c2640aa84f073282959d1675a82,40fc772c79a5a0b0,currencyservice.CurrencyService.Convert,CHILD_OF,72a20c1f2c40410b,1751042205212469,71,p1,client
d99e8c2640aa84f073282959d1675a82,bf43437234d3b0cc,currencyservice.CurrencyService.Convert,CHILD_OF,72a20c1f2c40410b,1751042205216448,511,p1,client
d99e8c2640aa84f073282959d1675a82,3958b7e0c5281e7d,productcatalogservice.ProductCatalogService.ListProducts,CHILD_OF,5dc5f048f3150263,1751042205199510,10,p4,server
d99e8c2640aa84f073282959d1675a82,5dc5f048f3150263,productcatalogservice.ProductCatalogService.ListProducts,CHILD_OF,72a20c1f2c40410b,1751042205198866,1532,p1,client
d99e8c2640aa84f073282959d1675a82,125e1609ec85ebb2,cartservice.CartService.GetCart,CHILD_OF,72a20c1f2c40410b,1751042205209586,754,p1,client
d99e8c2640aa84f073282959d1675a82,674c03082c1bd232,currencyservice.CurrencyService.Convert,CHILD_OF,72a20c1f2c40410b,1751042205213139,65,p1,client
d99e8c2640aa84f073282959d1675a82,72a20c1f2c40410b,home,,,1751042205197645,19766,p1,server
d99e8c2640aa84f073282959d1675a82,0fdde762e2aa25e0,adservice.AdService.GetAds,CHILD_OF,2a6892b28a6ecd23,1751042205216983,14,p5,server
d99e8c2640aa84f073282959d1675a82,0a19851c0908abc0,currencyservice.CurrencyService.Convert,CHILD_OF,72a20c1f2c40410b,1751042205213205,134,p1,client
d99e8c2640aa84f073282959d1675a82,574c9092858827c5,currencyservice.CurrencyService.Convert,CHILD_OF,72a20c1f2c40410b,1751042205215402,62,p1,client
38fbe1723f9e54d7382fc6926f64708e,5a322e92f3e30024,currencyservice.CurrencyService.Convert,CHILD_OF,2340050a84328bcc,1751042205216885,551,p1,client
38fbe1723f9e54d7382fc6926f64708e,410dd2c4493ced7c,adservice.AdService.GetAds,CHILD_OF,2340050a84328bcc,1751042205217438,107,p1,client
38fbe1723f9e54d7382fc6926f64708e,74e0e730ac664df7,currencyservice.CurrencyService.Convert,CHILD_OF,2340050a84328bcc,1751042205212594,554,p1,client
38fbe1723f9e54d7382fc6926f64708e,abc001d64f60bec3,productcatalogservice.ProductCatalogService.ListProducts,CHILD_OF,635884c67d27d489,1751042205199522,6,p2,server
38fbe1723f9e54d7382fc6926f64708e,b007f3237ffb11d9,adservice.AdService.GetAds,CHILD_OF,410dd2c4493ced7c,1751042205217458,13,p3,server
38fbe1723f9e54d7382fc6926f64708e,292eb4b166d6c76b,productcatalogservice.ProductCatalogService.ListProducts,CHILD_OF,2340050a84328bcc,1751042205200407,6134,p1,client
38fbe1723f9e54d7382fc6926f64708e,ad2dfe0f3af60b32,currencyservice.CurrencyService.GetSupportedCurrencies,CHILD_OF,2340050a84328bcc,1751042205197878,1043,p1,client
38fbe1723f9e54d7382fc6926f64708e,43518c19fa243e0a,productcatalogservice.ProductCatalogService.ListProducts,CHILD_OF,99c599d0816932c0,1751042205208005,5,p4,server
38fbe1723f9e54d7382fc6926f64708e,99c599d0816932c0,productcatalogservice.ProductCatalogService.ListProducts,CHILD_OF,2340050a84328bcc,1751042205206544,3051,p1,client
38fbe1723f9e54d7382fc6926f64708e,92cc8cd43756e90b,currencyservice.CurrencyService.Convert,CHILD_OF,2340050a84328bcc,1751042205216161,722,p1,client
38fbe1723f9e54d7382fc6926f64708e,7400623b18cd6fb5,productcatalogservice.ProductCatalogService.ListProducts,CHILD_OF,292eb4b166d6c76b,1751042205203025,6,p5,server
38fbe1723f9e54d7382fc6926f64708e,635884c67d27d489,productcatalogservice.ProductCatalogService.ListProducts,CHILD_OF,2340050a84328bcc,1751042205198924,1482,p1,client
38fbe1723f9e54d7382fc6926f64708e,b57303460af8cee8,cartservice.CartService.GetCart,CHILD_OF,2340050a84328bcc,1751042205209596,724,p1,client
38fbe1723f9e54d7382fc6926f64708e,a2b8bf5e06c63f6a,currencyservice.CurrencyService.Convert,CHILD_OF,2340050a84328bcc,1751042205210322,2065,p1,client
38fbe1723f9e54d7382fc6926f64708e,2a4c59f6815fe1ab,currencyservice.CurrencyService.Convert,CHILD_OF,2340050a84328bcc,1751042205212389,203,p1,client
38fbe1723f9e54d7382fc6926f64708e,22a1b7854115967c,currencyservice.CurrencyService.Convert,CHILD_OF,2340050a84328bcc,1751042205214942,767,p1,client
38fbe1723f9e54d7382fc6926f64708e,2340050a84328bcc,home,,,1751042205197860,19827,p1,server
38fbe1723f9e54d7382fc6926f64708e,c391a1a02a159b05,currencyservice.CurrencyService.Convert,CHILD_OF,2340050a84328bcc,1751042205213149,1732,p1,client
38fbe1723f9e54d7382fc6926f64708e,55fc04d609e3a6bd,currencyservice.CurrencyService.Convert,CHILD_OF,2340050a84328bcc,1751042205214883,57,p1,client
38fbe1723f9e54d7382fc6926f64708e,94d392a2dd24b21b,currencyservice.CurrencyService.Convert,CHILD_OF,2340050a84328bcc,1751042205215710,449,p1,client
a357edc28a2126d2cd98b1ed402b9050,0aa98f91086bec50,productcatalogservice.ProductCatalogService.GetProduct,CHILD_OF,d333ef0962e1e113,1751042205208832,6714,p1,client
a357edc28a2126d2cd98b1ed402b9050,d333ef0962e1e113,cart,,,1751042205208802,7880,p1,server
a357edc28a2126d2cd98b1ed402b9050,d6a2eefe24f72d0e,cartservice.CartService.AddItem,CHILD_OF,d333ef0962e1e113,1751042205215548,1127,p1,client
a357edc28a2126d2cd98b1ed402b9050,bad45b10a4f9be95,productcatalogservice.ProductCatalogService.GetProduct,CHILD_OF,0aa98f91086bec50,1751042205215289,4,p2,server
52a9354f36527294a17c50b182cb0e1d,6f4b52ffcf424620,productcatalogservice.ProductCatalogService.ListProducts,CHILD_OF,f6526600cc3352fa,1751042205209265,2332,p1,client
52a9354f36527294a17c50b182cb0e1d,eff3ce16b5c96b4c,cartservice.CartService.GetCart,CHILD_OF,f6526600cc3352fa,1751042205215639,1010,p1,client
52a9354f36527294a17c50b182cb0e1d,49a34acf84ebda99,currencyservice.CurrencyService.Convert,CHILD_OF,f6526600cc3352fa,1751042205224479,1954,p1,client
52a9354f36527294a17c50b182cb0e1d,ff43c1aaddb29369,currencyservice.CurrencyService.Convert,CHILD_OF,f6526600cc3352fa,1751042205229524,369,p1,client
52a9354f36527294a17c50b182cb0e1d,02b934343ba327fd,currencyservice.CurrencyService.GetSupportedCurrencies,CHILD_OF,f6526600cc3352fa,1751042205208877,384,p1,client
52a9354f36527294a17c50b182cb0e1d,b2866a8e59f74fec,currencyservice.CurrencyService.Convert,CHILD_OF,f6526600cc3352fa,1751042205217434,6038,p1,client
52a9354f36527294a17c50b182cb0e1d,5ffb7d18aaf858d5,currencyservice.CurrencyService.Convert,CHILD_OF,f6526600cc3352fa,1751042205226435,497,p1,client
52a9354f36527294a17c50b182cb0e1d,f6526600cc3352fa,home,,,1751042205208862,21267,p1,server
52a9354f36527294a17c50b182cb0e1d,3b5dde4a0a7da635,productcatalogservice.ProductCatalogService.ListProducts,CHILD_OF,f6526600cc3352fa,1751042205211598,1027,p1,client
52a9354f36527294a17c50b182cb0e1d,a87392ab7b4f9545,currencyservice.CurrencyService.Convert,CHILD_OF,f6526600cc3352fa,1751042205223473,727,p1,client
52a9354f36527294a17c50b182cb0e1d,f7a41bfae62830b4,currencyservice.CurrencyService.Convert,CHILD_OF,f6526600cc3352fa,1751042205224202,275,p1,client
52a9354f36527294a17c50b182cb0e1d,5c2bc9466a2e6616,adservice.AdService.GetAds,CHILD_OF,f6526600cc3352fa,1751042205229896,69,p1,client
52a9354f36527294a17c50b182cb0e1d,c151469bc0f6531f,productcatalogservice.ProductCatalogService.ListProducts,CHILD_OF,f6526600cc3352fa,1751042205212626,3011,p1,client
52a9354f36527294a17c50b182cb0e1d,c64b85c4258e8484,currencyservice.CurrencyService.Convert,CHILD_OF,f6526600cc3352fa,1751042205216651,781,p1,client
52a9354f36527294a17c50b182cb0e1d,d4d5612023fcd190,productcatalogservice.ProductCatalogService.ListProducts,CHILD_OF,c151469bc0f6531f,1751042205215362,7,p2,server
52a9354f36527294a17c50b182cb0e1d,62f79f8d5316dd39,currencyservice.CurrencyService.Convert,CHILD_OF,f6526600cc3352fa,1751042205226934,40,p1,client
52a9354f36527294a17c50b182cb0e1d,e27b230100e8f2ff,currencyservice.CurrencyService.Convert,CHILD_OF,f6526600cc3352fa,1751042205226975,2547,p1,client
52a9354f36527294a17c50b182cb0e1d,fa05b3030ceab93b,adservice.AdService.GetAds,CHILD_OF,5c2bc9466a2e6616,1751042205229916,13,p3,server
ea3e31ad0755926e472399e6969222bc,c623ce9997c2bdb1,currencyservice.CurrencyService.Convert,CHILD_OF,8aa1c69ee73c1134,1751042205216713,5620,p1,client
ea3e31ad0755926e472399e6969222bc,cad1d859abcc701d,currencyservice.CurrencyService.Convert,CHILD_OF,8aa1c69ee73c1134,1751042205226908,258,p1,client
ea3e31ad0755926e472399e6969222bc,2ebbd274caba0f80,currencyservice.CurrencyService.Convert,CHILD_OF,8aa1c69ee73c1134,1751042205227499,58,p1,client
ea3e31ad0755926e472399e6969222bc,8aa1c69ee73c1134,home,,,1751042205210273,17778,p1,server
ea3e31ad0755926e472399e6969222bc,3a5071a875efe8fa,currencyservice.CurrencyService.Convert,CHILD_OF,8aa1c69ee73c1134,1751042205222335,3771,p1,client
ea3e31ad0755926e472399e6969222bc,a122d85f94a747a1,currencyservice.CurrencyService.GetSupportedCurrencies,CHILD_OF,8aa1c69ee73c1134,1751042205210300,369,p1,client
ea3e31ad0755926e472399e6969222bc,c632053320cbc76c,productcatalogservice.ProductCatalogService.ListProducts,CHILD_OF,8aa1c69ee73c1134,1751042205210672,87,p1,client
ea3e31ad0755926e472399e6969222bc,330f2a5ddaddd8df,productcatalogservice.ProductCatalogService.ListProducts,CHILD_OF,8aa1c69ee73c1134,1751042205212622,3001,p1,client
ea3e31ad0755926e472399e6969222bc,3e600b5a7e301edf,adservice.AdService.GetAds,CHILD_OF,8aa1c69ee73c1134,1751042205227681,198,p1,client
ea3e31ad0755926e472399e6969222bc,4ba5eaa05c091f01,cartservice.CartService.GetCart,CHILD_OF,8aa1c69ee73c1134,1751042205215625,1037,p1,client
ea3e31ad0755926e472399e6969222bc,4efb6d12debb0d28,productcatalogservice.ProductCatalogService.ListProducts,CHILD_OF,330f2a5ddaddd8df,1751042205215354,6,p2,server
ea3e31ad0755926e472399e6969222bc,84d650436d19007b,currencyservice.CurrencyService.Convert,CHILD_OF,8aa1c69ee73c1134,1751042205227167,213,p1,client
ea3e31ad0755926e472399e6969222bc,503d15c923b4bbb7,currencyservice.CurrencyService.Convert,CHILD_OF,8aa1c69ee73c1134,1751042205227559,119,p1,client
ea3e31ad0755926e472399e6969222bc,0b89af4690962377,currencyservice.CurrencyService.Convert,CHILD_OF,8aa1c69ee73c1134,1751042205226108,798,p1,client
ea3e31ad0755926e472399e6969222bc,3d5c2a205999fea3,currencyservice.CurrencyService.Convert,CHILD_OF,8aa1c69ee73c1134,1751042205227382,115,p1,client
ea3e31ad0755926e472399e6969222bc,81364fe320048112,adservice.AdService.GetAds,CHILD_OF,3e600b5a7e301edf,1751042205227705,17,p3,server
ea3e31ad0755926e472399e6969222bc,3ae8d244b4c51d7d,productcatalogservice.ProductCatalogService.ListProducts,CHILD_OF,8aa1c69ee73c1134,1751042205210760,1860,p1,client
ea3e31ad0755926e472399e6969222bc,fdabf385cb943bd8,currencyservice.CurrencyService.Convert,CHILD_OF,8aa1c69ee73c1134,1751042205216664,48,p1,client
4caaf9611f1f2d3a23df74c8b6037e4e,d12c42cdb1f3b62f,productcatalogservice.ProductCatalogService.GetProduct,CHILD_OF,eea8c22ab4fe411a,1751042205222711,1438,p1,client
4caaf9611f1f2d3a23df74c8b6037e4e,eea8c22ab4fe411a,cart,,,1751042205222689,2407,p1,server
4caaf9611f1f2d3a23df74c8b6037e4e,29e3bbf9f50e3fce,cartservice.CartService.AddItem,CHILD_OF,eea8c22ab4fe411a,1751042205224151,939,p1,client
979b8f47835459d63064613f264595d5,d8be245c38e84582,cartservice.CartService.GetCart,CHILD_OF,cd6c6c94c7ed4d56,1751042205225361,87,p1,server
979b8f47835459d63064613f264595d5,9464887391063e2b,productcatalogservice.ProductCatalogService.ListProducts,CHILD_OF,710a48d4931c01e3,1751042205222838,1325,p2,client
979b8f47835459d63064613f264595d5,cd6c6c94c7ed4d56,cartservice.CartService.GetCart,CHILD_OF,710a48d4931c01e3,1751042205225332,697,p2,client
979b8f47835459d63064613f264595d5,af6de02305458fc6,productcatalogservice.ProductCatalogService.ListProducts,CHILD_OF,710a48d4931c01e3,1751042205224419,910,p2,client
979b8f47835459d63064613f264595d5,0e6f233083cae98c,currencyservice.CurrencyService.Convert,CHILD_OF,710a48d4931c01e3,1751042205226070,32,p2,client
979b8f47835459d63064613f264595d5,553b5195e3dcd3a5,productcatalogservice.ProductCatalogService.ListProducts,CHILD_OF,af6de02305458fc6,1751042205224471,9,p3,server
979b8f47835459d63064613f264595d5,7988dc79fcc11a3a,currencyservice.CurrencyService.Convert,CHILD_OF,710a48d4931c01e3,1751042205226104,3389,p2,client
979b8f47835459d63064613f264595d5,1c3120ab0292b50c,currencyservice.CurrencyService.Convert,CHILD_OF,710a48d4931c01e3,1751042205229495,59,p2,client
979b8f47835459d63064613f264595d5,f819217c249bf277,currencyservice.CurrencyService.Convert,CHILD_OF,710a48d4931c01e3,1751042205229555,325,p2,client
979b8f47835459d63064613f264595d5,fe954f2b8a47dd37,currencyservice.CurrencyService.Convert,CHILD_OF,710a48d4931c01e3,1751042205230192,294,p2,client
979b8f47835459d63064613f264595d5,d7e3435b826e61d6,currencyservice.CurrencyService.GetSupportedCurrencies,CHILD_OF,710a48d4931c01e3,1751042205222659,176,p2,client
979b8f47835459d63064613f264595d5,9eeeb14a13f2dac9,productcatalogservice.ProductCatalogService.ListProducts,CHILD_OF,710a48d4931c01e3,1751042205224165,252,p2,client
979b8f47835459d63064613f264595d5,76cfc8bae5e4ab78,currencyservice.CurrencyService.Convert,CHILD_OF,710a48d4931c01e3,1751042205230550,66,p2,client
979b8f47835459d63064613f264595d5,59345e42491e0a26,currencyservice.CurrencyService.Convert,CHILD_OF,710a48d4931c01e3,1751042205230487,62,p2,client
979b8f47835459d63064613f264595d5,710a48d4931c01e3,home,,,1751042205222641,8487,p2,server
979b8f47835459d63064613f264595d5,7352817cad17e285,adservice.AdService.GetAds,CHILD_OF,7973661f5dc43a0d,1751042205230638,13,p4,server
979b8f47835459d63064613f264595d5,863a5a73313fbb68,currencyservice.CurrencyService.Convert,CHILD_OF,710a48d4931c01e3,1751042205229882,309,p2,client
979b8f47835459d63064613f264595d5,7973661f5dc43a0d,adservice.AdService.GetAds,CHILD_OF,710a48d4931c01e3,1751042205230620,342,p2,client
979b8f47835459d63064613f264595d5,0d2af2d66b6b8c1c,currencyservice.CurrencyService.Convert,CHILD_OF,710a48d4931c01e3,1751042205226031,37,p2,client
979b8f47835459d63064613f264595d5,3f6954897ad26ea7,cartservice.cartCache.Get,CHILD_OF,d8be245c38e84582,1751042205225364,74,p1,client
3897911a3c750aa02a2fcb9e532aafef,a351df25407f5d6d,productcatalogservice.ProductCatalogService.GetProduct,CHILD_OF,8466466ad10fc6c1,1751042205225445,568,p1,client
3897911a3c750aa02a2fcb9e532aafef,a14be1aa9455af39,cartservice.CartService.AddItem,CHILD_OF,8466466ad10fc6c1,1751042205226014,829,p1,client
3897911a3c750aa02a2fcb9e532aafef,8466466ad10fc6c1,cart,,,1751042205225424,1426,p1,server
54588a99dbff4152bab2c3f92c716cfc,bd3e9b27cbe4901e,productcatalogservice.ProductCatalogService.ListProducts,CHILD_OF,3bc76be0e66730a0,1751042205243426,14,p1,server
54588a99dbff4152bab2c3f92c716cfc,756b5a05338a0227,cartservice.CartService.GetCart,CHILD_OF,255febf45a1e830e,1751042205243491,141,p2,client
54588a99dbff4152bab2c3f92c716cfc,31eaead8b5491427,currencyservice.CurrencyService.Convert,CHILD_OF,255febf45a1e830e,1751042205244269,27,p2,client
54588a99dbff4152bab2c3f92c716cfc,512ed4ac46a2e0ce,currencyservice.CurrencyService.Convert,CHILD_OF,255febf45a1e830e,1751042205244714,33,p2,client
54588a99dbff4152bab2c3f92c716cfc,11304f0ee02be46c,currencyservice.CurrencyService.Convert,CHILD_OF,255febf45a1e830e,1751042205244748,192,p2,client
54588a99dbff4152bab2c3f92c716cfc,255febf45a1e830e,home,,,1751042205243054,2106,p2,server
54588a99dbff4152bab2c3f92c716cfc,1775cc90f3d3f6cb,adservice.AdService.GetAds,CHILD_OF,e6891a9db83361b7,1751042205244967,19,p3,server
54588a99dbff4152bab2c3f92c716cfc,4eda53cd6def925d,currencyservice.CurrencyService.Convert,CHILD_OF,255febf45a1e830e,1751042205243635,37,p2,client
54588a99dbff4152bab2c3f92c716cfc,02a9e10aedddc067,currencyservice.CurrencyService.Convert,CHILD_OF,255febf45a1e830e,1751042205243713,554,p2,client
54588a99dbff4152bab2c3f92c716cfc,27e8e5a5e0f621e0,currencyservice.CurrencyService.Convert,CHILD_OF,255febf45a1e830e,1751042205244297,37,p2,client
54588a99dbff4152bab2c3f92c716cfc,424b798326a74f36,currencyservice.CurrencyService.Convert,CHILD_OF,255febf45a1e830e,1751042205244376,336,p2,client
54588a99dbff4152bab2c3f92c716cfc,5a7b0f3df92dc03a,currencyservice.CurrencyService.GetSupportedCurrencies,CHILD_OF,255febf45a1e830e,1751042205243070,222,p2,client
54588a99dbff4152bab2c3f92c716cfc,bb9eece3e69477e2,productcatalogservice.ProductCatalogService.ListProducts,CHILD_OF,255febf45a1e830e,1751042205243297,58,p2,client
54588a99dbff4152bab2c3f92c716cfc,e1c50b1aabcdab10,productcatalogservice.ProductCatalogService.ListProducts,CHILD_OF,255febf45a1e830e,1751042205243357,47,p2,client
54588a99dbff4152bab2c3f92c716cfc,b01d101ccbf30883,currencyservice.CurrencyService.Convert,CHILD_OF,255febf45a1e830e,1751042205244336,38,p2,client
54588a99dbff4152bab2c3f92c716cfc,e6891a9db83361b7,adservice.AdService.GetAds,CHILD_OF,255febf45a1e830e,1751042205244944,47,p2,client
54588a99dbff4152bab2c3f92c716cfc,3bc76be0e66730a0,productcatalogservice.ProductCatalogService.ListProducts,CHILD_OF,255febf45a1e830e,1751042205243405,84,p2,client
54588a99dbff4152bab2c3f92c716cfc,3547ea26f4b39e63,currencyservice.CurrencyService.Convert,CHILD_OF,255febf45a1e830e,1751042205243674,37,p2,client
ebb290ca036221bd20eba04f45fa1b02,1ce52f81fd45c093,cartservice.CartService.EmptyCart,CHILD_OF,3de2ae51a9592797,1751042205243538,606,p1,client
ebb290ca036221bd20eba04f45fa1b02,3de2ae51a9592797,cart_empty,,,1751042205243522,632,p1,server
a4455cb82e41a07d05758e3cd2bf465c,077986ed183f0a07,currencyservice.CurrencyService.Convert,CHILD_OF,1049057c09b920a9,1751042205246169,34,p1,client
a4455cb82e41a07d05758e3cd2bf465c,54c386a067d56d5b,productcatalogservice.ProductCatalogService.ListProducts,CHILD_OF,7b3dd606c0419e77,1751042205245206,11,p2,server
a4455cb82e41a07d05758e3cd2bf465c,bed4967771d79be9,currencyservice.CurrencyService.GetSupportedCurrencies,CHILD_OF,1049057c09b920a9,1751042205244433,299,p1,client
a4455cb82e41a07d05758e3cd2bf465c,15431205748f9104,currencyservice.CurrencyService.Convert,CHILD_OF,1049057c09b920a9,1751042205245989,30,p1,client
a4455cb82e41a07d05758e3cd2bf465c,873e5dea232299ee,currencyservice.CurrencyService.Convert,CHILD_OF,1049057c09b920a9,1751042205246020,117,p1,client
a4455cb82e41a07d05758e3cd2bf465c,5cd99e8b6219cb1f,productcatalogservice.ProductCatalogService.ListProducts,CHILD_OF,1049057c09b920a9,1751042205244735,226,p1,client
a4455cb82e41a07d05758e3cd2bf465c,c2d078a3bd32c90a,currencyservice.CurrencyService.Convert,CHILD_OF,1049057c09b920a9,1751042205246205,29,p1,client
a4455cb82e41a07d05758e3cd2bf465c,1049057c09b920a9,home,,,1751042205244427,2025,p1,server
a4455cb82e41a07d05758e3cd2bf465c,49803a1f75451ddd,currencyservice.CurrencyService.Convert,CHILD_OF,1049057c09b920a9,1751042205245769,38,p1,client
a4455cb82e41a07d05758e3cd2bf465c,8a60aec0bb6690c4,currencyservice.CurrencyService.Convert,CHILD_OF,1049057c09b920a9,1751042205245809,41,p1,client
a4455cb82e41a07d05758e3cd2bf465c,4647a3747c4e6721,adservice.AdService.GetAds,CHILD_OF,1049057c09b920a9,1751042205246237,47,p1,client
a4455cb82e41a07d05758e3cd2bf465c,fd0ee7975f17aaa8,productcatalogservice.ProductCatalogService.ListProducts,CHILD_OF,1049057c09b920a9,1751042205244963,222,p1,client
a4455cb82e41a07d05758e3cd2bf465c,d779336cc64ca551,currencyservice.CurrencyService.Convert,CHILD_OF,1049057c09b920a9,1751042205245852,62,p1,client
a4455cb82e41a07d05758e3cd2bf465c,75059d9b15fefbeb,currencyservice.CurrencyService.Convert,CHILD_OF,1049057c09b920a9,1751042205245916,71,p1,client
a4455cb82e41a07d05758e3cd2bf465c,0c0deb94e59f832c,currencyservice.CurrencyService.Convert,CHILD_OF,1049057c09b920a9,1751042205246138,30,p1,client
a4455cb82e41a07d05758e3cd2bf465c,5cd24e716fae250a,cartservice.CartService.GetCart,CHILD_OF,1049057c09b920a9,1751042205245514,253,p1,client
a4455cb82e41a07d05758e3cd2bf465c,7b3dd606c0419e77,productcatalogservice.ProductCatalogService.ListProducts,CHILD_OF,1049057c09b920a9,1751042205245186,325,p1,client
a4455cb82e41a07d05758e3cd2bf465c,a6d238a5a953b1dd,adservice.AdService.GetAds,CHILD_OF,4647a3747c4e6721,1751042205246257,17,p3,server
fd00c5f1522dc2922ae4a3d4be082d88,6eb35b27c1f86a03,cart,,,1751042205253854,402,p1,server
fd00c5f1522dc2922ae4a3d4be082d88,86b0ed9e9de67ee2,cartservice.CartService.AddItem,CHILD_OF,6eb35b27c1f86a03,1751042205254055,190,p1,client
fd00c5f1522dc2922ae4a3d4be082d88,a910747c96f598b2,productcatalogservice.ProductCatalogService.GetProduct,CHILD_OF,6eb35b27c1f86a03,1751042205253891,160,p1,client
2881d79bc3c55072247e570d2de7897f,173ee6944c48239d,setcurrency,,,1751042205261666,21,p1,server
cf3dda61d315fed27f15072d9c6b19da,2f22f025199bac1f,currencyservice.CurrencyService.Convert,CHILD_OF,72af86eab01a73bb,1751042205262475,36,p1,client
cf3dda61d315fed27f15072d9c6b19da,d205fc103479d285,currencyservice.CurrencyService.GetSupportedCurrencies,CHILD_OF,72af86eab01a73bb,1751042205261990,79,p1,client
cf3dda61d315fed27f15072d9c6b19da,77014c7b29579b57,currencyservice.CurrencyService.Convert,CHILD_OF,72af86eab01a73bb,1751042205262354,38,p1,client
cf3dda61d315fed27f15072d9c6b19da,72af86eab01a73bb,home,,,1751042205261971,1369,p1,server
cf3dda61d315fed27f15072d9c6b19da,73c1f3afe0603db6,currencyservice.CurrencyService.Convert,CHILD_OF,72af86eab01a73bb,1751042205262435,39,p1,client
cf3dda61d315fed27f15072d9c6b19da,aa961b1f193806f7,productcatalogservice.ProductCatalogService.ListProducts,CHILD_OF,c4df7cc794ed2c08,1751042205262197,8,p2,server
cf3dda61d315fed27f15072d9c6b19da,965edc327193bc3e,currencyservice.CurrencyService.Convert,CHILD_OF,72af86eab01a73bb,1751042205262512,34,p1,client
cf3dda61d315fed27f15072d9c6b19da,5fdd82ba9d9ff39b,currencyservice.CurrencyService.Convert,CHILD_OF,72af86eab01a73bb,1751042205262548,32,p1,client
cf3dda61d315fed27f15072d9c6b19da,9b4c0b0bbcb01e4c,cartservice.CartService.GetCart,CHILD_OF,72af86eab01a73bb,1751042205262217,135,p1,client
cf3dda61d315fed27f15072d9c6b19da,bc8b4ef10263b387,currencyservice.CurrencyService.Convert,CHILD_OF,72af86eab01a73bb,1751042205262651,35,p1,client
cf3dda61d315fed27f15072d9c6b19da,b68cdb017f0a5ce3,productcatalogservice.ProductCatalogService.ListProducts,CHILD_OF,72af86eab01a73bb,1751042205262073,50,p1,client
cf3dda61d315fed27f15072d9c6b19da,d9a18276c66f2635,adservice.AdService.GetAds,CHILD_OF,0b8c6da1e8d908ba,1751042205263140,20,p3,server
cf3dda61d315fed27f15072d9c6b19da,863806efbb2b765c,productcatalogservice.ProductCatalogService.ListProducts,CHILD_OF,72af86eab01a73bb,1751042205262125,51,p1,client
cf3dda61d315fed27f15072d9c6b19da,c4df7cc794ed2c08,productcatalogservice.ProductCatalogService.ListProducts,CHILD_OF,72af86eab01a73bb,1751042205262178,37,p1,client
cf3dda61d315fed27f15072d9c6b19da,75fbaf02d4d9ae55,currencyservice.CurrencyService.Convert,CHILD_OF,72af86eab01a73bb,1751042205262394,40,p1,client
cf3dda61d315fed27f15072d9c6b19da,a11f34a4f1023a1e,currencyservice.CurrencyService.Convert,CHILD_OF,72af86eab01a73bb,1751042205262582,34,p1,client
cf3dda61d315fed27f15072d9c6b19da,b60640355b97cf35,currencyservice.CurrencyService.Convert,CHILD_OF,72af86eab01a73bb,1751042205262617,33,p1,client
cf3dda61d315fed27f15072d9c6b19da,0b8c6da1e8d908ba,adservice.AdService.GetAds,CHILD_OF,72af86eab01a73bb,1751042205262691,478,p1,client
55a63827bb4623315df96dacd8715c58,9fcd9ee3d5cf6db9,cart_empty,,,1751042205262993,387,p1,server
55a63827bb4623315df96dacd8715c58,d443417ed452413f,cartservice.CartService.EmptyCart,CHILD_OF,9fcd9ee3d5cf6db9,1751042205263011,362,p1,client
45beb2a687367a85bacae35a457002e7,55e31682eb35bf9c,productcatalogservice.ProductCatalogService.ListProducts,CHILD_OF,849299c41e080811,1751042205263773,38,p1,client
45beb2a687367a85bacae35a457002e7,351b230d7cfeaaf7,currencyservice.CurrencyService.Convert,CHILD_OF,849299c41e080811,1751042205264016,40,p1,client
45beb2a687367a85bacae35a457002e7,5cde84915557e4de,currencyservice.CurrencyService.Convert,CHILD_OF,849299c41e080811,1751042205264105,38,p1,client
45beb2a687367a85bacae35a457002e7,acebec29ce6056b4,currencyservice.CurrencyService.Convert,CHILD_OF,849299c41e080811,1751042205263973,42,p1,client
45beb2a687367a85bacae35a457002e7,2bae6194ac502838,currencyservice.CurrencyService.Convert,CHILD_OF,849299c41e080811,1751042205264145,36,p1,client
45beb2a687367a85bacae35a457002e7,0578b60049c5cccf,currencyservice.CurrencyService.Convert,CHILD_OF,849299c41e080811,1751042205264218,40,p1,client
45beb2a687367a85bacae35a457002e7,f1feda357cab8d3e,currencyservice.CurrencyService.Convert,CHILD_OF,849299c41e080811,1751042205264259,34,p1,client
45beb2a687367a85bacae35a457002e7,849299c41e080811,home,,,1751042205263583,923,p1,server
45beb2a687367a85bacae35a457002e7,f1dff5857c93fc61,productcatalogservice.ProductCatalogService.ListProducts,CHILD_OF,849299c41e080811,1751042205263733,38,p1,client
45beb2a687367a85bacae35a457002e7,cb30e79f46bd2905,adservice.AdService.GetAds,CHILD_OF,5ee2689bd865a076,1751042205264318,16,p2,server
45beb2a687367a85bacae35a457002e7,ceaeecaa553cc71b,productcatalogservice.ProductCatalogService.ListProducts,CHILD_OF,55e31682eb35bf9c,1751042205263793,10,p3,server
45beb2a687367a85bacae35a457002e7,5768520d322b7d75,cartservice.CartService.GetCart,CHILD_OF,849299c41e080811,1751042205263813,114,p1,client
45beb2a687367a85bacae35a457002e7,09d301f0b501d39c,currencyservice.CurrencyService.Convert,CHILD_OF,849299c41e080811,1751042205264182,35,p1,client
45beb2a687367a85bacae35a457002e7,5ee2689bd865a076,adservice.AdService.GetAds,CHILD_OF,849299c41e080811,1751042205264297,45,p1,client
45beb2a687367a85bacae35a457002e7,5c52a92dcb797fa3,currencyservice.CurrencyService.Convert,CHILD_OF,849299c41e080811,1751042205264058,46,p1,client
45beb2a687367a85bacae35a457002e7,ed1800a45848ee8e,currencyservice.CurrencyService.GetSupportedCurrencies,CHILD_OF,849299c41e080811,1751042205263590,59,p1,client
45beb2a687367a85bacae35a457002e7,0be93a8774c750ff,productcatalogservice.ProductCatalogService.ListProducts,CHILD_OF,849299c41e080811,1751042205263652,80,p1,client
45beb2a687367a85bacae35a457002e7,4069ae57ce2d74ae,currencyservice.CurrencyService.Convert,CHILD_OF,849299c41e080811,1751042205263929,42,p1,client
1cd150eb51bc950bc2cdaaef146e284c,67fbe1f9af53eef1,cartservice.CartService.EmptyCart,CHILD_OF,d3555d089528273a,1751042205266565,141,p1,client
1cd150eb51bc950bc2cdaaef146e284c,d3555d089528273a,cart_empty,,,1751042205266546,167,p1,server
601ffb9f2c2769d1bb36a81f07e7bc4d,aa886758bef0725a,productcatalogservice.ProductCatalogService.ListProducts,CHILD_OF,31cb0b147cb2137e,1751042205267128,107,p1,client
601ffb9f2c2769d1bb36a81f07e7bc4d,1c9687ff19834bcd,currencyservice.CurrencyService.Convert,CHILD_OF,31cb0b147cb2137e,1751042205267629,32,p1,client
601ffb9f2c2769d1bb36a81f07e7bc4d,0b6264a1be3e9ae9,adservice.AdService.GetAds,CHILD_OF,31cb0b147cb2137e,1751042205267706,46,p1,client
601ffb9f2c2769d1bb36a81f07e7bc4d,9f583b9ee74d6c74,currencyservice.CurrencyService.Convert,CHILD_OF,31cb0b147cb2137e,1751042205267357,38,p1,client
601ffb9f2c2769d1bb36a81f07e7bc4d,965dd8ee06d054a7,currencyservice.CurrencyService.Convert,CHILD_OF,31cb0b147cb2137e,1751042205267397,48,p1,client
601ffb9f2c2769d1bb36a81f07e7bc4d,41dda5063eb61fd1,currencyservice.CurrencyService.Convert,CHILD_OF,31cb0b147cb2137e,1751042205267596,32,p1,client
601ffb9f2c2769d1bb36a81f07e7bc4d,482eaef14f469328,adservice.AdService.GetAds,CHILD_OF,0b6264a1be3e9ae9,1751042205267728,15,p2,server
601ffb9f2c2769d1bb36a81f07e7bc4d,6a96e6914f58bd8e,currencyservice.CurrencyService.Convert,CHILD_OF,31cb0b147cb2137e,1751042205267446,38,p1,client
601ffb9f2c2769d1bb36a81f07e7bc4d,518544550f3a6fdb,currencyservice.CurrencyService.Convert,CHILD_OF,31cb0b147cb2137e,1751042205267522,36,p1,client
601ffb9f2c2769d1bb36a81f07e7bc4d,5538188c63788fb2,currencyservice.CurrencyService.Convert,CHILD_OF,31cb0b147cb2137e,1751042205267559,36,p1,client
601ffb9f2c2769d1bb36a81f07e7bc4d,726a52b79514c580,productcatalogservice.ProductCatalogService.ListProducts,CHILD_OF,31cb0b147cb2137e,1751042205267034,51,p1,client
601ffb9f2c2769d1bb36a81f07e7bc4d,31cb0b147cb2137e,home,,,1751042205266965,948,p1,server
601ffb9f2c2769d1bb36a81f07e7bc4d,c1dfda408607193b,currencyservice.CurrencyService.Convert,CHILD_OF,31cb0b147cb2137e,1751042205267663,40,p1,client
601ffb9f2c2769d1bb36a81f07e7bc4d,6e5642d61eb90731,productcatalogservice.ProductCatalogService.ListProducts,CHILD_OF,31cb0b147cb2137e,1751042205267086,41,p1,client
601ffb9f2c2769d1bb36a81f07e7bc4d,21fa95f183e31e2c,cartservice.CartService.GetCart,CHILD_OF,31cb0b147cb2137e,1751042205267238,116,p1,client
601ffb9f2c2769d1bb36a81f07e7bc4d,b6f97477e2831084,productcatalogservice.ProductCatalogService.ListProducts,CHILD_OF,aa886758bef0725a,1751042205267148,9,p3,server
601ffb9f2c2769d1bb36a81f07e7bc4d,68fc0da224c7da00,currencyservice.CurrencyService.GetSupportedCurrencies,CHILD_OF,31cb0b147cb2137e,1751042205266972,59,p1,client
601ffb9f2c2769d1bb36a81f07e7bc4d,12830e4690d4f6cd,currencyservice.CurrencyService.Convert,CHILD_OF,31cb0b147cb2137e,1751042205267486,35,p1,client
713b18a793713e52d988f0fa94aad3bf,e23378ee3c03a893,productcatalogservice.ProductCatalogService.GetProduct,CHILD_OF,29a7abaafdb2a016,1751042205273016,70,p1,client
713b18a793713e52d988f0fa94aad3bf,fc2e82474512d561,cartservice.CartService.AddItem,CHILD_OF,29a7abaafdb2a016,1751042205273089,166,p1,client
713b18a793713e52d988f0fa94aad3bf,29a7abaafdb2a016,cart,,,1751042205272990,272,p1,server
f66057423f870268d0b9b98a5ae064fd,c73b5c275b2bedb7,cartservice.CartService.AddItem,CHILD_OF,58fad54fbad8bf0c,1751042205274965,160,p1,client
f66057423f870268d0b9b98a5ae064fd,58fad54fbad8bf0c,cart,,,1751042205274805,327,p1,server
f66057423f870268d0b9b98a5ae064fd,28aba60d5d5d0a60,productcatalogservice.ProductCatalogService.GetProduct,CHILD_OF,58fad54fbad8bf0c,1751042205274828,136,p1,client
7ca41dc6f5b16b8ccaac6c9a71e9e1ae,7b8d90c6b00e4194,cartservice.CartService.AddItem,CHILD_OF,e2a24bdf06201ab2,1751042205284911,175,p1,client
7ca41dc6f5b16b8ccaac6c9a71e9e1ae,e2a24bdf06201ab2,cart,,,1751042205284817,276,p1,server
7ca41dc6f5b16b8ccaac6c9a71e9e1ae,f06cbea0bee2528a,productcatalogservice.ProductCatalogService.GetProduct,CHILD_OF,e2a24bdf06201ab2,1751042205284842,67,p1,client
352f74afcdadf053a9826985a4a565fa,9d7856f16c661345,productcatalogservice.ProductCatalogService.ListProducts,CHILD_OF,11ccbdc789c5d0e7,1751042205286930,48,p1,client
352f74afcdadf053a9826985a4a565fa,6ebcf376abc86101,productcatalogservice.ProductCatalogService.ListProducts,CHILD_OF,11ccbdc789c5d0e7,1751042205286979,36,p1,client
352f74afcdadf053a9826985a4a565fa,4b7bf968382fb10b,cartservice.CartService.GetCart,CHILD_OF,11ccbdc789c5d0e7,1751042205287018,103,p1,client
352f74afcdadf053a9826985a4a565fa,eb4d4cc83bcfd32e,currencyservice.CurrencyService.Convert,CHILD_OF,11ccbdc789c5d0e7,1751042205287204,37,p1,client
352f74afcdadf053a9826985a4a565fa,ba182b31f070fe3a,currencyservice.CurrencyService.Convert,CHILD_OF,11ccbdc789c5d0e7,1751042205287413,35,p1,client
352f74afcdadf053a9826985a4a565fa,11ccbdc789c5d0e7,home,,,1751042205286799,1364,p1,server
352f74afcdadf053a9826985a4a565fa,13ffd73244a8eee0,productcatalogservice.ProductCatalogService.ListProducts,CHILD_OF,6ebcf376abc86101,1751042205286998,8,p2,server
352f74afcdadf053a9826985a4a565fa,8bb9f4eb3311bc91,currencyservice.CurrencyService.Convert,CHILD_OF,11ccbdc789c5d0e7,1751042205287242,36,p1,client
352f74afcdadf053a9826985a4a565fa,62567a79437042f8,currencyservice.CurrencyService.GetSupportedCurrencies,CHILD_OF,11ccbdc789c5d0e7,1751042205286818,64,p1,client
352f74afcdadf053a9826985a4a565fa,3174d779b2f8bdcc,productcatalogservice.ProductCatalogService.ListProducts,CHILD_OF,11ccbdc789c5d0e7,1751042205286885,44,p1,client
352f74afcdadf053a9826985a4a565fa,2e88aab8d47fa276,currencyservice.CurrencyService.Convert,CHILD_OF,11ccbdc789c5d0e7,1751042205287123,44,p1,client
352f74afcdadf053a9826985a4a565fa,7d43933fa2b2ec39,currencyservice.CurrencyService.Convert,CHILD_OF,11ccbdc789c5d0e7,1751042205287168,35,p1,client
352f74afcdadf053a9826985a4a565fa,2034b8b0b62e5016,currencyservice.CurrencyService.Convert,CHILD_OF,11ccbdc789c5d0e7,1751042205287346,32,p1,client
352f74afcdadf053a9826985a4a565fa,c6689ee19b8e4c37,currencyservice.CurrencyService.Convert,CHILD_OF,11ccbdc789c5d0e7,1751042205287380,32,p1,client
352f74afcdadf053a9826985a4a565fa,ca33310c73d16bc5,currencyservice.CurrencyService.Convert,CHILD_OF,11ccbdc789c5d0e7,1751042205287279,32,p1,client
352f74afcdadf053a9826985a4a565fa,dd5fec38813dd01d,adservice.AdService.GetAds,CHILD_OF,87730ec649d8ed33,1751042205287942,34,p3,server
352f74afcdadf053a9826985a4a565fa,551e99f486716dbb,currencyservice.CurrencyService.Convert,CHILD_OF,11ccbdc789c5d0e7,1751042205287312,32,p1,client
352f74afcdadf053a9826985a4a565fa,87730ec649d8ed33,adservice.AdService.GetAds,CHILD_OF,11ccbdc789c5d0e7,1751042205287452,535,p1,client
f0ad9b5147751d43720e52239e184097,2c62c5c923153eb1,cartservice.CartService.EmptyCart,CHILD_OF,56c234cb6bc00628,1751042205288231,122,p1,client
f0ad9b5147751d43720e52239e184097,56c234cb6bc00628,cart_empty,,,1751042205288212,148,p1,server
6477b5e5afe92327edd658135c0b6224,514d11e7d8a1c97f,currencyservice.CurrencyService.Convert,CHILD_OF,183995a2b78acd93,1751042205289311,41,p1,client
6477b5e5afe92327edd658135c0b6224,82eb12aca4ce88b6,currencyservice.CurrencyService.Convert,CHILD_OF,183995a2b78acd93,1751042205289353,36,p1,client
6477b5e5afe92327edd658135c0b6224,d7709a7c7c99c19b,currencyservice.CurrencyService.Convert,CHILD_OF,183995a2b78acd93,1751042205289505,32,p1,client
6477b5e5afe92327edd658135c0b6224,183995a2b78acd93,home,,,1751042205288566,1267,p1,server
6477b5e5afe92327edd658135c0b6224,c90de8518bfd273e,productcatalogservice.ProductCatalogService.ListProducts,CHILD_OF,183995a2b78acd93,1751042205288763,39,p1,client
6477b5e5afe92327edd658135c0b6224,44a3f766f8c8bfab,currencyservice.CurrencyService.Convert,CHILD_OF,183995a2b78acd93,1751042205289433,34,p1,client
6477b5e5afe92327edd658135c0b6224,8534b37ab78c63fb,adservice.AdService.GetAds,CHILD_OF,183995a2b78acd93,1751042205289609,66,p1,client
6477b5e5afe92327edd658135c0b6224,721f711a13503007,currencyservice.CurrencyService.Convert,CHILD_OF,183995a2b78acd93,1751042205289538,31,p1,client
6477b5e5afe92327edd658135c0b6224,8c6ccee36b049031,adservice.AdService.GetAds,CHILD_OF,8534b37ab78c63fb,1751042205289636,32,p2,server
6477b5e5afe92327edd658135c0b6224,211b29140654b304,currencyservice.CurrencyService.GetSupportedCurrencies,CHILD_OF,183995a2b78acd93,1751042205288572,64,p1,client
6477b5e5afe92327edd658135c0b6224,14925b4b25c7a7a2,productcatalogservice.ProductCatalogService.ListProducts,CHILD_OF,183995a2b78acd93,1751042205288639,71,p1,client
6477b5e5afe92327edd658135c0b6224,b519db50e91fddd2,productcatalogservice.ProductCatalogService.ListProducts,CHILD_OF,183995a2b78acd93,1751042205288711,50,p1,client
6477b5e5afe92327edd658135c0b6224,d9c35cefcd332fa3,currencyservice.CurrencyService.Convert,CHILD_OF,183995a2b78acd93,1751042205289390,41,p1,client
6477b5e5afe92327edd658135c0b6224,7543333a0138b724,productcatalogservice.ProductCatalogService.ListProducts,CHILD_OF,c90de8518bfd273e,1751042205288782,9,p3,server
6477b5e5afe92327edd658135c0b6224,272435a9e6be7c91,cartservice.CartService.GetCart,CHILD_OF,183995a2b78acd93,1751042205288803,461,p1,client
6477b5e5afe92327edd658135c0b6224,91e840d9254fc142,currencyservice.CurrencyService.Convert,CHILD_OF,183995a2b78acd93,1751042205289267,43,p1,client
6477b5e5afe92327edd658135c0b6224,fbfd06ec9a206c6f,currencyservice.CurrencyService.Convert,CHILD_OF,183995a2b78acd93,1751042205289468,35,p1,client
6477b5e5afe92327edd658135c0b6224,51f5826fbb645638,currencyservice.CurrencyService.Convert,CHILD_OF,183995a2b78acd93,1751042205289571,34,p1,client
5d060f0497dc26b1fa43f5fdb793fd09,8f3def7579fd7b4c,setcurrency,,,1751042205292730,28,p1,server
a98f8eec6be9f886755faea2e12d923a,d9946d2a5c1623d0,productcatalogservice.ProductCatalogService.ListProducts,CHILD_OF,5d5db7a25715ee2b,1751042205293147,62,p1,client
a98f8eec6be9f886755faea2e12d923a,3f9715d290218bbd,currencyservice.CurrencyService.Convert,CHILD_OF,5d5db7a25715ee2b,1751042205293421,33,p1,client
a98f8eec6be9f886755faea2e12d923a,f07cb339f0510c26,currencyservice.CurrencyService.Convert,CHILD_OF,5d5db7a25715ee2b,1751042205293508,40,p1,client
a98f8eec6be9f886755faea2e12d923a,1ca04df58bc1dec3,currencyservice.CurrencyService.Convert,CHILD_OF,5d5db7a25715ee2b,1751042205293623,70,p1,client
a98f8eec6be9f886755faea2e12d923a,e00040d4101a2c8b,currencyservice.CurrencyService.Convert,CHILD_OF,5d5db7a25715ee2b,1751042205293734,94,p1,client
a98f8eec6be9f886755faea2e12d923a,69bca998e103e1d9,currencyservice.CurrencyService.Convert,CHILD_OF,5d5db7a25715ee2b,1751042205293830,33,p1,client
a98f8eec6be9f886755faea2e12d923a,d91ac4bfab92eaf2,currencyservice.CurrencyService.Convert,CHILD_OF,5d5db7a25715ee2b,1751042205293460,46,p1,client
a98f8eec6be9f886755faea2e12d923a,8b3688f40e459381,currencyservice.CurrencyService.GetSupportedCurrencies,CHILD_OF,5d5db7a25715ee2b,1751042205293040,51,p1,client
a98f8eec6be9f886755faea2e12d923a,e51f53ff0f123085,adservice.AdService.GetAds,CHILD_OF,148fa83c1cb35485,1751042205293894,19,p2,server
a98f8eec6be9f886755faea2e12d923a,8d1b1de1735c27bf,productcatalogservice.ProductCatalogService.ListProducts,CHILD_OF,220af7befe01f574,1751042205293234,9,p3,server
a98f8eec6be9f886755faea2e12d923a,7ce62a90c51a3bfb,cartservice.CartService.GetCart,CHILD_OF,5d5db7a25715ee2b,1751042205293255,164,p1,client
a98f8eec6be9f886755faea2e12d923a,9fbff54ae67e4ca7,currencyservice.CurrencyService.Convert,CHILD_OF,5d5db7a25715ee2b,1751042205293550,37,p1,client
a98f8eec6be9f886755faea2e12d923a,167c9dd698766227,currencyservice.CurrencyService.Convert,CHILD_OF,5d5db7a25715ee2b,1751042205293694,38,p1,client
a98f8eec6be9f886755faea2e12d923a,148fa83c1cb35485,adservice.AdService.GetAds,CHILD_OF,5d5db7a25715ee2b,1751042205293866,57,p1,client
a98f8eec6be9f886755faea2e12d923a,220af7befe01f574,productcatalogservice.ProductCatalogService.ListProducts,CHILD_OF,5d5db7a25715ee2b,1751042205293211,42,p1,client
a98f8eec6be9f886755faea2e12d923a,59fbccbade7308fd,currencyservice.CurrencyService.Convert,CHILD_OF,5d5db7a25715ee2b,1751042205293588,34,p1,client
a98f8eec6be9f886755faea2e12d923a,5d5db7a25715ee2b,home,,,1751042205293022,1057,p1,server
a98f8eec6be9f886755faea2e12d923a,d81d173e49ce38f6,productcatalogservice.ProductCatalogService.ListProducts,CHILD_OF,5d5db7a25715ee2b,1751042205293095,50,p1,client
9d979737e9f550be70f2c0580edce7ed,4c6a4ed8e56b4c89,productcatalogservice.ProductCatalogService.GetProduct,CHILD_OF,285b3541a11b0bad,1751042205295862,70,p1,client
9d979737e9f550be70f2c0580edce7ed,d1fec88c90b5bd53,cartservice.CartService.AddItem,CHILD_OF,285b3541a11b0bad,1751042205295934,215,p1,client
9d979737e9f550be70f2c0580edce7ed,285b3541a11b0bad,cart,,,1751042205295834,322,p1,server
dbab7cd59e63df89a88e44e414a494a7,06ef7f20d5971041,currencyservice.CurrencyService.GetSupportedCurrencies,CHILD_OF,8c18ec149188ce01,1751042205306554,65,p1,client
dbab7cd59e63df89a88e44e414a494a7,3095a6e5da0044b4,adservice.AdService.GetAds,CHILD_OF,cb85b473a60b319b,1751042205307350,17,p2,server
dbab7cd59e63df89a88e44e414a494a7,ec61630abe6cfff4,productcatalogservice.ProductCatalogService.ListProducts,CHILD_OF,8c18ec149188ce01,1751042205306623,49,p1,client
dbab7cd59e63df89a88e44e414a494a7,4afa47113c266d46,productcatalogservice.ProductCatalogService.ListProducts,CHILD_OF,8c18ec149188ce01,1751042205306731,49,p1,client
dbab7cd59e63df89a88e44e414a494a7,0da6d4702ee0b3fe,cartservice.CartService.GetCart,CHILD_OF,8c18ec149188ce01,1751042205306782,170,p1,client
dbab7cd59e63df89a88e44e414a494a7,fbb5db356601cd38,currencyservice.CurrencyService.Convert,CHILD_OF,8c18ec149188ce01,1751042205307154,31,p1,client
dbab7cd59e63df89a88e44e414a494a7,5a0278735107ba43,currencyservice.CurrencyService.Convert,CHILD_OF,8c18ec149188ce01,1751042205307186,35,p1,client
dbab7cd59e63df89a88e44e414a494a7,2c1e1942cb07b467,productcatalogservice.ProductCatalogService.ListProducts,CHILD_OF,8c18ec149188ce01,1751042205306674,54,p1,client
dbab7cd59e63df89a88e44e414a494a7,7efc0baf5da9e852,currencyservice.CurrencyService.Convert,CHILD_OF,8c18ec149188ce01,1751042205307116,36,p1,client
dbab7cd59e63df89a88e44e414a494a7,78bee9dbb84609d8,currencyservice.CurrencyService.Convert,CHILD_OF,8c18ec149188ce01,1751042205307287,31,p1,client
dbab7cd59e63df89a88e44e414a494a7,ba6ceb4da9262e7b,currencyservice.CurrencyService.Convert,CHILD_OF,8c18ec149188ce01,1751042205307223,28,p1,client
dbab7cd59e63df89a88e44e414a494a7,e2ecb4a70fe0678a,productcatalogservice.ProductCatalogService.ListProducts,CHILD_OF,4afa47113c266d46,1751042205306755,14,p3,server
dbab7cd59e63df89a88e44e414a494a7,529aea5efa8bdf5f,currencyservice.CurrencyService.Convert,CHILD_OF,8c18ec149188ce01,1751042205307020,45,p1,client
dbab7cd59e63df89a88e44e414a494a7,ba99790f3d9c6ca4,currencyservice.CurrencyService.Convert,CHILD_OF,8c18ec149188ce01,1751042205307067,47,p1,client
dbab7cd59e63df89a88e44e414a494a7,cb85b473a60b319b,adservice.AdService.GetAds,CHILD_OF,8c18ec149188ce01,1751042205307322,53,p1,client
dbab7cd59e63df89a88e44e414a494a7,886f5cedd5077957,currencyservice.CurrencyService.Convert,CHILD_OF,8c18ec149188ce01,1751042205306955,63,p1,client
dbab7cd59e63df89a88e44e414a494a7,8363120300d5fa47,currencyservice.CurrencyService.Convert,CHILD_OF,8c18ec149188ce01,1751042205307253,32,p1,client
dbab7cd59e63df89a88e44e414a494a7,8c18ec149188ce01,home,,,1751042205306533,1012,p1,server
a5b9c82fda58167f12ddbf432c22aea3,b148e0d5ea18b3f6,productcatalogservice.ProductCatalogService.ListProducts,CHILD_OF,9d9dcc6d36f5e8bf,1751042205308615,226,p1,client
a5b9c82fda58167f12ddbf432c22aea3,9b340d87ab4fa27d,currencyservice.CurrencyService.Convert,CHILD_OF,9d9dcc6d36f5e8bf,1751042205309070,39,p1,client
a5b9c82fda58167f12ddbf432c22aea3,939ce41df99d27f1,currencyservice.CurrencyService.Convert,CHILD_OF,9d9dcc6d36f5e8bf,1751042205309151,41,p1,client
a5b9c82fda58167f12ddbf432c22aea3,95ea5f9f7b803dae,currencyservice.CurrencyService.Convert,CHILD_OF,9d9dcc6d36f5e8bf,1751042205309334,36,p1,client
a5b9c82fda58167f12ddbf432c22aea3,6547c522984e59cf,currencyservice.CurrencyService.Convert,CHILD_OF,9d9dcc6d36f5e8bf,1751042205309111,38,p1,client
a5b9c82fda58167f12ddbf432c22aea3,ee14b1fd30ebb56d,cartservice.CartService.GetCart,CHILD_OF,9d9dcc6d36f5e8bf,1751042205308901,127,p1,client
a5b9c82fda58167f12ddbf432c22aea3,46ef394d43c2697b,currencyservice.CurrencyService.Convert,CHILD_OF,9d9dcc6d36f5e8bf,1751042205309228,37,p1,client
a5b9c82fda58167f12ddbf432c22aea3,4b5f509f07d11ced,currencyservice.CurrencyService.Convert,CHILD_OF,9d9dcc6d36f5e8bf,1751042205309301,31,p1,client
a5b9c82fda58167f12ddbf432c22aea3,9d9dcc6d36f5e8bf,home,,,1751042205308434,1149,p1,server
a5b9c82fda58167f12ddbf432c22aea3,cdd44c527a9f2ddb,currencyservice.CurrencyService.Convert,CHILD_OF,9d9dcc6d36f5e8bf,1751042205309193,33,p1,client
a5b9c82fda58167f12ddbf432c22aea3,89846894de31e819,productcatalogservice.ProductCatalogService.ListProducts,CHILD_OF,697222d1e25f0761,1751042205308863,9,p2,server
a5b9c82fda58167f12ddbf432c22aea3,09b6c46ab648f96f,currencyservice.CurrencyService.GetSupportedCurrencies,CHILD_OF,9d9dcc6d36f5e8bf,1751042205308451,88,p1,client
a5b9c82fda58167f12ddbf432c22aea3,0a821af5cdf82adf,productcatalogservice.ProductCatalogService.ListProducts,CHILD_OF,9d9dcc6d36f5e8bf,1751042205308542,71,p1,client
a5b9c82fda58167f12ddbf432c22aea3,697222d1e25f0761,productcatalogservice.ProductCatalogService.ListProducts,CHILD_OF,9d9dcc6d36f5e8bf,1751042205308842,41,p1,client
a5b9c82fda58167f12ddbf432c22aea3,8e745694eb50281c,currencyservice.CurrencyService.Convert,CHILD_OF,9d9dcc6d36f5e8bf,1751042205309266,34,p1,client
a5b9c82fda58167f12ddbf432c22aea3,22a942108d0f0db9,adservice.AdService.GetAds,CHILD_OF,9d9dcc6d36f5e8bf,1751042205309374,49,p1,client
a5b9c82fda58167f12ddbf432c22aea3,83f024b84c5ad412,currencyservice.CurrencyService.Convert,CHILD_OF,9d9dcc6d36f5e8bf,1751042205309030,39,p1,client
a5b9c82fda58167f12ddbf432c22aea3,aba37e29df564723,adservice.AdService.GetAds,CHILD_OF,22a942108d0f0db9,1751042205309400,14,p3,server
2224e114d360f566288a5a8a9ac00833,a6f8f4b37d7872ba,productcatalogservice.ProductCatalogService.GetProduct,CHILD_OF,efbe43d14749e100,1751042205317430,75,p1,client
2224e114d360f566288a5a8a9ac00833,b7cb52d1ba8dba55,cartservice.CartService.AddItem,CHILD_OF,efbe43d14749e100,1751042205317508,186,p1,client
2224e114d360f566288a5a8a9ac00833,efbe43d14749e100,cart,,,1751042205317403,299,p1,server
3cac7acb5109b6bfd8690940c408cc98,097eefd514157d07,cartservice.CartService.EmptyCart,CHILD_OF,f11d50ac1aa12e4d,1751042205318117,148,p1,client
3cac7acb5109b6bfd8690940c408cc98,f11d50ac1aa12e4d,cart_empty,,,1751042205318102,169,p1,server
076e38cb3365e99406b77a15c3a2a41c,c7438ba6ac503167,currencyservice.CurrencyService.Convert,CHILD_OF,a7dbe980b33c0805,1751042205320502,42,p1,client
076e38cb3365e99406b77a15c3a2a41c,e1d165c8731beedd,currencyservice.CurrencyService.Convert,CHILD_OF,a7dbe980b33c0805,1751042205320546,48,p1,client
076e38cb3365e99406b77a15c3a2a41c,9046ed87db61dbc9,currencyservice.CurrencyService.Convert,CHILD_OF,a7dbe980b33c0805,1751042205320595,48,p1,client
076e38cb3365e99406b77a15c3a2a41c,fc455ba9976f814a,currencyservice.CurrencyService.Convert,CHILD_OF,a7dbe980b33c0805,1751042205320701,37,p1,client
076e38cb3365e99406b77a15c3a2a41c,85c10cfc53e3d745,currencyservice.CurrencyService.Convert,CHILD_OF,a7dbe980b33c0805,1751042205320740,32,p1,client
076e38cb3365e99406b77a15c3a2a41c,4237af01bf43733e,cartservice.CartService.GetCart,CHILD_OF,a7dbe980b33c0805,1751042205320396,104,p1,client
076e38cb3365e99406b77a15c3a2a41c,80501cd9643a91d4,currencyservice.CurrencyService.Convert,CHILD_OF,a7dbe980b33c0805,1751042205320774,247,p1,client
076e38cb3365e99406b77a15c3a2a41c,6d8ed20cbe1f566f,productcatalogservice.ProductCatalogService.ListProducts,CHILD_OF,a7dbe980b33c0805,1751042205318597,36,p1,client
076e38cb3365e99406b77a15c3a2a41c,d5fef0965292fb21,currencyservice.CurrencyService.Convert,CHILD_OF,a7dbe980b33c0805,1751042205320645,30,p1,client
076e38cb3365e99406b77a15c3a2a41c,daf3aff5dd2b0652,currencyservice.CurrencyService.Convert,CHILD_OF,a7dbe980b33c0805,1751042205320676,24,p1,client
076e38cb3365e99406b77a15c3a2a41c,065884bcd4dafeac,productcatalogservice.ProductCatalogService.ListProducts,CHILD_OF,a7dbe980b33c0805,1751042205318634,1760,p1,client
076e38cb3365e99406b77a15c3a2a41c,c72fa0bba1f14180,currencyservice.CurrencyService.GetSupportedCurrencies,CHILD_OF,a7dbe980b33c0805,1751042205318471,43,p1,client
076e38cb3365e99406b77a15c3a2a41c,a1aeae497027f8b3,currencyservice.CurrencyService.Convert,CHILD_OF,a7dbe980b33c0805,1751042205321024,64,p1,client
076e38cb3365e99406b77a15c3a2a41c,cf47be30a07ba682,adservice.AdService.GetAds,CHILD_OF,a7dbe980b33c0805,1751042205321093,63,p1,client
076e38cb3365e99406b77a15c3a2a41c,a7dbe980b33c0805,home,,,1751042205318465,2842,p1,server
076e38cb3365e99406b77a15c3a2a41c,16aaf1743b5c4c03,productcatalogservice.ProductCatalogService.ListProducts,CHILD_OF,a7dbe980b33c0805,1751042205318517,79,p1,client
076e38cb3365e99406b77a15c3a2a41c,b0f0ab9b104e4eb5,adservice.AdService.GetAds,CHILD_OF,cf47be30a07ba682,1751042205321123,17,p2,server
bec6f5bbbcb13eef59b3f6886c611709,43da1ec842c7a473,currencyservice.CurrencyService.Convert,CHILD_OF,dc1c0c2cbe4f4c2c,1751042242253973,35,p1,client
bec6f5bbbcb13eef59b3f6886c611709,75109b18e582a11c,productcatalogservice.ProductCatalogService.ListProducts,CHILD_OF,dc1c0c2cbe4f4c2c,1751042242253694,45,p1,client
bec6f5bbbcb13eef59b3f6886c611709,dc1c0c2cbe4f4c2c,home,,,1751042242253453,985,p1,server
bec6f5bbbcb13eef59b3f6886c611709,2d5c57b375307277,productcatalogservice.ProductCatalogService.ListProducts,CHILD_OF,a8cf67afa6f9c399,1751042242253573,13,p2,server
bec6f5bbbcb13eef59b3f6886c611709,53c138995d36aa01,productcatalogservice.ProductCatalogService.ListProducts,CHILD_OF,dc1c0c2cbe4f4c2c,1751042242253653,40,p1,client
bec6f5bbbcb13eef59b3f6886c611709,59a48cf964930d91,cartservice.CartService.GetCart,CHILD_OF,dc1c0c2cbe4f4c2c,1751042242253741,109,p1,client
bec6f5bbbcb13eef59b3f6886c611709,0907b45dc5332b0f,currencyservice.CurrencyService.Convert,CHILD_OF,dc1c0c2cbe4f4c2c,1751042242253932,39,p1,client
bec6f5bbbcb13eef59b3f6886c611709,0cf24d9e1ea42ee3,currencyservice.CurrencyService.Convert,CHILD_OF,dc1c0c2cbe4f4c2c,1751042242254046,35,p1,client
bec6f5bbbcb13eef59b3f6886c611709,e4af3909363eee03,currencyservice.CurrencyService.Convert,CHILD_OF,dc1c0c2cbe4f4c2c,1751042242254118,36,p1,client
bec6f5bbbcb13eef59b3f6886c611709,faf8e84ccbaa1267,currencyservice.CurrencyService.Convert,CHILD_OF,dc1c0c2cbe4f4c2c,1751042242254156,37,p1,client
bec6f5bbbcb13eef59b3f6886c611709,ac59f7765bb95509,currencyservice.CurrencyService.GetSupportedCurrencies,CHILD_OF,dc1c0c2cbe4f4c2c,1751042242253472,75,p1,client
bec6f5bbbcb13eef59b3f6886c611709,a8cf67afa6f9c399,productcatalogservice.ProductCatalogService.ListProducts,CHILD_OF,dc1c0c2cbe4f4c2c,1751042242253550,101,p1,client
bec6f5bbbcb13eef59b3f6886c611709,105bb49fd57f773c,currencyservice.CurrencyService.Convert,CHILD_OF,dc1c0c2cbe4f4c2c,1751042242253894,37,p1,client
bec6f5bbbcb13eef59b3f6886c611709,d8d462d6618170ab,adservice.AdService.GetAds,CHILD_OF,dc1c0c2cbe4f4c2c,1751042242254198,51,p1,client
bec6f5bbbcb13eef59b3f6886c611709,e47fda44a5436210,productcatalogservice.ProductCatalogService.ListProducts,CHILD_OF,53c138995d36aa01,1751042242253673,10,p3,server
bec6f5bbbcb13eef59b3f6886c611709,b427818d54d76769,currencyservice.CurrencyService.Convert,CHILD_OF,dc1c0c2cbe4f4c2c,1751042242254010,35,p1,client
bec6f5bbbcb13eef59b3f6886c611709,5b3ef3d913d4e059,currencyservice.CurrencyService.Convert,CHILD_OF,dc1c0c2cbe4f4c2c,1751042242254083,34,p1,client
bec6f5bbbcb13eef59b3f6886c611709,0b04d0a743639218,currencyservice.CurrencyService.Convert,CHILD_OF,dc1c0c2cbe4f4c2c,1751042242253853,40,p1,client
d600dc9bf2fde8b09aabf3d9d6e9b707,7b9e13766839f4a1,productcatalogservice.ProductCatalogService.GetProduct,CHILD_OF,7d3db16595452593,1751042242257311,7,p1,server
d600dc9bf2fde8b09aabf3d9d6e9b707,5bc619b9b7f69996,productcatalogservice.ProductCatalogService.GetProducts,CHILD_OF,0c3266e205df5b32,1751042242257615,9,p1,server
d600dc9bf2fde8b09aabf3d9d6e9b707,1fd6651995c3bfa5,adservice.AdService.GetAds,CHILD_OF,99552059711691f6,1751042242259617,4158,p2,client
d600dc9bf2fde8b09aabf3d9d6e9b707,7a5cca6b5faa6643,productcatalogservice.ProductCatalogService.GetProducts,CHILD_OF,99552059711691f6,1751042242257802,45,p2,client
d600dc9bf2fde8b09aabf3d9d6e9b707,7d3db16595452593,productcatalogservice.ProductCatalogService.GetProduct,CHILD_OF,99552059711691f6,1751042242257288,70,p2,client
d600dc9bf2fde8b09aabf3d9d6e9b707,0c3266e205df5b32,productcatalogservice.ProductCatalogService.GetProducts,CHILD_OF,f938975ed8fa354f,1751042242257598,37,p3,client
d600dc9bf2fde8b09aabf3d9d6e9b707,2758d09ad5642848,productcatalogservice.ProductCatalogService.GetProducts,CHILD_OF,99552059711691f6,1751042242257893,1719,p2,client
d600dc9bf2fde8b09aabf3d9d6e9b707,9016980bb281f7f4,currencyservice.CurrencyService.GetSupportedCurrencies,CHILD_OF,99552059711691f6,1751042242257360,40,p2,client
d600dc9bf2fde8b09aabf3d9d6e9b707,5b2de437e903cd84,recommendationservice.RecService.ListRecommendations,CHILD_OF,99552059711691f6,1751042242257568,231,p2,client
d600dc9bf2fde8b09aabf3d9d6e9b707,8eb84cbd3eb7ae89,cartservice.CartService.GetCart,CHILD_OF,99552059711691f6,1751042242257403,119,p2,client
d600dc9bf2fde8b09aabf3d9d6e9b707,f715767b74d130de,productcatalogservice.ProductCatalogService.SearchProducts,CHILD_OF,f938975ed8fa354f,1751042242257687,50,p3,client
d600dc9bf2fde8b09aabf3d9d6e9b707,77415fff24a8dd2f,productcatalogservice.ProductCatalogService.SearchProducts,CHILD_OF,b9fa166f5c12f901,1751042242257660,14,p4,server
d600dc9bf2fde8b09aabf3d9d6e9b707,cc39714be9cb00c0,productcatalogservice.ProductCatalogService.GetProducts,CHILD_OF,2f37d5237e4873f2,1751042242257870,9,p1,server
d600dc9bf2fde8b09aabf3d9d6e9b707,b9fa166f5c12f901,productcatalogservice.ProductCatalogService.SearchProducts,CHILD_OF,f938975ed8fa354f,1751042242257637,49,p3,client
d600dc9bf2fde8b09aabf3d9d6e9b707,3ad6886634fb226f,productcatalogservice.ProductCatalogService.SearchProducts,CHILD_OF,f938975ed8fa354f,1751042242257738,42,p3,client
d600dc9bf2fde8b09aabf3d9d6e9b707,f938975ed8fa354f,recommendationservice.RecService.ListRecommendations,CHILD_OF,5b2de437e903cd84,1751042242257597,192,p3,server
d600dc9bf2fde8b09aabf3d9d6e9b707,095e65ce14b65729,productcatalogservice.ProductCatalogService.GetProducts,CHILD_OF,7a5cca6b5faa6643,1751042242257824,12,p4,server
d600dc9bf2fde8b09aabf3d9d6e9b707,8910361f70ef18f6,productcatalogservice.ProductCatalogService.SearchProducts,CHILD_OF,f715767b74d130de,1751042242257706,19,p1,server
d600dc9bf2fde8b09aabf3d9d6e9b707,99552059711691f6,product,,,1751042242257266,6684,p2,server
d600dc9bf2fde8b09aabf3d9d6e9b707,2c82b8d622d73468,currencyservice.CurrencyService.Convert,CHILD_OF,99552059711691f6,1751042242257524,42,p2,client
d600dc9bf2fde8b09aabf3d9d6e9b707,2f37d5237e4873f2,productcatalogservice.ProductCatalogService.GetProducts,CHILD_OF,99552059711691f6,1751042242257849,43,p2,client
5bd6a4ae629262db5b74017282fe4136,91e38d037815055d,productcatalogservice.ProductCatalogService.GetProduct,CHILD_OF,c656e0793fb02b0b,1751042242264239,8,p1,server
5bd6a4ae629262db5b74017282fe4136,c656e0793fb02b0b,productcatalogservice.ProductCatalogService.GetProduct,CHILD_OF,eb745c13a526cfa5,1751042242264197,124,p2,client
5bd6a4ae629262db5b74017282fe4136,eb745c13a526cfa5,cart,,,1751042242264175,351,p2,server
5bd6a4ae629262db5b74017282fe4136,50e9e488ba9c226f,cartservice.CartService.AddItem,CHILD_OF,eb745c13a526cfa5,1751042242264323,198,p2,client
306e595022b7c07544e0e773c7720437,52da278a4caa6043,cart_empty,,,1751042242264263,137,p1,server
306e595022b7c07544e0e773c7720437,650e90d7b561b922,cartservice.CartService.EmptyCart,CHILD_OF,52da278a4caa6043,1751042242264285,108,p1,client
00d30c0d5b1cdeaa1ca534ea1251aba6,b630acc5c921a0d0,productcatalogservice.ProductCatalogService.ListProducts,CHILD_OF,d84cb57ddbbee864,1751042242264401,8,p1,server
00d30c0d5b1cdeaa1ca534ea1251aba6,9ae6df77e81a71d3,currencyservice.CurrencyService.Convert,CHILD_OF,78317e1fa441ac13,1751042242264884,28,p2,client
00d30c0d5b1cdeaa1ca534ea1251aba6,e885b1f221f156bd,currencyservice.CurrencyService.Convert,CHILD_OF,78317e1fa441ac13,1751042242265085,32,p2,client
00d30c0d5b1cdeaa1ca534ea1251aba6,0e48291182d3e91c,currencyservice.CurrencyService.Convert,CHILD_OF,78317e1fa441ac13,1751042242264914,73,p2,client
00d30c0d5b1cdeaa1ca534ea1251aba6,f0bdc5bce59c24bc,adservice.AdService.GetAds,CHILD_OF,78317e1fa441ac13,1751042242265121,66,p2,client
00d30c0d5b1cdeaa1ca534ea1251aba6,7d308dbbd5620224,currencyservice.CurrencyService.Convert,CHILD_OF,78317e1fa441ac13,1751042242264846,37,p2,client
00d30c0d5b1cdeaa1ca534ea1251aba6,787b3b17392600aa,cartservice.CartService.GetCart,CHILD_OF,78317e1fa441ac13,1751042242264497,139,p2,client
00d30c0d5b1cdeaa1ca534ea1251aba6,58139e20b930475c,currencyservice.CurrencyService.Convert,CHILD_OF,78317e1fa441ac13,1751042242264638,49,p2,client
00d30c0d5b1cdeaa1ca534ea1251aba6,51ccb28a8b9d9e48,currencyservice.CurrencyService.Convert,CHILD_OF,78317e1fa441ac13,1751042242264809,34,p2,client
00d30c0d5b1cdeaa1ca534ea1251aba6,9f3bede1796763cb,currencyservice.CurrencyService.Convert,CHILD_OF,78317e1fa441ac13,1751042242264989,42,p2,client
00d30c0d5b1cdeaa1ca534ea1251aba6,d84cb57ddbbee864,productcatalogservice.ProductCatalogService.ListProducts,CHILD_OF,78317e1fa441ac13,1751042242264381,63,p2,client
00d30c0d5b1cdeaa1ca534ea1251aba6,48a457991d983c72,currencyservice.CurrencyService.GetSupportedCurrencies,CHILD_OF,78317e1fa441ac13,1751042242264071,229,p2,client
00d30c0d5b1cdeaa1ca534ea1251aba6,cedd5f43e11a848c,currencyservice.CurrencyService.Convert,CHILD_OF,78317e1fa441ac13,1751042242264689,119,p2,client
00d30c0d5b1cdeaa1ca534ea1251aba6,17ef76660c8f1ea7,productcatalogservice.ProductCatalogService.ListProducts,CHILD_OF,78317e1fa441ac13,1751042242264446,49,p2,client
00d30c0d5b1cdeaa1ca534ea1251aba6,c87d7a5da657306f,currencyservice.CurrencyService.Convert,CHILD_OF,78317e1fa441ac13,1751042242265032,52,p2,client
00d30c0d5b1cdeaa1ca534ea1251aba6,8d0776d12cb87347,productcatalogservice.ProductCatalogService.ListProducts,CHILD_OF,eccc26bc55528d9e,1751042242264327,11,p3,server
00d30c0d5b1cdeaa1ca534ea1251aba6,78317e1fa441ac13,home,,,1751042242264037,1354,p2,server
00d30c0d5b1cdeaa1ca534ea1251aba6,eccc26bc55528d9e,productcatalogservice.ProductCatalogService.ListProducts,CHILD_OF,78317e1fa441ac13,1751042242264303,77,p2,client
ba2a768b33d4d8e6042c25cc77b8c3e1,35d8ef115af36d6f,productcatalogservice.ProductCatalogService.SearchProducts,CHILD_OF,22d3e63f9875d871,1751042242264545,58,p1,client
ba2a768b33d4d8e6042c25cc77b8c3e1,654ff4e7a587390c,productcatalogservice.ProductCatalogService.GetProducts,CHILD_OF,22d3e63f9875d871,1751042242264370,42,p1,client
ba2a768b33d4d8e6042c25cc77b8c3e1,f2ad4356785f89fc,productcatalogservice.ProductCatalogService.GetProducts,CHILD_OF,22d3e63f9875d871,1751042242264505,31,p1,client
ba2a768b33d4d8e6042c25cc77b8c3e1,8caa15256b3378a8,cartservice.CartService.GetCart,CHILD_OF,3b4396d73ee49cc7,1751042242264237,99,p2,client
ba2a768b33d4d8e6042c25cc77b8c3e1,f880041960afd519,productcatalogservice.ProductCatalogService.GetProduct,CHILD_OF,3b4396d73ee49cc7,1751042242265711,47,p2,client
ba2a768b33d4d8e6042c25cc77b8c3e1,4a64f86b6acf5ea7,currencyservice.CurrencyService.Convert,CHILD_OF,3b4396d73ee49cc7,1751042242265759,37,p2,client
ba2a768b33d4d8e6042c25cc77b8c3e1,97ccaf4ca94f8228,productcatalogservice.ProductCatalogService.GetProduct,CHILD_OF,3b4396d73ee49cc7,1751042242265797,45,p2,client
ba2a768b33d4d8e6042c25cc77b8c3e1,3b4396d73ee49cc7,cart,,,1751042242264105,2285,p2,server
ba2a768b33d4d8e6042c25cc77b8c3e1,22d3e63f9875d871,recommendationservice.RecService.ListRecommendations,CHILD_OF,5dc65556966cf2f8,1751042242264368,340,p1,server
ba2a768b33d4d8e6042c25cc77b8c3e1,7593d33a45fb6b3a,productcatalogservice.ProductCatalogService.GetProduct,CHILD_OF,548e24fd5e65f452,1751042242265653,10,p3,server
ba2a768b33d4d8e6042c25cc77b8c3e1,650d91fe3b0ebbb7,productcatalogservice.ProductCatalogService.GetProduct,CHILD_OF,f880041960afd519,1751042242265734,10,p3,server
ba2a768b33d4d8e6042c25cc77b8c3e1,21c523ba5728c06c,productcatalogservice.ProductCatalogService.SearchProducts,CHILD_OF,4dfaf75a2cf5e67e,1751042242264618,24,p4,server
ba2a768b33d4d8e6042c25cc77b8c3e1,f8b09473a0329405,productcatalogservice.ProductCatalogService.GetProduct,CHILD_OF,3b4396d73ee49cc7,1751042242265106,61,p2,client
ba2a768b33d4d8e6042c25cc77b8c3e1,855b5fd3a1c62004,currencyservice.CurrencyService.Convert,CHILD_OF,3b4396d73ee49cc7,1751042242265598,35,p2,client
ba2a768b33d4d8e6042c25cc77b8c3e1,5dc65556966cf2f8,recommendationservice.RecService.ListRecommendations,CHILD_OF,3b4396d73ee49cc7,1751042242264338,376,p2,client
ba2a768b33d4d8e6042c25cc77b8c3e1,06d7abc5c50ef2ed,currencyservice.CurrencyService.Convert,CHILD_OF,3b4396d73ee49cc7,1751042242265073,30,p2,client
ba2a768b33d4d8e6042c25cc77b8c3e1,1779780f306a1369,productcatalogservice.ProductCatalogService.SearchProducts,CHILD_OF,22d3e63f9875d871,1751042242264653,46,p1,client
ba2a768b33d4d8e6042c25cc77b8c3e1,8e1ea1c001b45906,productcatalogservice.ProductCatalogService.GetProducts,CHILD_OF,857af077263fbe06,1751042242264771,13,p3,server
ba2a768b33d4d8e6042c25cc77b8c3e1,b4ee4fc0dae83ce4,productcatalogservice.ProductCatalogService.GetProduct,CHILD_OF,f541445b377bc88a,1751042242265887,5,p4,server
ba2a768b33d4d8e6042c25cc77b8c3e1,46addf3556a05c01,currencyservice.CurrencyService.GetSupportedCurrencies,CHILD_OF,3b4396d73ee49cc7,1751042242264145,88,p2,client
ba2a768b33d4d8e6042c25cc77b8c3e1,548e24fd5e65f452,productcatalogservice.ProductCatalogService.GetProduct,CHILD_OF,3b4396d73ee49cc7,1751042242265634,41,p2,client
ba2a768b33d4d8e6042c25cc77b8c3e1,710f04ba016eb201,currencyservice.CurrencyService.Convert,CHILD_OF,3b4396d73ee49cc7,1751042242265168,286,p2,client
ba2a768b33d4d8e6042c25cc77b8c3e1,ad1fbc438e8c812c,productcatalogservice.ProductCatalogService.GetProducts,CHILD_OF,22d3e63f9875d871,1751042242264413,91,p1,client
ba2a768b33d4d8e6042c25cc77b8c3e1,b8bd2393360809af,productcatalogservice.ProductCatalogService.SearchProducts,CHILD_OF,35d8ef115af36d6f,1751042242264564,28,p3,server
ba2a768b33d4d8e6042c25cc77b8c3e1,5ba9fa4d77c81d06,productcatalogservice.ProductCatalogService.GetProducts,CHILD_OF,a9fadcd1d5c8fc05,1751042242264920,7,p4,server
ba2a768b33d4d8e6042c25cc77b8c3e1,1a7d1ebf348aa770,currencyservice.CurrencyService.Convert,CHILD_OF,3b4396d73ee49cc7,1751042242265843,29,p2,client
ba2a768b33d4d8e6042c25cc77b8c3e1,ea500d61e9588725,currencyservice.CurrencyService.Convert,CHILD_OF,3b4396d73ee49cc7,1751042242265493,30,p2,client
ba2a768b33d4d8e6042c25cc77b8c3e1,22b65e157375fa2e,productcatalogservice.ProductCatalogService.GetProduct,CHILD_OF,f8b09473a0329405,1751042242265134,9,p3,server
ba2a768b33d4d8e6042c25cc77b8c3e1,af0df30b7bcbb789,productcatalogservice.ProductCatalogService.GetProducts,CHILD_OF,ad1fbc438e8c812c,1751042242264433,62,p4,server
ba2a768b33d4d8e6042c25cc77b8c3e1,45844830f3563a49,currencyservice.CurrencyService.Convert,CHILD_OF,3b4396d73ee49cc7,1751042242265676,34,p2,client
ba2a768b33d4d8e6042c25cc77b8c3e1,f541445b377bc88a,productcatalogservice.ProductCatalogService.GetProduct,CHILD_OF,3b4396d73ee49cc7,1751042242265873,209,p2,client
ba2a768b33d4d8e6042c25cc77b8c3e1,0a9321cfcc05edf4,productcatalogservice.ProductCatalogService.GetProducts,CHILD_OF,3b4396d73ee49cc7,1751042242264938,79,p2,client
ba2a768b33d4d8e6042c25cc77b8c3e1,a00f522d2b2d3ceb,shippingservice.ShippingService.GetQuote,CHILD_OF,3b4396d73ee49cc7,1751042242265019,53,p2,client
ba2a768b33d4d8e6042c25cc77b8c3e1,4dfaf75a2cf5e67e,productcatalogservice.ProductCatalogService.SearchProducts,CHILD_OF,22d3e63f9875d871,1751042242264605,46,p1,client
ba2a768b33d4d8e6042c25cc77b8c3e1,8cdf32f2d14a83f2,productcatalogservice.ProductCatalogService.GetProduct,CHILD_OF,2c41bbfffaced198,1751042242265573,6,p4,server
ba2a768b33d4d8e6042c25cc77b8c3e1,a9fadcd1d5c8fc05,productcatalogservice.ProductCatalogService.GetProducts,CHILD_OF,3b4396d73ee49cc7,1751042242264833,104,p2,client
ba2a768b33d4d8e6042c25cc77b8c3e1,857af077263fbe06,productcatalogservice.ProductCatalogService.GetProducts,CHILD_OF,3b4396d73ee49cc7,1751042242264717,115,p2,client
ba2a768b33d4d8e6042c25cc77b8c3e1,2c41bbfffaced198,productcatalogservice.ProductCatalogService.GetProduct,CHILD_OF,3b4396d73ee49cc7,1751042242265524,73,p2,client
ba2a768b33d4d8e6042c25cc77b8c3e1,3f06e500c525c21f,currencyservice.CurrencyService.Convert,CHILD_OF,3b4396d73ee49cc7,1751042242266084,30,p2,client
ba2a768b33d4d8e6042c25cc77b8c3e1,b5a738ad6ac30b1c,productcatalogservice.ProductCatalogService.GetProducts,CHILD_OF,654ff4e7a587390c,1751042242264391,11,p3,server
ba2a768b33d4d8e6042c25cc77b8c3e1,05f5366d0560ce56,productcatalogservice.ProductCatalogService.GetProduct,CHILD_OF,3b4396d73ee49cc7,1751042242265456,36,p2,client
3e395413b6ed76991272980c1b5decfc,bd9bdb11fb6d35cc,currencyservice.CurrencyService.Convert,CHILD_OF,099bef9e977acc21,1751042242265573,49,p1,client
3e395413b6ed76991272980c1b5decfc,4af510d9a9d595ed,currencyservice.CurrencyService.Convert,CHILD_OF,099bef9e977acc21,1751042242265468,42,p1,client
3e395413b6ed76991272980c1b5decfc,a4d12d04492fc114,currencyservice.CurrencyService.Convert,CHILD_OF,099bef9e977acc21,1751042242265511,30,p1,client
3e395413b6ed76991272980c1b5decfc,ac2ad81178f13f75,productcatalogservice.ProductCatalogService.ListProducts,CHILD_OF,099bef9e977acc21,1751042242264950,54,p1,client
3e395413b6ed76991272980c1b5decfc,693cd438ae156b88,currencyservice.CurrencyService.Convert,CHILD_OF,099bef9e977acc21,1751042242265784,41,p1,client
3e395413b6ed76991272980c1b5decfc,099bef9e977acc21,home,,,1751042242264613,1442,p1,server
3e395413b6ed76991272980c1b5decfc,5ee66c2e996fa393,currencyservice.CurrencyService.GetSupportedCurrencies,CHILD_OF,099bef9e977acc21,1751042242264620,50,p1,client
3e395413b6ed76991272980c1b5decfc,9f470304136658e5,productcatalogservice.ProductCatalogService.ListProducts,CHILD_OF,099bef9e977acc21,1751042242264769,180,p1,client
3e395413b6ed76991272980c1b5decfc,25359ab639f7fd80,currencyservice.CurrencyService.Convert,CHILD_OF,099bef9e977acc21,1751042242265543,29,p1,client
3e395413b6ed76991272980c1b5decfc,d4981babc0ee4644,productcatalogservice.ProductCatalogService.ListProducts,CHILD_OF,dd047b8a93c11f9b,1751042242264695,12,p2,server
3e395413b6ed76991272980c1b5decfc,b9bb31cb7cf78f69,productcatalogservice.ProductCatalogService.ListProducts,CHILD_OF,9f470304136658e5,1751042242264903,14,p3,server
3e395413b6ed76991272980c1b5decfc,9e4bf3a9b4ba3470,currencyservice.CurrencyService.Convert,CHILD_OF,099bef9e977acc21,1751042242265688,95,p1,client
3e395413b6ed76991272980c1b5decfc,de8789058b5d0f7c,currencyservice.CurrencyService.Convert,CHILD_OF,099bef9e977acc21,1751042242265416,51,p1,client
3e395413b6ed76991272980c1b5decfc,f8765a8a04f79e42,cartservice.CartService.GetCart,CHILD_OF,099bef9e977acc21,1751042242265006,146,p1,client
3e395413b6ed76991272980c1b5decfc,cd8e008a00128991,currencyservice.CurrencyService.Convert,CHILD_OF,099bef9e977acc21,1751042242265623,64,p1,client
3e395413b6ed76991272980c1b5decfc,51be9084f25f537b,adservice.AdService.GetAds,CHILD_OF,099bef9e977acc21,1751042242265828,54,p1,client
3e395413b6ed76991272980c1b5decfc,fe06af7fab0f23ff,currencyservice.CurrencyService.Convert,CHILD_OF,099bef9e977acc21,1751042242265154,260,p1,client
3e395413b6ed76991272980c1b5decfc,dd047b8a93c11f9b,productcatalogservice.ProductCatalogService.ListProducts,CHILD_OF,099bef9e977acc21,1751042242264673,94,p1,client
9971d0aa12874fe5d76efec138831666,cf86ae5491a71aa0,productcatalogservice.ProductCatalogService.SearchProducts,CHILD_OF,903fe1f9366de7af,1751042242265143,207,p1,client
9971d0aa12874fe5d76efec138831666,4316b3eadbf91f93,productcatalogservice.ProductCatalogService.GetProducts,CHILD_OF,91ae905a536e3c43,1751042242265610,40,p2,client
9971d0aa12874fe5d76efec138831666,fba74a10f9df562e,productcatalogservice.ProductCatalogService.GetProduct,CHILD_OF,91ae905a536e3c43,1751042242265774,319,p2,client
9971d0aa12874fe5d76efec138831666,c91f645d80e19535,currencyservice.CurrencyService.GetSupportedCurrencies,CHILD_OF,91ae905a536e3c43,1751042242264797,62,p2,client
9971d0aa12874fe5d76efec138831666,2f4178527ca478c2,cartservice.CartService.GetCart,CHILD_OF,91ae905a536e3c43,1751042242264862,97,p2,client
9971d0aa12874fe5d76efec138831666,c24b6378bdd1f650,productcatalogservice.ProductCatalogService.SearchProducts,CHILD_OF,903fe1f9366de7af,1751042242265352,41,p1,client
9971d0aa12874fe5d76efec138831666,903fe1f9366de7af,recommendationservice.RecService.ListRecommendations,CHILD_OF,9e98d5592860c051,1751042242264995,406,p1,server
9971d0aa12874fe5d76efec138831666,aa2a4cdf8d7a0a38,productcatalogservice.ProductCatalogService.SearchProducts,CHILD_OF,903fe1f9366de7af,1751042242265093,49,p1,client
9971d0aa12874fe5d76efec138831666,5bce9935f5490bb7,productcatalogservice.ProductCatalogService.GetProducts,CHILD_OF,bcf2cefc1304d134,1751042242265463,10,p3,server
9971d0aa12874fe5d76efec138831666,43e30187b7dd4323,productcatalogservice.ProductCatalogService.SearchProducts,CHILD_OF,cf86ae5491a71aa0,1751042242265318,20,p4,server
9971d0aa12874fe5d76efec138831666,0ddca3d4ca06ad29,productcatalogservice.ProductCatalogService.GetProducts,CHILD_OF,aaf16eaa7f6e3e65,1751042242265560,11,p4,server
9971d0aa12874fe5d76efec138831666,881d12f32b3eeac0,productcatalogservice.ProductCatalogService.GetProduct,CHILD_OF,a2595bed61e9f70b,1751042242266706,11,p4,server
9971d0aa12874fe5d76efec138831666,dd41fc77c1118e2a,currencyservice.CurrencyService.Convert,CHILD_OF,91ae905a536e3c43,1751042242265700,72,p2,client
9971d0aa12874fe5d76efec138831666,2da992f4da1b189e,productcatalogservice.ProductCatalogService.GetProducts,CHILD_OF,903fe1f9366de7af,1751042242264997,94,p1,client
9971d0aa12874fe5d76efec138831666,e99158fa5499d04c,productcatalogservice.ProductCatalogService.SearchProducts,CHILD_OF,aa2a4cdf8d7a0a38,1751042242265113,16,p3,server
9971d0aa12874fe5d76efec138831666,99dfbab3ff169601,productcatalogservice.ProductCatalogService.GetProducts,CHILD_OF,2da992f4da1b189e,1751042242265065,13,p4,server
9971d0aa12874fe5d76efec138831666,b7ab18ecb33481ed,shippingservice.ShippingService.GetQuote,CHILD_OF,91ae905a536e3c43,1751042242265652,47,p2,client
9971d0aa12874fe5d76efec138831666,bb1ede2718bfc8db,currencyservice.CurrencyService.Convert,CHILD_OF,91ae905a536e3c43,1751042242266834,2456,p2,client
9971d0aa12874fe5d76efec138831666,91ae905a536e3c43,cart,,,1751042242264793,4889,p2,server
9971d0aa12874fe5d76efec138831666,9e98d5592860c051,recommendationservice.RecService.ListRecommendations,CHILD_OF,91ae905a536e3c43,1751042242264960,477,p2,client
9971d0aa12874fe5d76efec138831666,bcf2cefc1304d134,productcatalogservice.ProductCatalogService.GetProducts,CHILD_OF,91ae905a536e3c43,1751042242265441,40,p2,client
9971d0aa12874fe5d76efec138831666,e9a93c6bd3b1abca,productcatalogservice.ProductCatalogService.GetProduct,CHILD_OF,fba74a10f9df562e,1751042242265874,10,p4,server
9971d0aa12874fe5d76efec138831666,ef1c4558c8399008,currencyservice.CurrencyService.Convert,CHILD_OF,91ae905a536e3c43,1751042242266095,586,p2,client
9971d0aa12874fe5d76efec138831666,a2595bed61e9f70b,productcatalogservice.ProductCatalogService.GetProduct,CHILD_OF,91ae905a536e3c43,1751042242266684,148,p2,client
9971d0aa12874fe5d76efec138831666,aaf16eaa7f6e3e65,productcatalogservice.ProductCatalogService.GetProducts,CHILD_OF,91ae905a536e3c43,1751042242265482,127,p2,client
58e1700074e544e300f7128505258b74,dc801aba888d0f22,setcurrency,,,1751042242266534,21,p1,server
49984ae1856262384bb410f0364b3171,4980e1ed5c727c4c,setcurrency,,,1751042242266716,45,p1,server
e237f088a094dfea66c4d2ffbe170116,1b3a01b559aaf6fd,productcatalogservice.ProductCatalogService.ListProducts,CHILD_OF,8f2efe9b8c37cb32,1751042242269957,8,p1,server
e237f088a094dfea66c4d2ffbe170116,95883511e5dee851,currencyservice.CurrencyService.Convert,CHILD_OF,aa2d84c08a691946,1751042242270636,37,p2,client
e237f088a094dfea66c4d2ffbe170116,e0131a0f207fa50d,currencyservice.CurrencyService.Convert,CHILD_OF,aa2d84c08a691946,1751042242270752,472,p2,client
e237f088a094dfea66c4d2ffbe170116,cbc8d19b1b3a3837,adservice.AdService.GetAds,CHILD_OF,aa2d84c08a691946,1751042242271326,37,p2,client
e237f088a094dfea66c4d2ffbe170116,33eac47e4bdb870d,currencyservice.CurrencyService.Convert,CHILD_OF,aa2d84c08a691946,1751042242270675,28,p2,client
e237f088a094dfea66c4d2ffbe170116,cf21e2ab1ce50633,currencyservice.CurrencyService.Convert,CHILD_OF,aa2d84c08a691946,1751042242270705,45,p2,client
e237f088a094dfea66c4d2ffbe170116,392904a9c019ed05,productcatalogservice.ProductCatalogService.ListProducts,CHILD_OF,aa2d84c08a691946,1751042242269884,46,p2,client
e237f088a094dfea66c4d2ffbe170116,f89030f8deaed5d8,productcatalogservice.ProductCatalogService.ListProducts,CHILD_OF,aa2d84c08a691946,1751042242270075,214,p2,client
e237f088a094dfea66c4d2ffbe170116,ecc837dc25c60c03,currencyservice.CurrencyService.Convert,CHILD_OF,aa2d84c08a691946,1751042242270600,35,p2,client
e237f088a094dfea66c4d2ffbe170116,c118ba36907e6289,currencyservice.CurrencyService.Convert,CHILD_OF,aa2d84c08a691946,1751042242271293,28,p2,client
e237f088a094dfea66c4d2ffbe170116,1cb78614ef6ea631,productcatalogservice.ProductCatalogService.ListProducts,CHILD_OF,392904a9c019ed05,1751042242269907,12,p3,server
e237f088a094dfea66c4d2ffbe170116,21712b3836f89264,currencyservice.CurrencyService.GetSupportedCurrencies,CHILD_OF,aa2d84c08a691946,1751042242269272,607,p2,client
e237f088a094dfea66c4d2ffbe170116,8f2efe9b8c37cb32,productcatalogservice.ProductCatalogService.ListProducts,CHILD_OF,aa2d84c08a691946,1751042242269932,141,p2,client
e237f088a094dfea66c4d2ffbe170116,3e123352a3701e40,cartservice.CartService.GetCart,CHILD_OF,aa2d84c08a691946,1751042242270292,144,p2,client
e237f088a094dfea66c4d2ffbe170116,e8ca6833f96b4e37,currencyservice.CurrencyService.Convert,CHILD_OF,aa2d84c08a691946,1751042242270441,157,p2,client
e237f088a094dfea66c4d2ffbe170116,08badf0e502aa940,currencyservice.CurrencyService.Convert,CHILD_OF,aa2d84c08a691946,1751042242271226,33,p2,client
e237f088a094dfea66c4d2ffbe170116,f4f568fd7e06d132,currencyservice.CurrencyService.Convert,CHILD_OF,aa2d84c08a691946,1751042242271261,28,p2,client
e237f088a094dfea66c4d2ffbe170116,aa2d84c08a691946,home,,,1751042242269255,2302,p2,server
9e21cd4208e6b1777028a512184bbea1,2c7c819f3098db4d,productcatalogservice.ProductCatalogService.SearchProducts,CHILD_OF,a3e2b8144684205b,1751042242270440,15,p1,server
9e21cd4208e6b1777028a512184bbea1,0692518b0ac460ff,productcatalogservice.ProductCatalogService.GetProducts,CHILD_OF,f05950f956f218de,1751042242270675,8,p2,server
9e21cd4208e6b1777028a512184bbea1,4f4dfc7d5ab2214c,productcatalogservice.ProductCatalogService.GetProduct,CHILD_OF,04a6861530cd458e,1751042242269197,711,p3,client
9e21cd4208e6b1777028a512184bbea1,f05950f956f218de,productcatalogservice.ProductCatalogService.GetProducts,CHILD_OF,04a6861530cd458e,1751042242270657,31,p3,client
9e21cd4208e6b1777028a512184bbea1,00c5fd8cc51f03fe,cartservice.CartService.GetCart,CHILD_OF,04a6861530cd458e,1751042242269964,176,p3,client
9e21cd4208e6b1777028a512184bbea1,5abf4bb843966d07,recommendationservice.RecService.ListRecommendations,CHILD_OF,de58d51ec74e909a,1751042242270370,198,p4,server
9e21cd4208e6b1777028a512184bbea1,a14c4562c6076ad4,productcatalogservice.ProductCatalogService.SearchProducts,CHILD_OF,5abf4bb843966d07,1751042242270478,37,p4,client
9e21cd4208e6b1777028a512184bbea1,52f2a3ba238d09f7,productcatalogservice.ProductCatalogService.GetProduct,CHILD_OF,4f4dfc7d5ab2214c,1751042242269219,10,p1,server
9e21cd4208e6b1777028a512184bbea1,20bb559db9cde068,productcatalogservice.ProductCatalogService.GetProducts,CHILD_OF,afa513b8bac9ca06,1751042242270393,10,p1,server
9e21cd4208e6b1777028a512184bbea1,e70254893eb36953,productcatalogservice.ProductCatalogService.GetProducts,CHILD_OF,ea91e7c4bf528d95,1751042242270640,10,p1,server
9e21cd4208e6b1777028a512184bbea1,a69044ba6df8d5be,productcatalogservice.ProductCatalogService.SearchProducts,CHILD_OF,a14c4562c6076ad4,1751042242270494,11,p2,server
9e21cd4208e6b1777028a512184bbea1,f63191d70effe6c4,currencyservice.CurrencyService.GetSupportedCurrencies,CHILD_OF,04a6861530cd458e,1751042242269910,50,p3,client
9e21cd4208e6b1777028a512184bbea1,afa513b8bac9ca06,productcatalogservice.ProductCatalogService.GetProducts,CHILD_OF,5abf4bb843966d07,1751042242270371,45,p4,client
9e21cd4208e6b1777028a512184bbea1,a3e2b8144684205b,productcatalogservice.ProductCatalogService.SearchProducts,CHILD_OF,5abf4bb843966d07,1751042242270418,59,p4,client
9e21cd4208e6b1777028a512184bbea1,de58d51ec74e909a,recommendationservice.RecService.ListRecommendations,CHILD_OF,04a6861530cd458e,1751042242270342,273,p3,client
9e21cd4208e6b1777028a512184bbea1,ea91e7c4bf528d95,productcatalogservice.ProductCatalogService.GetProducts,CHILD_OF,04a6861530cd458e,1751042242270618,37,p3,client
9e21cd4208e6b1777028a512184bbea1,caeb39415675d360,adservice.AdService.GetAds,CHILD_OF,04a6861530cd458e,1751042242270734,74,p3,client
9e21cd4208e6b1777028a512184bbea1,04a6861530cd458e,product,,,1751042242269166,1830,p3,server
9e21cd4208e6b1777028a512184bbea1,3be5940d09cd1e18,productcatalogservice.ProductCatalogService.SearchProducts,CHILD_OF,5abf4bb843966d07,1751042242270517,42,p4,client
9e21cd4208e6b1777028a512184bbea1,1c17b6caa4e95716,currencyservice.CurrencyService.Convert,CHILD_OF,04a6861530cd458e,1751042242270142,198,p3,client
9e21cd4208e6b1777028a512184bbea1,c2b0c9be4858cdf8,productcatalogservice.ProductCatalogService.GetProducts,CHILD_OF,04a6861530cd458e,1751042242270689,40,p3,client
06232dc8b7b25beef7f03dd5fb97b11d,001b20ad20e0e337,currencyservice.CurrencyService.Convert,CHILD_OF,52651a2fdf21da5e,1751042242274050,74,p1,client
06232dc8b7b25beef7f03dd5fb97b11d,2c5a4a1019bf9bd9,currencyservice.CurrencyService.Convert,CHILD_OF,52651a2fdf21da5e,1751042242273895,29,p1,client
06232dc8b7b25beef7f03dd5fb97b11d,46129273aab97d0a,currencyservice.CurrencyService.Convert,CHILD_OF,52651a2fdf21da5e,1751042242273925,30,p1,client
06232dc8b7b25beef7f03dd5fb97b11d,eee457f737198bfe,currencyservice.CurrencyService.Convert,CHILD_OF,52651a2fdf21da5e,1751042242274002,38,p1,client
06232dc8b7b25beef7f03dd5fb97b11d,52651a2fdf21da5e,home,,,1751042242272981,1387,p1,server
06232dc8b7b25beef7f03dd5fb97b11d,b2d2abfb9ab2b185,productcatalogservice.ProductCatalogService.ListProducts,CHILD_OF,14908c897bb65806,1751042242273207,10,p2,server
06232dc8b7b25beef7f03dd5fb97b11d,9bbb312ca67da120,productcatalogservice.ProductCatalogService.ListProducts,CHILD_OF,cf92c2cfad296f62,1751042242273476,8,p3,server
06232dc8b7b25beef7f03dd5fb97b11d,14908c897bb65806,productcatalogservice.ProductCatalogService.ListProducts,CHILD_OF,52651a2fdf21da5e,1751042242273180,275,p1,client
06232dc8b7b25beef7f03dd5fb97b11d,dae05f8ddf440f0f,cartservice.CartService.GetCart,CHILD_OF,52651a2fdf21da5e,1751042242273549,139,p1,client
06232dc8b7b25beef7f03dd5fb97b11d,f82f0314b355baf4,currencyservice.CurrencyService.Convert,CHILD_OF,52651a2fdf21da5e,1751042242273787,42,p1,client
06232dc8b7b25beef7f03dd5fb97b11d,44c0e5147b5d9930,currencyservice.CurrencyService.Convert,CHILD_OF,52651a2fdf21da5e,1751042242273956,45,p1,client
06232dc8b7b25beef7f03dd5fb97b11d,49adbc40af5c59a4,adservice.AdService.GetAds,CHILD_OF,52651a2fdf21da5e,1751042242274128,43,p1,client
06232dc8b7b25beef7f03dd5fb97b11d,d1bf14f77594e0ab,currencyservice.CurrencyService.GetSupportedCurrencies,CHILD_OF,52651a2fdf21da5e,1751042242273010,165,p1,client
06232dc8b7b25beef7f03dd5fb97b11d,cf92c2cfad296f62,productcatalogservice.ProductCatalogService.ListProducts,CHILD_OF,52651a2fdf21da5e,1751042242273457,32,p1,client
06232dc8b7b25beef7f03dd5fb97b11d,8ff2ee777dbd7845,productcatalogservice.ProductCatalogService.ListProducts,CHILD_OF,52651a2fdf21da5e,1751042242273490,57,p1,client
06232dc8b7b25beef7f03dd5fb97b11d,0a1b4fb90c3b493e,currencyservice.CurrencyService.Convert,CHILD_OF,52651a2fdf21da5e,1751042242273691,56,p1,client
06232dc8b7b25beef7f03dd5fb97b11d,da19ec4842c95bd6,currencyservice.CurrencyService.Convert,CHILD_OF,52651a2fdf21da5e,1751042242273749,37,p1,client
06232dc8b7b25beef7f03dd5fb97b11d,af974463ac929955,currencyservice.CurrencyService.Convert,CHILD_OF,52651a2fdf21da5e,1751042242273831,62,p1,client
172cd407299a63bb931e7292a22c9d2e,2266580c9b596dde,productcatalogservice.ProductCatalogService.GetProduct,CHILD_OF,dcb636c13b07d29d,1751042242273269,163,p1,client
172cd407299a63bb931e7292a22c9d2e,ffe0ed5b7d616e7d,cartservice.CartService.AddItem,CHILD_OF,dcb636c13b07d29d,1751042242273435,193,p1,client
172cd407299a63bb931e7292a22c9d2e,dcb636c13b07d29d,cart,,,1751042242273245,393,p1,server
172cd407299a63bb931e7292a22c9d2e,eb9dadd260978d9f,productcatalogservice.ProductCatalogService.GetProduct,CHILD_OF,2266580c9b596dde,1751042242273291,10,p2,server
180a0c080af34c0e61b17ed8f4cf3685,fbe8c4a45736c520,cart,,,1751042242273862,1922,p1,server
180a0c080af34c0e61b17ed8f4cf3685,c3702e8bb4d27684,productcatalogservice.ProductCatalogService.GetProducts,CHILD_OF,e7bb186630569a64,1751042242274047,43,p2,client
180a0c080af34c0e61b17ed8f4cf3685,a3b9f68c8efc68de,productcatalogservice.ProductCatalogService.SearchProducts,CHILD_OF,3f84e6b7f97e28dc,1751042242274159,23,p3,server
180a0c080af34c0e61b17ed8f4cf3685,0a4c551b77da157d,recommendationservice.RecService.ListRecommendations,CHILD_OF,fbe8c4a45736c520,1751042242274018,375,p1,client
180a0c080af34c0e61b17ed8f4cf3685,9bf26a62374a9282,productcatalogservice.ProductCatalogService.GetProducts,CHILD_OF,fbe8c4a45736c520,1751042242274515,274,p1,client
180a0c080af34c0e61b17ed8f4cf3685,9aea461e72cbfe17,shippingservice.ShippingService.GetQuote,CHILD_OF,fbe8c4a45736c520,1751042242274791,56,p1,client
180a0c080af34c0e61b17ed8f4cf3685,1fffd88500cceddb,currencyservice.CurrencyService.Convert,CHILD_OF,fbe8c4a45736c520,1751042242274848,30,p1,client
180a0c080af34c0e61b17ed8f4cf3685,6cdebe615bd51703,productcatalogservice.ProductCatalogService.GetProduct,CHILD_OF,fbe8c4a45736c520,1751042242274880,682,p1,client
180a0c080af34c0e61b17ed8f4cf3685,83c852372676a8f5,productcatalogservice.ProductCatalogService.SearchProducts,CHILD_OF,27241dce6754240e,1751042242274211,11,p4,server
180a0c080af34c0e61b17ed8f4cf3685,a62bdcf550acc613,cartservice.CartService.GetCart,CHILD_OF,fbe8c4a45736c520,1751042242273911,105,p1,client
180a0c080af34c0e61b17ed8f4cf3685,bbba93b1a2a8c547,currencyservice.CurrencyService.Convert,CHILD_OF,fbe8c4a45736c520,1751042242275572,31,p1,client
180a0c080af34c0e61b17ed8f4cf3685,f4edd1f1d8e9b33b,productcatalogservice.ProductCatalogService.SearchProducts,CHILD_OF,e7bb186630569a64,1751042242274239,46,p2,client
180a0c080af34c0e61b17ed8f4cf3685,e7bb186630569a64,recommendationservice.RecService.ListRecommendations,CHILD_OF,0a4c551b77da157d,1751042242274046,248,p2,server
180a0c080af34c0e61b17ed8f4cf3685,5df9638d027987b2,productcatalogservice.ProductCatalogService.GetProducts,CHILD_OF,ec6170a0d23f3ebd,1751042242274495,8,p4,server
180a0c080af34c0e61b17ed8f4cf3685,f473cc5a3095f84f,currencyservice.CurrencyService.GetSupportedCurrencies,CHILD_OF,fbe8c4a45736c520,1751042242273866,42,p1,client
180a0c080af34c0e61b17ed8f4cf3685,b8e5d9c555424bcb,productcatalogservice.ProductCatalogService.GetProducts,CHILD_OF,fbe8c4a45736c520,1751042242274396,82,p1,client
180a0c080af34c0e61b17ed8f4cf3685,ec6170a0d23f3ebd,productcatalogservice.ProductCatalogService.GetProducts,CHILD_OF,fbe8c4a45736c520,1751042242274479,35,p1,client
180a0c080af34c0e61b17ed8f4cf3685,27241dce6754240e,productcatalogservice.ProductCatalogService.SearchProducts,CHILD_OF,e7bb186630569a64,1751042242274194,44,p2,client
180a0c080af34c0e61b17ed8f4cf3685,3f84e6b7f97e28dc,productcatalogservice.ProductCatalogService.SearchProducts,CHILD_OF,e7bb186630569a64,1751042242274092,100,p2,client
180a0c080af34c0e61b17ed8f4cf3685,9df45b153ddb88b8,productcatalogservice.ProductCatalogService.GetProducts,CHILD_OF,c3702e8bb4d27684,1751042242274068,11,p3,server
180a0c080af34c0e61b17ed8f4cf3685,eacfceb1290bf47d,productcatalogservice.ProductCatalogService.GetProducts,CHILD_OF,b8e5d9c555424bcb,1751042242274449,18,p3,server
180a0c080af34c0e61b17ed8f4cf3685,453caaaff0f3aa84,productcatalogservice.ProductCatalogService.GetProduct,CHILD_OF,6cdebe615bd51703,1751042242275247,13,p3,server
b8f4010152c7c0f4c5f54523385c4397,d060ce129d9eb936,currencyservice.CurrencyService.GetSupportedCurrencies,CHILD_OF,041223c795abb616,1751042242274105,38,p1,client
b8f4010152c7c0f4c5f54523385c4397,04b199a18d5cdb88,productcatalogservice.ProductCatalogService.ListProducts,CHILD_OF,041223c795abb616,1751042242274411,37,p1,client
b8f4010152c7c0f4c5f54523385c4397,714f02d964d354d7,cartservice.CartService.GetCart,CHILD_OF,041223c795abb616,1751042242274501,257,p1,client
b8f4010152c7c0f4c5f54523385c4397,a3af75dc2ab65e2d,currencyservice.CurrencyService.Convert,CHILD_OF,041223c795abb616,1751042242274760,44,p1,client
b8f4010152c7c0f4c5f54523385c4397,028f6e75f3291faa,currencyservice.CurrencyService.Convert,CHILD_OF,041223c795abb616,1751042242274893,43,p1,client
b8f4010152c7c0f4c5f54523385c4397,d017d1a46638d6bb,currencyservice.CurrencyService.Convert,CHILD_OF,041223c795abb616,1751042242275002,39,p1,client
b8f4010152c7c0f4c5f54523385c4397,80bfedaafe6f4285,currencyservice.CurrencyService.Convert,CHILD_OF,041223c795abb616,1751042242275077,34,p1,client
b8f4010152c7c0f4c5f54523385c4397,7aa674c05feb2aa6,currencyservice.CurrencyService.Convert,CHILD_OF,041223c795abb616,1751042242275113,33,p1,client
b8f4010152c7c0f4c5f54523385c4397,9707bff51796888d,productcatalogservice.ProductCatalogService.ListProducts,CHILD_OF,041223c795abb616,1751042242274145,265,p1,client
b8f4010152c7c0f4c5f54523385c4397,08f9e39453b16f75,productcatalogservice.ProductCatalogService.ListProducts,CHILD_OF,041223c795abb616,1751042242274449,44,p1,client
b8f4010152c7c0f4c5f54523385c4397,049aab6c5124a6aa,currencyservice.CurrencyService.Convert,CHILD_OF,041223c795abb616,1751042242274806,29,p1,client
b8f4010152c7c0f4c5f54523385c4397,8edeaf680d2b0abb,currencyservice.CurrencyService.Convert,CHILD_OF,041223c795abb616,1751042242274836,56,p1,client
b8f4010152c7c0f4c5f54523385c4397,54e1b9d2eec1ce5f,currencyservice.CurrencyService.Convert,CHILD_OF,041223c795abb616,1751042242275042,34,p1,client
b8f4010152c7c0f4c5f54523385c4397,ae436c8ae23a6fab,adservice.AdService.GetAds,CHILD_OF,041223c795abb616,1751042242275150,46,p1,client
b8f4010152c7c0f4c5f54523385c4397,041223c795abb616,home,,,1751042242274089,1362,p1,server
b8f4010152c7c0f4c5f54523385c4397,ce11d82d39f7fe68,productcatalogservice.ProductCatalogService.ListProducts,CHILD_OF,9707bff51796888d,1751042242274265,11,p2,server
b8f4010152c7c0f4c5f54523385c4397,4a3776e8771e9eb5,productcatalogservice.ProductCatalogService.ListProducts,CHILD_OF,04b199a18d5cdb88,1751042242274431,10,p3,server
b8f4010152c7c0f4c5f54523385c4397,37e3889b8a2c0b73,currencyservice.CurrencyService.Convert,CHILD_OF,041223c795abb616,1751042242274938,63,p1,client
1523c4d9e155b95c5151c431be741802,1bfbaf50100596ff,productcatalogservice.ProductCatalogService.GetProducts,CHILD_OF,b3baa5c805a33334,1751042242275056,35,p1,client
1523c4d9e155b95c5151c431be741802,e8d59aac3db41e5f,productcatalogservice.ProductCatalogService.SearchProducts,CHILD_OF,b3baa5c805a33334,1751042242275319,49,p1,client
1523c4d9e155b95c5151c431be741802,4208ee475304680a,productcatalogservice.ProductCatalogService.SearchProducts,CHILD_OF,b3baa5c805a33334,1751042242275369,41,p1,client
1523c4d9e155b95c5151c431be741802,b3baa5c805a33334,recommendationservice.RecService.ListRecommendations,CHILD_OF,e50cf71699ad24b5,1751042242275055,363,p1,server
1523c4d9e155b95c5151c431be741802,d7fccff7db343bf0,productcatalogservice.ProductCatalogService.GetProduct,CHILD_OF,6a58a85c233847a1,1751042242274559,215,p2,client
1523c4d9e155b95c5151c431be741802,857938e44a0cac63,productcatalogservice.ProductCatalogService.GetProducts,CHILD_OF,6a58a85c233847a1,1751042242275814,72,p2,client
1523c4d9e155b95c5151c431be741802,b350e340ca7b28f0,productcatalogservice.ProductCatalogService.GetProducts,CHILD_OF,1cdfd5554c63493a,1751042242275560,16,p3,server
1523c4d9e155b95c5151c431be741802,7ffac8111acb022a,productcatalogservice.ProductCatalogService.SearchProducts,CHILD_OF,e8d59aac3db41e5f,1751042242275347,11,p4,server
1523c4d9e155b95c5151c431be741802,1c6546fc5c774daa,cartservice.CartService.GetCart,CHILD_OF,6a58a85c233847a1,1751042242274867,121,p2,client
1523c4d9e155b95c5151c431be741802,e50cf71699ad24b5,recommendationservice.RecService.ListRecommendations,CHILD_OF,6a58a85c233847a1,1751042242275028,505,p2,client
1523c4d9e155b95c5151c431be741802,1cdfd5554c63493a,productcatalogservice.ProductCatalogService.GetProducts,CHILD_OF,6a58a85c233847a1,1751042242275537,276,p2,client
1523c4d9e155b95c5151c431be741802,45888cfefa48e932,adservice.AdService.GetAds,CHILD_OF,6a58a85c233847a1,1751042242275935,46,p2,client
1523c4d9e155b95c5151c431be741802,7cf2a8c0148a6069,productcatalogservice.ProductCatalogService.SearchProducts,CHILD_OF,b3baa5c805a33334,1751042242275093,224,p1,client
1523c4d9e155b95c5151c431be741802,28d66aee9cfcb6e6,productcatalogservice.ProductCatalogService.SearchProducts,CHILD_OF,7cf2a8c0148a6069,1751042242275275,29,p3,server
1523c4d9e155b95c5151c431be741802,368078372919144f,productcatalogservice.ProductCatalogService.GetProduct,CHILD_OF,d7fccff7db343bf0,1751042242274576,6,p4,server
1523c4d9e155b95c5151c431be741802,6ac7e87ca263ee08,currencyservice.CurrencyService.GetSupportedCurrencies,CHILD_OF,6a58a85c233847a1,1751042242274777,86,p2,client
1523c4d9e155b95c5151c431be741802,436e3436b8b99b57,currencyservice.CurrencyService.Convert,CHILD_OF,6a58a85c233847a1,1751042242274990,36,p2,client
1523c4d9e155b95c5151c431be741802,97a138303772cf07,productcatalogservice.ProductCatalogService.GetProducts,CHILD_OF,6a58a85c233847a1,1751042242275888,43,p2,client
1523c4d9e155b95c5151c431be741802,d3b47bb919b1b41c,productcatalogservice.ProductCatalogService.GetProducts,CHILD_OF,1bfbaf50100596ff,1751042242275073,8,p4,server
1523c4d9e155b95c5151c431be741802,7c9f7f7397df30b9,productcatalogservice.ProductCatalogService.GetProducts,CHILD_OF,857938e44a0cac63,1751042242275832,8,p4,server
1523c4d9e155b95c5151c431be741802,6a58a85c233847a1,product,,,1751042242274542,1560,p2,server
7320304d2b1ff3a5e46439c5b3c93ead,3ff6304e1e4d8ecf,productcatalogservice.ProductCatalogService.GetProducts,CHILD_OF,f4a63abcfbe23f20,1751042242285417,38,p1,client
7320304d2b1ff3a5e46439c5b3c93ead,2b01deba3a876cb2,shippingservice.ShippingService.GetQuote,CHILD_OF,f4a63abcfbe23f20,1751042242285496,45,p1,client
7320304d2b1ff3a5e46439c5b3c93ead,f4d5bf1b97406b71,productcatalogservice.ProductCatalogService.GetProducts,CHILD_OF,df7f86129c610b0b,1751042242285155,42,p2,client
7320304d2b1ff3a5e46439c5b3c93ead,e8089b5097b0065b,productcatalogservice.ProductCatalogService.SearchProducts,CHILD_OF,df7f86129c610b0b,1751042242285199,63,p2,client
7320304d2b1ff3a5e46439c5b3c93ead,812417e98b6c5eba,productcatalogservice.ProductCatalogService.GetProducts,CHILD_OF,3ff6304e1e4d8ecf,1751042242285436,10,p3,server
7320304d2b1ff3a5e46439c5b3c93ead,6d949f5caf404ba1,currencyservice.CurrencyService.GetSupportedCurrencies,CHILD_OF,f4a63abcfbe23f20,1751042242284745,58,p1,client
7320304d2b1ff3a5e46439c5b3c93ead,87bb170b68c07a76,productcatalogservice.ProductCatalogService.GetProducts,CHILD_OF,f4a63abcfbe23f20,1751042242285456,38,p1,client
7320304d2b1ff3a5e46439c5b3c93ead,d034c29d23b07b8e,currencyservice.CurrencyService.Convert,CHILD_OF,f4a63abcfbe23f20,1751042242285543,48,p1,client
7320304d2b1ff3a5e46439c5b3c93ead,df7f86129c610b0b,recommendationservice.RecService.ListRecommendations,CHILD_OF,7d65460ffce39eba,1751042242285153,202,p2,server
7320304d2b1ff3a5e46439c5b3c93ead,11fe024d8ff3793e,productcatalogservice.ProductCatalogService.GetProducts,CHILD_OF,97dd5e7764fe27a1,1751042242285391,15,p4,server
7320304d2b1ff3a5e46439c5b3c93ead,d7b7840a757a700d,productcatalogservice.ProductCatalogService.GetProduct,CHILD_OF,f4a63abcfbe23f20,1751042242285593,36,p1,client
7320304d2b1ff3a5e46439c5b3c93ead,f4a63abcfbe23f20,cart,,,1751042242284714,1120,p1,server
7320304d2b1ff3a5e46439c5b3c93ead,77bed1ed4785a56b,productcatalogservice.ProductCatalogService.SearchProducts,CHILD_OF,df7f86129c610b0b,1751042242285263,42,p2,client
7320304d2b1ff3a5e46439c5b3c93ead,ed400b7813d2b9ce,productcatalogservice.ProductCatalogService.SearchProducts,CHILD_OF,e8089b5097b0065b,1751042242285229,21,p4,server
7320304d2b1ff3a5e46439c5b3c93ead,ea476b8275b5920a,cartservice.CartService.GetCart,CHILD_OF,f4a63abcfbe23f20,1751042242284807,315,p1,client
7320304d2b1ff3a5e46439c5b3c93ead,7d65460ffce39eba,recommendationservice.RecService.ListRecommendations,CHILD_OF,f4a63abcfbe23f20,1751042242285124,241,p1,client
7320304d2b1ff3a5e46439c5b3c93ead,bc14ff499087eaaa,currencyservice.CurrencyService.Convert,CHILD_OF,f4a63abcfbe23f20,1751042242285631,41,p1,client
7320304d2b1ff3a5e46439c5b3c93ead,6b73ac4382a47292,productcatalogservice.ProductCatalogService.SearchProducts,CHILD_OF,df7f86129c610b0b,1751042242285307,38,p2,client
7320304d2b1ff3a5e46439c5b3c93ead,277ac0353cffeddb,productcatalogservice.ProductCatalogService.SearchProducts,CHILD_OF,77bed1ed4785a56b,1751042242285284,12,p3,server
7320304d2b1ff3a5e46439c5b3c93ead,97dd5e7764fe27a1,productcatalogservice.ProductCatalogService.GetProducts,CHILD_OF,f4a63abcfbe23f20,1751042242285368,48,p1,client
457e2a7ff19f4e76cbf0239e9a17260a,cd4f0d863d858ec2,productcatalogservice.ProductCatalogService.SearchProducts,CHILD_OF,2630697e88d4fa6d,1751042242286947,65,p1,client
457e2a7ff19f4e76cbf0239e9a17260a,ef45c1cac0812794,productcatalogservice.ProductCatalogService.GetProducts,CHILD_OF,670d7c61a997e811,1751042242287039,59,p2,client
457e2a7ff19f4e76cbf0239e9a17260a,da56a56b401f3b3b,productcatalogservice.ProductCatalogService.GetProducts,CHILD_OF,670d7c61a997e811,1751042242287142,31,p2,client
457e2a7ff19f4e76cbf0239e9a17260a,fa762c8a116703dd,currencyservice.CurrencyService.Convert,CHILD_OF,670d7c61a997e811,1751042242287308,34,p2,client
457e2a7ff19f4e76cbf0239e9a17260a,29d532b01eb5833b,productcatalogservice.ProductCatalogService.SearchProducts,CHILD_OF,2630697e88d4fa6d,1751042242286899,46,p1,client
457e2a7ff19f4e76cbf0239e9a17260a,37d551651c7e2386,productcatalogservice.ProductCatalogService.GetProducts,CHILD_OF,2630697e88d4fa6d,1751042242286793,43,p1,client
457e2a7ff19f4e76cbf0239e9a17260a,ce660f0eae5bef33,productcatalogservice.ProductCatalogService.GetProduct,CHILD_OF,a3233cb66d8e1953,1751042242287369,10,p3,server
457e2a7ff19f4e76cbf0239e9a17260a,7cbd8a2061843a39,currencyservice.CurrencyService.Convert,CHILD_OF,670d7c61a997e811,1751042242287225,40,p2,client
457e2a7ff19f4e76cbf0239e9a17260a,a3233cb66d8e1953,productcatalogservice.ProductCatalogService.GetProduct,CHILD_OF,670d7c61a997e811,1751042242287348,43,p2,client
457e2a7ff19f4e76cbf0239e9a17260a,e68430ce490e5f58,productcatalogservice.ProductCatalogService.GetProducts,CHILD_OF,37d551651c7e2386,1751042242286815,7,p4,server
457e2a7ff19f4e76cbf0239e9a17260a,d345056dea507b4d,recommendationservice.RecService.ListRecommendations,CHILD_OF,670d7c61a997e811,1751042242286703,333,p2,client
457e2a7ff19f4e76cbf0239e9a17260a,416b4d44eac9657c,productcatalogservice.ProductCatalogService.GetProduct,CHILD_OF,670d7c61a997e811,1751042242287425,230,p2,client
457e2a7ff19f4e76cbf0239e9a17260a,f48941b3dce34106,productcatalogservice.ProductCatalogService.GetProduct,CHILD_OF,416b4d44eac9657c,1751042242287447,6,p4,server
457e2a7ff19f4e76cbf0239e9a17260a,fd699db62ee76bbb,productcatalogservice.ProductCatalogService.GetProduct,CHILD_OF,74369cbede4c5edc,1751042242287286,10,p3,server
457e2a7ff19f4e76cbf0239e9a17260a,a250ba8cc82d7798,productcatalogservice.ProductCatalogService.GetProducts,CHILD_OF,670d7c61a997e811,1751042242287099,42,p2,client
457e2a7ff19f4e76cbf0239e9a17260a,6634599f849efe65,cartservice.CartService.GetCart,CHILD_OF,670d7c61a997e811,1751042242286575,126,p2,client
457e2a7ff19f4e76cbf0239e9a17260a,dfff092df6eed263,currencyservice.CurrencyService.Convert,CHILD_OF,670d7c61a997e811,1751042242287657,40,p2,client
457e2a7ff19f4e76cbf0239e9a17260a,71f0af74afa22e96,productcatalogservice.ProductCatalogService.GetProducts,CHILD_OF,2630697e88d4fa6d,1751042242286739,53,p1,client
457e2a7ff19f4e76cbf0239e9a17260a,2630697e88d4fa6d,recommendationservice.RecService.ListRecommendations,CHILD_OF,d345056dea507b4d,1751042242286737,285,p1,server
457e2a7ff19f4e76cbf0239e9a17260a,f4ce6d1fb8c45e7f,productcatalogservice.ProductCatalogService.SearchProducts,CHILD_OF,9ac8d7b6b6794b7b,1751042242286859,15,p3,server
457e2a7ff19f4e76cbf0239e9a17260a,c7b41abf8a7b6794,productcatalogservice.ProductCatalogService.SearchProducts,CHILD_OF,29d532b01eb5833b,1751042242286919,15,p4,server
457e2a7ff19f4e76cbf0239e9a17260a,313cf50a270dc1ee,shippingservice.ShippingService.GetQuote,CHILD_OF,670d7c61a997e811,1751042242287175,47,p2,client
457e2a7ff19f4e76cbf0239e9a17260a,74369cbede4c5edc,productcatalogservice.ProductCatalogService.GetProduct,CHILD_OF,670d7c61a997e811,1751042242287267,40,p2,client
457e2a7ff19f4e76cbf0239e9a17260a,670d7c61a997e811,cart,,,1751042242286496,1424,p2,server
457e2a7ff19f4e76cbf0239e9a17260a,9ac8d7b6b6794b7b,productcatalogservice.ProductCatalogService.SearchProducts,CHILD_OF,2630697e88d4fa6d,1751042242286838,60,p1,client
457e2a7ff19f4e76cbf0239e9a17260a,0a0124090b237154,productcatalogservice.ProductCatalogService.GetProducts,CHILD_OF,ef45c1cac0812794,1751042242287075,11,p3,server
457e2a7ff19f4e76cbf0239e9a17260a,62932e8c26059a18,productcatalogservice.ProductCatalogService.GetProducts,CHILD_OF,71f0af74afa22e96,1751042242286760,14,p3,server
457e2a7ff19f4e76cbf0239e9a17260a,68198bd5534d9dd1,productcatalogservice.ProductCatalogService.GetProducts,CHILD_OF,a250ba8cc82d7798,1751042242287124,10,p4,server
457e2a7ff19f4e76cbf0239e9a17260a,9c833ea4fced3a76,currencyservice.CurrencyService.GetSupportedCurrencies,CHILD_OF,670d7c61a997e811,1751042242286511,60,p2,client
457e2a7ff19f4e76cbf0239e9a17260a,f9431cfd6cdd71df,currencyservice.CurrencyService.Convert,CHILD_OF,670d7c61a997e811,1751042242287393,31,p2,client
86dab77438c324c9ebe97ec007653edb,5c7c606e8acbbfd5,cartservice.CartService.AddItem,CHILD_OF,03c8e96351f3f6b1,1751042242287644,379,p1,client
86dab77438c324c9ebe97ec007653edb,03c8e96351f3f6b1,cart,,,1751042242287458,572,p1,server
86dab77438c324c9ebe97ec007653edb,0a6636c93fe4ee8c,productcatalogservice.ProductCatalogService.GetProduct,CHILD_OF,9a4b6ff16746e08f,1751042242287503,7,p2,server
86dab77438c324c9ebe97ec007653edb,9a4b6ff16746e08f,productcatalogservice.ProductCatalogService.GetProduct,CHILD_OF,03c8e96351f3f6b1,1751042242287486,156,p1,client
ffec11370866105157cd1c623996e596,caf18edf368c0029,productcatalogservice.ProductCatalogService.ListProducts,CHILD_OF,f4c2eccaca7aebf5,1751042242292862,79,p1,client
ffec11370866105157cd1c623996e596,148a93006f0011ab,cartservice.CartService.GetCart,CHILD_OF,f4c2eccaca7aebf5,1751042242293017,110,p1,client
ffec11370866105157cd1c623996e596,3feed41adb74a7ba,currencyservice.CurrencyService.Convert,CHILD_OF,f4c2eccaca7aebf5,1751042242293313,37,p1,client
ffec11370866105157cd1c623996e596,8f06092d4eca621e,currencyservice.CurrencyService.Convert,CHILD_OF,f4c2eccaca7aebf5,1751042242293352,33,p1,client
ffec11370866105157cd1c623996e596,8452782dd07304a0,currencyservice.CurrencyService.GetSupportedCurrencies,CHILD_OF,f4c2eccaca7aebf5,1751042242292779,79,p1,client
ffec11370866105157cd1c623996e596,5d726c93433ee550,productcatalogservice.ProductCatalogService.ListProducts,CHILD_OF,27482796543349b9,1751042242292962,8,p2,server
ffec11370866105157cd1c623996e596,27482796543349b9,productcatalogservice.ProductCatalogService.ListProducts,CHILD_OF,f4c2eccaca7aebf5,1751042242292943,35,p1,client
ffec11370866105157cd1c623996e596,536b0621b2f08753,currencyservice.CurrencyService.Convert,CHILD_OF,f4c2eccaca7aebf5,1751042242293279,32,p1,client
ffec11370866105157cd1c623996e596,8e7f2072d36a58d9,currencyservice.CurrencyService.Convert,CHILD_OF,f4c2eccaca7aebf5,1751042242293129,34,p1,client
ffec11370866105157cd1c623996e596,f4c2eccaca7aebf5,home,,,1751042242292758,934,p1,server
ffec11370866105157cd1c623996e596,6105955058a61406,productcatalogservice.ProductCatalogService.ListProducts,CHILD_OF,caf18edf368c0029,1751042242292913,13,p3,server
ffec11370866105157cd1c623996e596,a93cde85269021aa,currencyservice.CurrencyService.Convert,CHILD_OF,f4c2eccaca7aebf5,1751042242293164,39,p1,client
ffec11370866105157cd1c623996e596,cac804050c8749b0,currencyservice.CurrencyService.Convert,CHILD_OF,f4c2eccaca7aebf5,1751042242293205,33,p1,client
ffec11370866105157cd1c623996e596,2ae4dc2c93dbfaab,currencyservice.CurrencyService.Convert,CHILD_OF,f4c2eccaca7aebf5,1751042242293239,38,p1,client
ffec11370866105157cd1c623996e596,50e373a61793f98d,currencyservice.CurrencyService.Convert,CHILD_OF,f4c2eccaca7aebf5,1751042242293386,33,p1,client
ffec11370866105157cd1c623996e596,c9e71a054a4f9c1c,currencyservice.CurrencyService.Convert,CHILD_OF,f4c2eccaca7aebf5,1751042242293421,35,p1,client
ffec11370866105157cd1c623996e596,1f6bbfe19cd39111,adservice.AdService.GetAds,CHILD_OF,f4c2eccaca7aebf5,1751042242293460,49,p1,client
ffec11370866105157cd1c623996e596,ae615cc44bfd8430,productcatalogservice.ProductCatalogService.ListProducts,CHILD_OF,f4c2eccaca7aebf5,1751042242292979,36,p1,client
99996ef224960717462e70179a390e19,cbfdd3c811975515,cartservice.CartService.EmptyCart,CHILD_OF,06efff3460a33f64,1751042242295781,93,p1,client
99996ef224960717462e70179a390e19,06efff3460a33f64,cart_empty,,,1751042242295763,118,p1,server
19634d84e9b93b3bfb4ad05a461c3dd9,6a942081e4d61414,productcatalogservice.ProductCatalogService.ListProducts,CHILD_OF,f63a433a2d251d49,1751042242296174,48,p1,client
19634d84e9b93b3bfb4ad05a461c3dd9,4e5bf99c9a140ae8,currencyservice.CurrencyService.Convert,CHILD_OF,f63a433a2d251d49,1751042242296661,32,p1,client
19634d84e9b93b3bfb4ad05a461c3dd9,18dd07b4fb2f03bf,productcatalogservice.ProductCatalogService.ListProducts,CHILD_OF,6a942081e4d61414,1751042242296198,10,p2,server
19634d84e9b93b3bfb4ad05a461c3dd9,4191d602f0431fb2,currencyservice.CurrencyService.Convert,CHILD_OF,f63a433a2d251d49,1751042242296557,33,p1,client
19634d84e9b93b3bfb4ad05a461c3dd9,bcb5c16c5bc81ea6,currencyservice.CurrencyService.Convert,CHILD_OF,f63a433a2d251d49,1751042242296592,32,p1,client
19634d84e9b93b3bfb4ad05a461c3dd9,4232a16c1a258c0c,productcatalogservice.ProductCatalogService.ListProducts,CHILD_OF,f63a433a2d251d49,1751042242296265,39,p1,client
19634d84e9b93b3bfb4ad05a461c3dd9,f27e659c56abf1b1,currencyservice.CurrencyService.Convert,CHILD_OF,f63a433a2d251d49,1751042242296446,37,p1,client
19634d84e9b93b3bfb4ad05a461c3dd9,3c60310ed50d04cb,currencyservice.CurrencyService.Convert,CHILD_OF,f63a433a2d251d49,1751042242296694,38,p1,client
19634d84e9b93b3bfb4ad05a461c3dd9,49c857c62b7a050a,adservice.AdService.GetAds,CHILD_OF,f63a433a2d251d49,1751042242296769,48,p1,client
19634d84e9b93b3bfb4ad05a461c3dd9,2ef5e357b45ad884,productcatalogservice.ProductCatalogService.ListProducts,CHILD_OF,c00d00bc2f0a71b8,1751042242296244,9,p3,server
19634d84e9b93b3bfb4ad05a461c3dd9,ca79399a0cbebfe7,currencyservice.CurrencyService.GetSupportedCurrencies,CHILD_OF,f63a433a2d251d49,1751042242296107,64,p1,client
19634d84e9b93b3bfb4ad05a461c3dd9,bd2a4d384c61d4f3,cartservice.CartService.GetCart,CHILD_OF,f63a433a2d251d49,1751042242296306,138,p1,client
19634d84e9b93b3bfb4ad05a461c3dd9,796e9ba49c77b7ed,currencyservice.CurrencyService.Convert,CHILD_OF,f63a433a2d251d49,1751042242296484,36,p1,client
19634d84e9b93b3bfb4ad05a461c3dd9,f80445b1a253f4c3,currencyservice.CurrencyService.Convert,CHILD_OF,f63a433a2d251d49,1751042242296626,34,p1,client
19634d84e9b93b3bfb4ad05a461c3dd9,f63a433a2d251d49,home,,,1751042242296101,867,p1,server
19634d84e9b93b3bfb4ad05a461c3dd9,c00d00bc2f0a71b8,productcatalogservice.ProductCatalogService.ListProducts,CHILD_OF,f63a433a2d251d49,1751042242296223,40,p1,client
19634d84e9b93b3bfb4ad05a461c3dd9,9ad10bba7885ce06,currencyservice.CurrencyService.Convert,CHILD_OF,f63a433a2d251d49,1751042242296521,34,p1,client
19634d84e9b93b3bfb4ad05a461c3dd9,370b07233db9c0f7,currencyservice.CurrencyService.Convert,CHILD_OF,f63a433a2d251d49,1751042242296733,33,p1,client
32b70d302ff4579691fa6c1335597d49,9001461763242b19,setcurrency,,,1751042242306548,22,p1,server
33fa959204b9fb086bcdc9ca8f71f3f5,91b63167fc26ead1,productcatalogservice.ProductCatalogService.ListProducts,CHILD_OF,5e94fdc1545cba23,1751042242307158,11,p1,server
33fa959204b9fb086bcdc9ca8f71f3f5,8c893db2849ae2ee,productcatalogservice.ProductCatalogService.ListProducts,CHILD_OF,c20d79cd68cd5cd3,1751042242307201,8,p2,server
33fa959204b9fb086bcdc9ca8f71f3f5,fb80549cefb34784,currencyservice.CurrencyService.Convert,CHILD_OF,ab0c86866e95b815,1751042242307375,37,p3,client
33fa959204b9fb086bcdc9ca8f71f3f5,fe06249eee198ae4,currencyservice.CurrencyService.Convert,CHILD_OF,ab0c86866e95b815,1751042242307566,35,p3,client
33fa959204b9fb086bcdc9ca8f71f3f5,7904f91c14f89c76,currencyservice.CurrencyService.Convert,CHILD_OF,ab0c86866e95b815,1751042242307637,32,p3,client
33fa959204b9fb086bcdc9ca8f71f3f5,ec6e21fe11001f44,adservice.AdService.GetAds,CHILD_OF,ab0c86866e95b815,1751042242307710,51,p3,client
33fa959204b9fb086bcdc9ca8f71f3f5,f5138f4a76631ede,currencyservice.CurrencyService.GetSupportedCurrencies,CHILD_OF,ab0c86866e95b815,1751042242307000,130,p3,client
33fa959204b9fb086bcdc9ca8f71f3f5,ab0c86866e95b815,home,,,1751042242306982,943,p3,server
33fa959204b9fb086bcdc9ca8f71f3f5,5e94fdc1545cba23,productcatalogservice.ProductCatalogService.ListProducts,CHILD_OF,ab0c86866e95b815,1751042242307134,47,p3,client
33fa959204b9fb086bcdc9ca8f71f3f5,f6c04194c0bcae43,currencyservice.CurrencyService.Convert,CHILD_OF,ab0c86866e95b815,1751042242307414,35,p3,client
33fa959204b9fb086bcdc9ca8f71f3f5,e83976e36c270e91,currencyservice.CurrencyService.Convert,CHILD_OF,ab0c86866e95b815,1751042242307602,33,p3,client
33fa959204b9fb086bcdc9ca8f71f3f5,3de2f5663cb05b40,currencyservice.CurrencyService.Convert,CHILD_OF,ab0c86866e95b815,1751042242307488,39,p3,client
33fa959204b9fb086bcdc9ca8f71f3f5,53ca752d0c3f3ad7,cartservice.CartService.GetCart,CHILD_OF,ab0c86866e95b815,1751042242307263,110,p3,client
33fa959204b9fb086bcdc9ca8f71f3f5,c20d79cd68cd5cd3,productcatalogservice.ProductCatalogService.ListProducts,CHILD_OF,ab0c86866e95b815,1751042242307183,37,p3,client
33fa959204b9fb086bcdc9ca8f71f3f5,54ec7d381581f66f,productcatalogservice.ProductCatalogService.ListProducts,CHILD_OF,ab0c86866e95b815,1751042242307221,40,p3,client
33fa959204b9fb086bcdc9ca8f71f3f5,b01c919a937af6e0,currencyservice.CurrencyService.Convert,CHILD_OF,ab0c86866e95b815,1751042242307451,36,p3,client
33fa959204b9fb086bcdc9ca8f71f3f5,3b2b762d5541b30b,currencyservice.CurrencyService.Convert,CHILD_OF,ab0c86866e95b815,1751042242307529,35,p3,client
33fa959204b9fb086bcdc9ca8f71f3f5,9e5d2cba7aa98edb,currencyservice.CurrencyService.Convert,CHILD_OF,ab0c86866e95b815,1751042242307671,35,p3,client
badca4fab83f3ba508f3bb0569da52e0,54a7be65fa9df79c,currencyservice.CurrencyService.Convert,CHILD_OF,d1bc55cb121ed09b,1751042242308544,36,p1,client
badca4fab83f3ba508f3bb0569da52e0,3315cfd424864972,currencyservice.CurrencyService.Convert,CHILD_OF,d1bc55cb121ed09b,1751042242308614,34,p1,client
badca4fab83f3ba508f3bb0569da52e0,6fc1a23cf92ea663,currencyservice.CurrencyService.Convert,CHILD_OF,d1bc55cb121ed09b,1751042242308649,37,p1,client
badca4fab83f3ba508f3bb0569da52e0,d1bc55cb121ed09b,home,,,1751042242308023,874,p1,server
badca4fab83f3ba508f3bb0569da52e0,b6ed3b3820d81159,productcatalogservice.ProductCatalogService.ListProducts,CHILD_OF,d1bc55cb121ed09b,1751042242308121,49,p1,client
badca4fab83f3ba508f3bb0569da52e0,ba26796017be0b0d,currencyservice.CurrencyService.Convert,CHILD_OF,d1bc55cb121ed09b,1751042242308510,32,p1,client
badca4fab83f3ba508f3bb0569da52e0,283f20040b929006,currencyservice.CurrencyService.Convert,CHILD_OF,d1bc55cb121ed09b,1751042242308581,31,p1,client
badca4fab83f3ba508f3bb0569da52e0,9d66d8a99a16fdec,currencyservice.CurrencyService.GetSupportedCurrencies,CHILD_OF,d1bc55cb121ed09b,1751042242308041,77,p1,client
badca4fab83f3ba508f3bb0569da52e0,bfc356e196acab22,productcatalogservice.ProductCatalogService.ListProducts,CHILD_OF,d1bc55cb121ed09b,1751042242308172,35,p1,client
badca4fab83f3ba508f3bb0569da52e0,138c42ef2bfa40f4,currencyservice.CurrencyService.Convert,CHILD_OF,d1bc55cb121ed09b,1751042242308393,39,p1,client
badca4fab83f3ba508f3bb0569da52e0,eb0771927fc18287,currencyservice.CurrencyService.Convert,CHILD_OF,d1bc55cb121ed09b,1751042242308433,33,p1,client
badca4fab83f3ba508f3bb0569da52e0,22cecf68a70e29e7,adservice.AdService.GetAds,CHILD_OF,d1bc55cb121ed09b,1751042242308690,48,p1,client
badca4fab83f3ba508f3bb0569da52e0,6c542a1e02e3e402,productcatalogservice.ProductCatalogService.ListProducts,CHILD_OF,b6ed3b3820d81159,1751042242308145,12,p2,server
badca4fab83f3ba508f3bb0569da52e0,bf5ea1df75f9b3ab,productcatalogservice.ProductCatalogService.ListProducts,CHILD_OF,bfc356e196acab22,1751042242308189,9,p3,server
badca4fab83f3ba508f3bb0569da52e0,e37ac12aad24424b,productcatalogservice.ProductCatalogService.ListProducts,CHILD_OF,d1bc55cb121ed09b,1751042242308209,42,p1,client
badca4fab83f3ba508f3bb0569da52e0,db950215fbe8c97a,cartservice.CartService.GetCart,CHILD_OF,d1bc55cb121ed09b,1751042242308253,104,p1,client
badca4fab83f3ba508f3bb0569da52e0,3f40ff34e1ed4a6f,currencyservice.CurrencyService.Convert,CHILD_OF,d1bc55cb121ed09b,1751042242308359,33,p1,client
badca4fab83f3ba508f3bb0569da52e0,fb8f2a9190184474,currencyservice.CurrencyService.Convert,CHILD_OF,d1bc55cb121ed09b,1751042242308467,42,p1,client
adb8b79b7f8b83ca5d2a3a9172db9657,8197998c04640742,productcatalogservice.ProductCatalogService.GetProduct,CHILD_OF,e26407fda6a02cee,1751042242315239,6,p1,server
adb8b79b7f8b83ca5d2a3a9172db9657,e26407fda6a02cee,productcatalogservice.ProductCatalogService.GetProduct,CHILD_OF,de817659f03e5dec,1751042242315216,66,p2,client
adb8b79b7f8b83ca5d2a3a9172db9657,e2c80d9a34792dbf,cartservice.CartService.AddItem,CHILD_OF,de817659f03e5dec,1751042242315284,151,p2,client
adb8b79b7f8b83ca5d2a3a9172db9657,de817659f03e5dec,cart,,,1751042242315192,250,p2,server
a43ebb4442a80663c66e5e41775dc968,075e2496c371c2c9,cartservice.CartService.AddItem,CHILD_OF,d0959e07c2c71497,1751042242317057,164,p1,client
a43ebb4442a80663c66e5e41775dc968,d0959e07c2c71497,cart,,,1751042242316945,282,p1,server
a43ebb4442a80663c66e5e41775dc968,28105ba9150b6251,productcatalogservice.ProductCatalogService.GetProduct,CHILD_OF,1fc0f08bb33cc63c,1751042242317004,10,p2,server
a43ebb4442a80663c66e5e41775dc968,1fc0f08bb33cc63c,productcatalogservice.ProductCatalogService.GetProduct,CHILD_OF,d0959e07c2c71497,1751042242316980,75,p1,client
1251a47e5c359c5a3d3ea4bd71aa2ec1,22b46db10ea5d9bb,productcatalogservice.ProductCatalogService.ListProducts,CHILD_OF,1f52b1e35d5e25bb,1751042242335474,38,p1,client
1251a47e5c359c5a3d3ea4bd71aa2ec1,7d81b817ccd3cc4b,productcatalogservice.ProductCatalogService.ListProducts,CHILD_OF,1f52b1e35d5e25bb,1751042242335513,38,p1,client
1251a47e5c359c5a3d3ea4bd71aa2ec1,1f52b1e35d5e25bb,home,,,1751042242335312,902,p1,server
1251a47e5c359c5a3d3ea4bd71aa2ec1,c9ce1a229627c6c3,productcatalogservice.ProductCatalogService.ListProducts,CHILD_OF,22b46db10ea5d9bb,1751042242335494,10,p2,server
1251a47e5c359c5a3d3ea4bd71aa2ec1,e9adb016017dceae,currencyservice.CurrencyService.Convert,CHILD_OF,1f52b1e35d5e25bb,1751042242335653,42,p1,client
1251a47e5c359c5a3d3ea4bd71aa2ec1,0e334d9962e72226,cartservice.CartService.GetCart,CHILD_OF,1f52b1e35d5e25bb,1751042242335554,97,p1,client
1251a47e5c359c5a3d3ea4bd71aa2ec1,86639cfcf4b23ee5,currencyservice.CurrencyService.GetSupportedCurrencies,CHILD_OF,1f52b1e35d5e25bb,1751042242335329,69,p1,client
1251a47e5c359c5a3d3ea4bd71aa2ec1,1947535e7864a57c,currencyservice.CurrencyService.Convert,CHILD_OF,1f52b1e35d5e25bb,1751042242335697,47,p1,client
1251a47e5c359c5a3d3ea4bd71aa2ec1,b7977f32e31f1703,currencyservice.CurrencyService.Convert,CHILD_OF,1f52b1e35d5e25bb,1751042242335745,40,p1,client
1251a47e5c359c5a3d3ea4bd71aa2ec1,3e613fd3cdccbdd2,currencyservice.CurrencyService.Convert,CHILD_OF,1f52b1e35d5e25bb,1751042242335824,36,p1,client
1251a47e5c359c5a3d3ea4bd71aa2ec1,295e8d1b403c2458,currencyservice.CurrencyService.Convert,CHILD_OF,1f52b1e35d5e25bb,1751042242335899,29,p1,client
1251a47e5c359c5a3d3ea4bd71aa2ec1,b1c3e25cb00eb4ab,currencyservice.CurrencyService.Convert,CHILD_OF,1f52b1e35d5e25bb,1751042242335967,30,p1,client
1251a47e5c359c5a3d3ea4bd71aa2ec1,e9d06cb2e5e97012,currencyservice.CurrencyService.Convert,CHILD_OF,1f52b1e35d5e25bb,1751042242335786,37,p1,client
1251a47e5c359c5a3d3ea4bd71aa2ec1,1ad070f12b24779d,currencyservice.CurrencyService.Convert,CHILD_OF,1f52b1e35d5e25bb,1751042242335861,36,p1,client
1251a47e5c359c5a3d3ea4bd71aa2ec1,7d7d7e1cadc5cc4f,currencyservice.CurrencyService.Convert,CHILD_OF,1f52b1e35d5e25bb,1751042242335929,37,p1,client
1251a47e5c359c5a3d3ea4bd71aa2ec1,bf68e7c78b2af4d8,adservice.AdService.GetAds,CHILD_OF,1f52b1e35d5e25bb,1751042242336002,48,p1,client
1251a47e5c359c5a3d3ea4bd71aa2ec1,2f05cf33f185ad99,productcatalogservice.ProductCatalogService.ListProducts,CHILD_OF,1f52b1e35d5e25bb,1751042242335401,71,p1,client
a134b1eb99179d20d1aa5bd1f3b93c81,2b749dbdb6b549c5,recommendationservice.RecService.ListRecommendations,CHILD_OF,346801a22fe82b94,1751042242352395,273,p1,client
a134b1eb99179d20d1aa5bd1f3b93c81,bad15757b9cf0778,productcatalogservice.ProductCatalogService.GetProducts,CHILD_OF,346801a22fe82b94,1751042242352670,67,p1,client
a134b1eb99179d20d1aa5bd1f3b93c81,427b9de9a0f61332,productcatalogservice.ProductCatalogService.GetProducts,CHILD_OF,346801a22fe82b94,1751042242352780,38,p1,client
a134b1eb99179d20d1aa5bd1f3b93c81,346801a22fe82b94,product,,,1751042242352081,922,p1,server
a134b1eb99179d20d1aa5bd1f3b93c81,c1069a6827e66ba2,cartservice.CartService.GetCart,CHILD_OF,346801a22fe82b94,1751042242352235,115,p1,client
a134b1eb99179d20d1aa5bd1f3b93c81,184e99118dea4552,currencyservice.CurrencyService.Convert,CHILD_OF,346801a22fe82b94,1751042242352352,41,p1,client
a134b1eb99179d20d1aa5bd1f3b93c81,a10b3f2f324b3647,productcatalogservice.ProductCatalogService.GetProducts,CHILD_OF,346801a22fe82b94,1751042242352738,41,p1,client
a134b1eb99179d20d1aa5bd1f3b93c81,0bac6f66b752c3b0,adservice.AdService.GetAds,CHILD_OF,346801a22fe82b94,1751042242352822,54,p1,client
a134b1eb99179d20d1aa5bd1f3b93c81,127ca6918a4c4d85,productcatalogservice.ProductCatalogService.GetProduct,CHILD_OF,346801a22fe82b94,1751042242352105,81,p1,client
a134b1eb99179d20d1aa5bd1f3b93c81,7c8f7df99ef4ad7b,currencyservice.CurrencyService.GetSupportedCurrencies,CHILD_OF,346801a22fe82b94,1751042242352189,42,p1,client
263143d32c86ae921eb2a7e97e282fec,988b0919dc8f60fa,cart,,,1751042242358995,1924,p1,server
263143d32c86ae921eb2a7e97e282fec,104ab757d117d337,currencyservice.CurrencyService.Convert,CHILD_OF,988b0919dc8f60fa,1751042242360273,36,p1,client
263143d32c86ae921eb2a7e97e282fec,2a0f1193ef53a47f,currencyservice.CurrencyService.Convert,CHILD_OF,988b0919dc8f60fa,1751042242360353,37,p1,client
263143d32c86ae921eb2a7e97e282fec,f0f621567b5a6c6b,productcatalogservice.ProductCatalogService.GetProduct,CHILD_OF,988b0919dc8f60fa,1751042242360534,39,p1,client
263143d32c86ae921eb2a7e97e282fec,d5b78ac6360bd8cc,currencyservice.CurrencyService.GetSupportedCurrencies,CHILD_OF,988b0919dc8f60fa,1751042242359011,59,p1,client
263143d32c86ae921eb2a7e97e282fec,9ba99a0a09327265,productcatalogservice.ProductCatalogService.GetProduct,CHILD_OF,988b0919dc8f60fa,1751042242360310,42,p1,client
263143d32c86ae921eb2a7e97e282fec,a7f1a6327eb104df,shippingservice.ShippingService.GetQuote,CHILD_OF,988b0919dc8f60fa,1751042242359920,52,p1,client
263143d32c86ae921eb2a7e97e282fec,041c3d0415717522,currencyservice.CurrencyService.Convert,CHILD_OF,988b0919dc8f60fa,1751042242359973,143,p1,client
263143d32c86ae921eb2a7e97e282fec,bd83a98dafd38821,currencyservice.CurrencyService.Convert,CHILD_OF,988b0919dc8f60fa,1751042242360435,31,p1,client
263143d32c86ae921eb2a7e97e282fec,b6f2da47da2a7202,productcatalogservice.ProductCatalogService.GetProduct,CHILD_OF,988b0919dc8f60fa,1751042242360467,28,p1,client
263143d32c86ae921eb2a7e97e282fec,05c8f343861fd08e,currencyservice.CurrencyService.Convert,CHILD_OF,988b0919dc8f60fa,1751042242360497,35,p1,client
263143d32c86ae921eb2a7e97e282fec,a216c28b45ae100a,currencyservice.CurrencyService.Convert,CHILD_OF,988b0919dc8f60fa,1751042242360575,30,p1,client
263143d32c86ae921eb2a7e97e282fec,f1ea9a2dc8ff42c7,recommendationservice.RecService.ListRecommendations,CHILD_OF,988b0919dc8f60fa,1751042242359429,344,p1,client
263143d32c86ae921eb2a7e97e282fec,34c185788f2babf1,productcatalogservice.ProductCatalogService.GetProducts,CHILD_OF,988b0919dc8f60fa,1751042242359825,43,p1,client
263143d32c86ae921eb2a7e97e282fec,a38a02906d29fe9e,productcatalogservice.ProductCatalogService.GetProduct,CHILD_OF,988b0919dc8f60fa,1751042242360392,42,p1,client
263143d32c86ae921eb2a7e97e282fec,22e9d6d880267116,cartservice.CartService.GetCart,CHILD_OF,988b0919dc8f60fa,1751042242359074,353,p1,client
263143d32c86ae921eb2a7e97e282fec,49974017d0529144,productcatalogservice.ProductCatalogService.GetProducts,CHILD_OF,988b0919dc8f60fa,1751042242359776,47,p1,client
263143d32c86ae921eb2a7e97e282fec,f53414fcd9158092,productcatalogservice.ProductCatalogService.GetProducts,CHILD_OF,988b0919dc8f60fa,1751042242359869,49,p1,client
263143d32c86ae921eb2a7e97e282fec,b5a19eaedd9e8318,productcatalogservice.ProductCatalogService.GetProduct,CHILD_OF,988b0919dc8f60fa,1751042242360119,78,p1,client
263143d32c86ae921eb2a7e97e282fec,1db44ee663ecb18a,currencyservice.CurrencyService.Convert,CHILD_OF,988b0919dc8f60fa,1751042242360198,39,p1,client
263143d32c86ae921eb2a7e97e282fec,0c78b95e7eb614a3,productcatalogservice.ProductCatalogService.GetProduct,CHILD_OF,988b0919dc8f60fa,1751042242360239,32,p1,client
121f747541d8792bf6e18e8f9b046eec,935a3257b1173303,cartservice.CartService.GetCart,CHILD_OF,3b38051e9dd22757,1751042242360223,188,p1,client
121f747541d8792bf6e18e8f9b046eec,d3edcacad0cbf5c7,currencyservice.CurrencyService.Convert,CHILD_OF,3b38051e9dd22757,1751042242360484,35,p1,client
121f747541d8792bf6e18e8f9b046eec,976b3b9449edcaee,currencyservice.CurrencyService.Convert,CHILD_OF,3b38051e9dd22757,1751042242360563,29,p1,client
121f747541d8792bf6e18e8f9b046eec,c8c3d8d2d26b4fb0,currencyservice.CurrencyService.Convert,CHILD_OF,3b38051e9dd22757,1751042242360594,359,p1,client
121f747541d8792bf6e18e8f9b046eec,192d6d9e90baa826,currencyservice.CurrencyService.Convert,CHILD_OF,3b38051e9dd22757,1751042242361053,31,p1,client
121f747541d8792bf6e18e8f9b046eec,d2cd590e1c66eee0,currencyservice.CurrencyService.Convert,CHILD_OF,3b38051e9dd22757,1751042242360521,40,p1,client
121f747541d8792bf6e18e8f9b046eec,f07445fbbb24e76c,currencyservice.CurrencyService.Convert,CHILD_OF,3b38051e9dd22757,1751042242360955,96,p1,client
121f747541d8792bf6e18e8f9b046eec,3b38051e9dd22757,home,,,1751042242360006,1373,p1,server
121f747541d8792bf6e18e8f9b046eec,f45888b9617f9e8d,currencyservice.CurrencyService.Convert,CHILD_OF,3b38051e9dd22757,1751042242361085,56,p1,client
121f747541d8792bf6e18e8f9b046eec,63e0b5fabb12596e,adservice.AdService.GetAds,CHILD_OF,3b38051e9dd22757,1751042242361146,45,p1,client
121f747541d8792bf6e18e8f9b046eec,358e8e78eb5a6097,currencyservice.CurrencyService.GetSupportedCurrencies,CHILD_OF,3b38051e9dd22757,1751042242360022,73,p1,client
121f747541d8792bf6e18e8f9b046eec,60b5c4abe09fcc36,productcatalogservice.ProductCatalogService.ListProducts,CHILD_OF,3b38051e9dd22757,1751042242360098,41,p1,client
121f747541d8792bf6e18e8f9b046eec,e193ed2797dfd192,currencyservice.CurrencyService.Convert,CHILD_OF,3b38051e9dd22757,1751042242360412,35,p1,client
121f747541d8792bf6e18e8f9b046eec,fb7692d4c5bb50dd,currencyservice.CurrencyService.Convert,CHILD_OF,3b38051e9dd22757,1751042242360448,35,p1,client
121f747541d8792bf6e18e8f9b046eec,f82ac3baa6d1fcd3,productcatalogservice.ProductCatalogService.ListProducts,CHILD_OF,3b38051e9dd22757,1751042242360187,35,p1,client
121f747541d8792bf6e18e8f9b046eec,19ce78d7e8450f6d,productcatalogservice.ProductCatalogService.ListProducts,CHILD_OF,3b38051e9dd22757,1751042242360141,45,p1,client
774c41e182e27cf5887c742a8602af0f,08d5a8656469eb27,product,,,1751042242361995,975,p1,server
774c41e182e27cf5887c742a8602af0f,4271ade31df69b74,productcatalogservice.ProductCatalogService.GetProducts,CHILD_OF,08d5a8656469eb27,1751042242362683,57,p1,client
774c41e182e27cf5887c742a8602af0f,15fdaa0dff9fe09d,currencyservice.CurrencyService.GetSupportedCurrencies,CHILD_OF,08d5a8656469eb27,1751042242362055,74,p1,client
774c41e182e27cf5887c742a8602af0f,d57379ff4d196f0b,recommendationservice.RecService.ListRecommendations,CHILD_OF,08d5a8656469eb27,1751042242362322,310,p1,client
774c41e182e27cf5887c742a8602af0f,825f953ff8bc5c8c,currencyservice.CurrencyService.Convert,CHILD_OF,08d5a8656469eb27,1751042242362281,39,p1,client
774c41e182e27cf5887c742a8602af0f,bd5ac27b2190bc89,productcatalogservice.ProductCatalogService.GetProducts,CHILD_OF,08d5a8656469eb27,1751042242362741,45,p1,client
774c41e182e27cf5887c742a8602af0f,770cae7da88f5c71,productcatalogservice.ProductCatalogService.GetProduct,CHILD_OF,08d5a8656469eb27,1751042242362020,33,p1,client
774c41e182e27cf5887c742a8602af0f,fac2ee53b9890973,adservice.AdService.GetAds,CHILD_OF,08d5a8656469eb27,1751042242362789,58,p1,client
774c41e182e27cf5887c742a8602af0f,8431e8856a0a31e1,cartservice.CartService.GetCart,CHILD_OF,08d5a8656469eb27,1751042242362132,147,p1,client
774c41e182e27cf5887c742a8602af0f,7de2ba5421c1042a,productcatalogservice.ProductCatalogService.GetProducts,CHILD_OF,08d5a8656469eb27,1751042242362635,47,p1,client
ee89b33220bc693455c0c621cb4282e6,9433a5f58fe3ce7e,home,,,1751042242370439,949,p1,server
ee89b33220bc693455c0c621cb4282e6,5f9509cdaabcf4e6,currencyservice.CurrencyService.Convert,CHILD_OF,9433a5f58fe3ce7e,1751042242370861,46,p1,client
ee89b33220bc693455c0c621cb4282e6,30b3f30fb2ee0d2b,currencyservice.CurrencyService.GetSupportedCurrencies,CHILD_OF,9433a5f58fe3ce7e,1751042242370458,66,p1,client
ee89b33220bc693455c0c621cb4282e6,a2a188961de6dec2,currencyservice.CurrencyService.Convert,CHILD_OF,9433a5f58fe3ce7e,1751042242370949,41,p1,client
ee89b33220bc693455c0c621cb4282e6,b3f9607b7fdaada6,productcatalogservice.ProductCatalogService.ListProducts,CHILD_OF,9433a5f58fe3ce7e,1751042242370639,44,p1,client
ee89b33220bc693455c0c621cb4282e6,d6d018ff8a4236a3,currencyservice.CurrencyService.Convert,CHILD_OF,9433a5f58fe3ce7e,1751042242370809,50,p1,client
ee89b33220bc693455c0c621cb4282e6,174b06a81e2bd38f,currencyservice.CurrencyService.Convert,CHILD_OF,9433a5f58fe3ce7e,1751042242370908,40,p1,client
ee89b33220bc693455c0c621cb4282e6,d5c88736cbff47d2,adservice.AdService.GetAds,CHILD_OF,9433a5f58fe3ce7e,1751042242371163,47,p1,client
ee89b33220bc693455c0c621cb4282e6,952b5b006f854bcf,cartservice.CartService.GetCart,CHILD_OF,9433a5f58fe3ce7e,1751042242370685,121,p1,client
ee89b33220bc693455c0c621cb4282e6,f44beae745647671,currencyservice.CurrencyService.Convert,CHILD_OF,9433a5f58fe3ce7e,1751042242370993,34,p1,client
ee89b33220bc693455c0c621cb4282e6,cb2fcbb09152731c,currencyservice.CurrencyService.Convert,CHILD_OF,9433a5f58fe3ce7e,1751042242371064,28,p1,client
ee89b33220bc693455c0c621cb4282e6,110e2c4c1af29c8f,currencyservice.CurrencyService.Convert,CHILD_OF,9433a5f58fe3ce7e,1751042242371093,31,p1,client
ee89b33220bc693455c0c621cb4282e6,b86806d4a2ba28f4,currencyservice.CurrencyService.Convert,CHILD_OF,9433a5f58fe3ce7e,1751042242371126,33,p1,client
ee89b33220bc693455c0c621cb4282e6,0ab226e6f3624aea,productcatalogservice.ProductCatalogService.ListProducts,CHILD_OF,9433a5f58fe3ce7e,1751042242370528,49,p1,client
ee89b33220bc693455c0c621cb4282e6,4ce12cfcc4d3ea4e,productcatalogservice.ProductCatalogService.ListProducts,CHILD_OF,9433a5f58fe3ce7e,1751042242370579,58,p1,client
ee89b33220bc693455c0c621cb4282e6,2e511f2e4da07084,currencyservice.CurrencyService.Convert,CHILD_OF,9433a5f58fe3ce7e,1751042242371028,34,p1,client
37318bbf37d03f040efbecb5b49e3b5f,05223d1ade663ce3,setcurrency,,,1751042242377263,21,p1,server
75fa38e9c115ac6c82ca6656097f88f9,985130b21856a6e5,currencyservice.CurrencyService.Convert,CHILD_OF,4ae1249eed6a88bf,1751042242378138,31,p1,client
75fa38e9c115ac6c82ca6656097f88f9,4ae1249eed6a88bf,home,,,1751042242377545,902,p1,server
75fa38e9c115ac6c82ca6656097f88f9,032d39deb8215fb5,currencyservice.CurrencyService.Convert,CHILD_OF,4ae1249eed6a88bf,1751042242378068,34,p1,client
75fa38e9c115ac6c82ca6656097f88f9,692a75a8b761e4c6,adservice.AdService.GetAds,CHILD_OF,4ae1249eed6a88bf,1751042242378242,43,p1,client
75fa38e9c115ac6c82ca6656097f88f9,792de9a4312342df,cartservice.CartService.GetCart,CHILD_OF,4ae1249eed6a88bf,1751042242377800,104,p1,client
75fa38e9c115ac6c82ca6656097f88f9,39d3f36195d043ed,productcatalogservice.ProductCatalogService.ListProducts,CHILD_OF,4ae1249eed6a88bf,1751042242377754,43,p1,client
75fa38e9c115ac6c82ca6656097f88f9,8c34a090c3112eb2,currencyservice.CurrencyService.Convert,CHILD_OF,4ae1249eed6a88bf,1751042242377993,38,p1,client
75fa38e9c115ac6c82ca6656097f88f9,d762d0e43370857b,currencyservice.CurrencyService.GetSupportedCurrencies,CHILD_OF,4ae1249eed6a88bf,1751042242377563,64,p1,client
75fa38e9c115ac6c82ca6656097f88f9,2559833723bad2ce,currencyservice.CurrencyService.Convert,CHILD_OF,4ae1249eed6a88bf,1751042242377906,41,p1,client
75fa38e9c115ac6c82ca6656097f88f9,0af0db7143005f3e,currencyservice.CurrencyService.Convert,CHILD_OF,4ae1249eed6a88bf,1751042242378204,35,p1,client
75fa38e9c115ac6c82ca6656097f88f9,8acd21fa09b10c76,productcatalogservice.ProductCatalogService.ListProducts,CHILD_OF,4ae1249eed6a88bf,1751042242377686,66,p1,client
75fa38e9c115ac6c82ca6656097f88f9,3065998f89b225e2,productcatalogservice.ProductCatalogService.ListProducts,CHILD_OF,4ae1249eed6a88bf,1751042242377631,54,p1,client
75fa38e9c115ac6c82ca6656097f88f9,c4889fed4dce68ea,currencyservice.CurrencyService.Convert,CHILD_OF,4ae1249eed6a88bf,1751042242378033,34,p1,client
75fa38e9c115ac6c82ca6656097f88f9,5ad4c9d955a7001c,currencyservice.CurrencyService.Convert,CHILD_OF,4ae1249eed6a88bf,1751042242378104,33,p1,client
75fa38e9c115ac6c82ca6656097f88f9,b909bff533219d0c,currencyservice.CurrencyService.Convert,CHILD_OF,4ae1249eed6a88bf,1751042242378170,33,p1,client
75fa38e9c115ac6c82ca6656097f88f9,c30916cf912f073e,currencyservice.CurrencyService.Convert,CHILD_OF,4ae1249eed6a88bf,1751042242377949,42,p1,client
f95a4c6cde65462aa2ee3ce3c8e222ed,b07130a44cbd9864,productcatalogservice.ProductCatalogService.GetProducts,CHILD_OF,4bb01899d83570cc,1751042242380600,40,p1,client
f95a4c6cde65462aa2ee3ce3c8e222ed,53cde6b03265c7fb,currencyservice.CurrencyService.GetSupportedCurrencies,CHILD_OF,4bb01899d83570cc,1751042242380089,53,p1,client
f95a4c6cde65462aa2ee3ce3c8e222ed,4383f3388dd71241,productcatalogservice.ProductCatalogService.GetProduct,CHILD_OF,4bb01899d83570cc,1751042242380765,72,p1,client
f95a4c6cde65462aa2ee3ce3c8e222ed,9940681ea15b66d0,currencyservice.CurrencyService.Convert,CHILD_OF,4bb01899d83570cc,1751042242381122,38,p1,client
f95a4c6cde65462aa2ee3ce3c8e222ed,deab0fd7ba9f433c,productcatalogservice.ProductCatalogService.GetProducts,CHILD_OF,4bb01899d83570cc,1751042242380535,33,p1,client
f95a4c6cde65462aa2ee3ce3c8e222ed,c90b795f396ba26c,shippingservice.ShippingService.GetQuote,CHILD_OF,4bb01899d83570cc,1751042242380642,55,p1,client
f95a4c6cde65462aa2ee3ce3c8e222ed,062001fb092b0479,cartservice.CartService.GetCart,CHILD_OF,4bb01899d83570cc,1751042242380145,108,p1,client
f95a4c6cde65462aa2ee3ce3c8e222ed,666e0f1268c3d9d2,currencyservice.CurrencyService.Convert,CHILD_OF,4bb01899d83570cc,1751042242380938,46,p1,client
f95a4c6cde65462aa2ee3ce3c8e222ed,8c9ab353b9aa5ac1,productcatalogservice.ProductCatalogService.GetProduct,CHILD_OF,4bb01899d83570cc,1751042242380986,32,p1,client
f95a4c6cde65462aa2ee3ce3c8e222ed,b012f75faecde879,recommendationservice.RecService.ListRecommendations,CHILD_OF,4bb01899d83570cc,1751042242380257,275,p1,client
f95a4c6cde65462aa2ee3ce3c8e222ed,b4be9ce0ebb866f3,productcatalogservice.ProductCatalogService.GetProduct,CHILD_OF,4bb01899d83570cc,1751042242380887,49,p1,client
f95a4c6cde65462aa2ee3ce3c8e222ed,a38019fae829218e,productcatalogservice.ProductCatalogService.GetProduct,CHILD_OF,4bb01899d83570cc,1751042242381059,62,p1,client
f95a4c6cde65462aa2ee3ce3c8e222ed,4bb01899d83570cc,cart,,,1751042242380073,1302,p1,server
f95a4c6cde65462aa2ee3ce3c8e222ed,467c646ea920d215,productcatalogservice.ProductCatalogService.GetProducts,CHILD_OF,4bb01899d83570cc,1751042242380569,30,p1,client
f95a4c6cde65462aa2ee3ce3c8e222ed,6339d9b929c647a4,currencyservice.CurrencyService.Convert,CHILD_OF,4bb01899d83570cc,1751042242380699,63,p1,client
f95a4c6cde65462aa2ee3ce3c8e222ed,9c6b90d2ae6f8e68,currencyservice.CurrencyService.Convert,CHILD_OF,4bb01899d83570cc,1751042242380838,48,p1,client
f95a4c6cde65462aa2ee3ce3c8e222ed,107078f93b5414e9,currencyservice.CurrencyService.Convert,CHILD_OF,4bb01899d83570cc,1751042242381020,38,p1,client
6f5fdfa1307fdd392200ae3a14cd2077,cefd57fa35135c9b,setcurrency,,,1751042242384237,22,p1,server
7e9b44e91e9ad4a56a3e3e62a651813d,6aa98dd49c2f7f80,home,,,1751042242384517,958,p1,server
7e9b44e91e9ad4a56a3e3e62a651813d,2a297aa85360bb3a,currencyservice.CurrencyService.GetSupportedCurrencies,CHILD_OF,6aa98dd49c2f7f80,1751042242384537,81,p1,client
7e9b44e91e9ad4a56a3e3e62a651813d,f4b0a5f5ca6a2fc0,currencyservice.CurrencyService.Convert,CHILD_OF,6aa98dd49c2f7f80,1751042242384987,42,p1,client
7e9b44e91e9ad4a56a3e3e62a651813d,cf0c27533791d325,currencyservice.CurrencyService.Convert,CHILD_OF,6aa98dd49c2f7f80,1751042242385203,39,p1,client
7e9b44e91e9ad4a56a3e3e62a651813d,1a54e484cf005b97,productcatalogservice.ProductCatalogService.ListProducts,CHILD_OF,6aa98dd49c2f7f80,1751042242384734,39,p1,client
7e9b44e91e9ad4a56a3e3e62a651813d,285317f53390b8c5,currencyservice.CurrencyService.Convert,CHILD_OF,6aa98dd49c2f7f80,1751042242384893,42,p1,client
7e9b44e91e9ad4a56a3e3e62a651813d,e0327899caf8e5d9,currencyservice.CurrencyService.Convert,CHILD_OF,6aa98dd49c2f7f80,1751042242385106,32,p1,client
7e9b44e91e9ad4a56a3e3e62a651813d,d96d4e78046f3e27,productcatalogservice.ProductCatalogService.ListProducts,CHILD_OF,6aa98dd49c2f7f80,1751042242384674,58,p1,client
7e9b44e91e9ad4a56a3e3e62a651813d,81bba6c61642380b,productcatalogservice.ProductCatalogService.ListProducts,CHILD_OF,6aa98dd49c2f7f80,1751042242384622,51,p1,client
7e9b44e91e9ad4a56a3e3e62a651813d,c2899fc981fcf87e,currencyservice.CurrencyService.Convert,CHILD_OF,6aa98dd49c2f7f80,1751042242385031,37,p1,client
7e9b44e91e9ad4a56a3e3e62a651813d,a7c4d2a8673adc56,currencyservice.CurrencyService.Convert,CHILD_OF,6aa98dd49c2f7f80,1751042242385070,35,p1,client
7e9b44e91e9ad4a56a3e3e62a651813d,2c01c98ad8f9b900,adservice.AdService.GetAds,CHILD_OF,6aa98dd49c2f7f80,1751042242385247,56,p1,client
7e9b44e91e9ad4a56a3e3e62a651813d,16d0e2c1d5eaff27,currencyservice.CurrencyService.Convert,CHILD_OF,6aa98dd49c2f7f80,1751042242384937,48,p1,client
7e9b44e91e9ad4a56a3e3e62a651813d,a73f21e92c4b1dd5,cartservice.CartService.GetCart,CHILD_OF,6aa98dd49c2f7f80,1751042242384775,115,p1,client
7e9b44e91e9ad4a56a3e3e62a651813d,80ed353ca4d9b574,currencyservice.CurrencyService.Convert,CHILD_OF,6aa98dd49c2f7f80,1751042242385139,32,p1,client
7e9b44e91e9ad4a56a3e3e62a651813d,cf3da24b69fa0a47,currencyservice.CurrencyService.Convert,CHILD_OF,6aa98dd49c2f7f80,1751042242385173,29,p1,client
6538c01579cf3f670dbad913c53a98dc,42715912c31b64ec,cartservice.CartService.GetCart,CHILD_OF,ca130a86d8d6211d,1751042262361685,144,p1,client
6538c01579cf3f670dbad913c53a98dc,5c83045019c57ca6,productcatalogservice.ProductCatalogService.GetProducts,CHILD_OF,ca130a86d8d6211d,1751042262362197,41,p1,client
6538c01579cf3f670dbad913c53a98dc,c97c07d11b4f76cb,currencyservice.CurrencyService.Convert,CHILD_OF,ca130a86d8d6211d,1751042262362351,60,p1,client
6538c01579cf3f670dbad913c53a98dc,910ee20b6f7dfff6,productcatalogservice.ProductCatalogService.SearchProducts,CHILD_OF,f74372a71656fcba,1751042262361984,53,p2,client
6538c01579cf3f670dbad913c53a98dc,8e59749c38440a1c,productcatalogservice.ProductCatalogService.GetProducts,CHILD_OF,5c83045019c57ca6,1751042262362219,8,p3,server
6538c01579cf3f670dbad913c53a98dc,afd2d85904b41e61,currencyservice.CurrencyService.GetSupportedCurrencies,CHILD_OF,ca130a86d8d6211d,1751042262361610,70,p1,client
6538c01579cf3f670dbad913c53a98dc,a353d1c801cc347c,currencyservice.CurrencyService.Convert,CHILD_OF,ca130a86d8d6211d,1751042262362443,38,p1,client
6538c01579cf3f670dbad913c53a98dc,517f9de42ebdaecd,productcatalogservice.ProductCatalogService.GetProducts,CHILD_OF,f74372a71656fcba,1751042262361860,44,p2,client
6538c01579cf3f670dbad913c53a98dc,f74372a71656fcba,recommendationservice.RecService.ListRecommendations,CHILD_OF,86e8b65481e9b91a,1751042262361858,243,p2,server
6538c01579cf3f670dbad913c53a98dc,0bdb21c48ca484a8,productcatalogservice.ProductCatalogService.SearchProducts,CHILD_OF,910ee20b6f7dfff6,1751042262362001,21,p3,server
6538c01579cf3f670dbad913c53a98dc,5102e60b3ada1cc6,productcatalogservice.ProductCatalogService.GetProduct,CHILD_OF,ca130a86d8d6211d,1751042262362413,28,p1,client
6538c01579cf3f670dbad913c53a98dc,959ed3b259ec64a4,productcatalogservice.ProductCatalogService.GetProducts,CHILD_OF,ca130a86d8d6211d,1751042262362239,54,p1,client
6538c01579cf3f670dbad913c53a98dc,32061b80019a5a50,productcatalogservice.ProductCatalogService.SearchProducts,CHILD_OF,f74372a71656fcba,1751042262362038,51,p2,client
6538c01579cf3f670dbad913c53a98dc,723723ce3dffe576,productcatalogservice.ProductCatalogService.SearchProducts,CHILD_OF,f74372a71656fcba,1751042262361906,77,p2,client
6538c01579cf3f670dbad913c53a98dc,86e8b65481e9b91a,recommendationservice.RecService.ListRecommendations,CHILD_OF,ca130a86d8d6211d,1751042262361831,282,p1,client
6538c01579cf3f670dbad913c53a98dc,9c14217c0595d975,productcatalogservice.ProductCatalogService.GetProducts,CHILD_OF,ca130a86d8d6211d,1751042262362117,79,p1,client
6538c01579cf3f670dbad913c53a98dc,13b2db08cc461a2d,shippingservice.ShippingService.GetQuote,CHILD_OF,ca130a86d8d6211d,1751042262362296,54,p1,client
6538c01579cf3f670dbad913c53a98dc,ca130a86d8d6211d,cart,,,1751042262361604,1059,p1,server
6538c01579cf3f670dbad913c53a98dc,71e93fca9b30ac9c,productcatalogservice.ProductCatalogService.GetProducts,CHILD_OF,517f9de42ebdaecd,1751042262361881,7,p3,server
6538c01579cf3f670dbad913c53a98dc,80b4b30df5098633,productcatalogservice.ProductCatalogService.GetProduct,CHILD_OF,5102e60b3ada1cc6,1751042262362424,6,p3,server
52809d1c5adbab9e358a4edf221fa158,888844d3241710f7,cart,,,1751042262362351,348,p1,server
52809d1c5adbab9e358a4edf221fa158,9cbd00d65d810386,cartservice.CartService.AddItem,CHILD_OF,888844d3241710f7,1751042262362525,163,p1,client
52809d1c5adbab9e358a4edf221fa158,66366dc787ea91cd,cartservice.cartCache.Get,CHILD_OF,5a8727c2aab1e1da,1751042262362565,51,p2,client
52809d1c5adbab9e358a4edf221fa158,8336f12e686e5bea,cartservice.cartCache.Add,CHILD_OF,5a8727c2aab1e1da,1751042262362618,40,p2,client
52809d1c5adbab9e358a4edf221fa158,5a8727c2aab1e1da,cartservice.CartService.AddItem,CHILD_OF,9cbd00d65d810386,1751042262362560,110,p2,server
52809d1c5adbab9e358a4edf221fa158,fef539edff566312,productcatalogservice.ProductCatalogService.GetProduct,CHILD_OF,e9e81fdaca363370,1751042262362412,7,p3,server
52809d1c5adbab9e358a4edf221fa158,e9e81fdaca363370,productcatalogservice.ProductCatalogService.GetProduct,CHILD_OF,888844d3241710f7,1751042262362387,135,p1,client
de54d40bdcb958673343c9a052c7db15,a1e184fbc8ee61f9,cartservice.CartService.AddItem,CHILD_OF,61aea5f34de799c1,1751042262370407,111,p1,server
de54d40bdcb958673343c9a052c7db15,6e8c91b1bc1d01ed,cartservice.cartCache.Add,CHILD_OF,a1e184fbc8ee61f9,1751042262370473,36,p1,client
de54d40bdcb958673343c9a052c7db15,35ddc95fde467de9,cart,,,1751042262370252,282,p2,server
de54d40bdcb958673343c9a052c7db15,61aea5f34de799c1,cartservice.CartService.AddItem,CHILD_OF,35ddc95fde467de9,1751042262370368,159,p2,client
de54d40bdcb958673343c9a052c7db15,626aec4a685d3e2a,productcatalogservice.ProductCatalogService.GetProduct,CHILD_OF,35ddc95fde467de9,1751042262370279,87,p2,client
de54d40bdcb958673343c9a052c7db15,3e4adf17ec45cbde,cartservice.cartCache.Get,CHILD_OF,a1e184fbc8ee61f9,1751042262370411,56,p1,client
4ba06070dea58a044b82a244d08eee50,e2c8254695b89ba9,currencyservice.CurrencyService.Convert,CHILD_OF,b16a7ad6f632266e,1751042262371371,38,p1,client
4ba06070dea58a044b82a244d08eee50,e63cc7fd765fd6d2,productcatalogservice.ProductCatalogService.SearchProducts,CHILD_OF,b8f2b4ace3c4910d,1751042262371026,56,p2,client
4ba06070dea58a044b82a244d08eee50,160fe1a2f2336911,productcatalogservice.ProductCatalogService.SearchProducts,CHILD_OF,b8f2b4ace3c4910d,1751042262371083,46,p2,client
4ba06070dea58a044b82a244d08eee50,b8f2b4ace3c4910d,recommendationservice.RecService.ListRecommendations,CHILD_OF,294ce15244e3d135,1751042262370987,198,p2,server
4ba06070dea58a044b82a244d08eee50,e382d64c25fcd852,productcatalogservice.ProductCatalogService.SearchProducts,CHILD_OF,160fe1a2f2336911,1751042262371104,13,p3,server
4ba06070dea58a044b82a244d08eee50,080ec7ecff937da8,currencyservice.CurrencyService.GetSupportedCurrencies,CHILD_OF,b16a7ad6f632266e,1751042262370773,53,p1,client
4ba06070dea58a044b82a244d08eee50,294ce15244e3d135,recommendationservice.RecService.ListRecommendations,CHILD_OF,b16a7ad6f632266e,1751042262370959,235,p1,client
4ba06070dea58a044b82a244d08eee50,c066b30106834528,cartservice.CartService.GetCart,CHILD_OF,b16a7ad6f632266e,1751042262370830,127,p1,client
4ba06070dea58a044b82a244d08eee50,d85f6bc1b769a71c,productcatalogservice.ProductCatalogService.SearchProducts,CHILD_OF,b8f2b4ace3c4910d,1751042262371130,45,p2,client
4ba06070dea58a044b82a244d08eee50,f3d91f54e484cdd0,productcatalogservice.ProductCatalogService.GetProducts,CHILD_OF,b8f2b4ace3c4910d,1751042262370989,35,p2,client
4ba06070dea58a044b82a244d08eee50,f86cb8e1115dd12c,productcatalogservice.ProductCatalogService.GetProducts,CHILD_OF,b16a7ad6f632266e,1751042262371246,40,p1,client
4ba06070dea58a044b82a244d08eee50,c5ceb21a2b39146f,productcatalogservice.ProductCatalogService.GetProduct,CHILD_OF,b16a7ad6f632266e,1751042262371413,35,p1,client
4ba06070dea58a044b82a244d08eee50,f668bd4b549b8b29,shippingservice.ShippingService.GetQuote,CHILD_OF,b16a7ad6f632266e,1751042262371327,42,p1,client
4ba06070dea58a044b82a244d08eee50,e1ea3a71ef95df51,currencyservice.CurrencyService.Convert,CHILD_OF,b16a7ad6f632266e,1751042262371450,38,p1,client
4ba06070dea58a044b82a244d08eee50,52be38c09ffce0a7,productcatalogservice.ProductCatalogService.GetProducts,CHILD_OF,b16a7ad6f632266e,1751042262371197,48,p1,client
4ba06070dea58a044b82a244d08eee50,cf09ba4b178a59a6,productcatalogservice.ProductCatalogService.GetProducts,CHILD_OF,b16a7ad6f632266e,1751042262371287,38,p1,client
4ba06070dea58a044b82a244d08eee50,41f5963a450938d8,productcatalogservice.ProductCatalogService.GetProducts,CHILD_OF,f86cb8e1115dd12c,1751042262371265,11,p3,server
4ba06070dea58a044b82a244d08eee50,b16a7ad6f632266e,cart,,,1751042262370769,882,p1,server
5442e8224dff529e32cca2bf0cf26d67,1785b541afa42810,cartservice.CartService.AddItem,CHILD_OF,957832ead85c3105,1751042262380212,230,p1,client
5442e8224dff529e32cca2bf0cf26d67,07d1dd7ff4b4c67c,productcatalogservice.ProductCatalogService.GetProduct,CHILD_OF,957832ead85c3105,1751042262380118,92,p1,client
5442e8224dff529e32cca2bf0cf26d67,957832ead85c3105,cart,,,1751042262380086,365,p1,server
b60663b96b0d3dadd3528907584e7417,953d96c25df2e1d2,productcatalogservice.ProductCatalogService.GetProduct,CHILD_OF,1cbe7f4543d70899,1751042262380604,97,p1,client
b60663b96b0d3dadd3528907584e7417,77ac8e07a7241e67,cartservice.CartService.AddItem,CHILD_OF,1cbe7f4543d70899,1751042262380704,228,p1,client
b60663b96b0d3dadd3528907584e7417,1cbe7f4543d70899,cart,,,1751042262380576,363,p1,server
90ba8a44b078cd0221e9fb5475b9244a,8f3df2e67f9f6337,cartservice.CartService.GetCart,CHILD_OF,27473f587aa685b8,1751042262381235,95,p1,server
90ba8a44b078cd0221e9fb5475b9244a,8384d48b3bb32cf8,currencyservice.CurrencyService.Convert,CHILD_OF,7f28f0f99dc0ded7,1751042262381351,142,p2,client
90ba8a44b078cd0221e9fb5475b9244a,2c3d79525b53cb4b,currencyservice.CurrencyService.Convert,CHILD_OF,7f28f0f99dc0ded7,1751042262381592,51,p2,client
90ba8a44b078cd0221e9fb5475b9244a,d7de34896365e84e,currencyservice.CurrencyService.Convert,CHILD_OF,7f28f0f99dc0ded7,1751042262381744,36,p2,client
90ba8a44b078cd0221e9fb5475b9244a,dbb466b245400185,productcatalogservice.ProductCatalogService.ListProducts,CHILD_OF,7f28f0f99dc0ded7,1751042262381134,64,p2,client
90ba8a44b078cd0221e9fb5475b9244a,b263b74e2d29ac71,currencyservice.CurrencyService.Convert,CHILD_OF,7f28f0f99dc0ded7,1751042262381545,46,p2,client
90ba8a44b078cd0221e9fb5475b9244a,9c416a17a34bdc34,currencyservice.CurrencyService.Convert,CHILD_OF,7f28f0f99dc0ded7,1751042262381645,51,p2,client
90ba8a44b078cd0221e9fb5475b9244a,7f28f0f99dc0ded7,home,,,1751042262380847,1269,p2,server
90ba8a44b078cd0221e9fb5475b9244a,23ada234d604199a,productcatalogservice.ProductCatalogService.ListProducts,CHILD_OF,7f28f0f99dc0ded7,1751042262381090,42,p2,client
90ba8a44b078cd0221e9fb5475b9244a,972706fd7a3376ff,cartservice.cartCache.Get,CHILD_OF,8f3df2e67f9f6337,1751042262381238,83,p1,client
90ba8a44b078cd0221e9fb5475b9244a,aa235742a5cc267e,productcatalogservice.ProductCatalogService.ListProducts,CHILD_OF,7f28f0f99dc0ded7,1751042262380982,107,p2,client
90ba8a44b078cd0221e9fb5475b9244a,eea12d0581750204,currencyservice.CurrencyService.Convert,CHILD_OF,7f28f0f99dc0ded7,1751042262381495,43,p2,client
90ba8a44b078cd0221e9fb5475b9244a,985d28db4370eb08,currencyservice.CurrencyService.Convert,CHILD_OF,7f28f0f99dc0ded7,1751042262381698,45,p2,client
90ba8a44b078cd0221e9fb5475b9244a,15e2aea8515ff309,productcatalogservice.ProductCatalogService.ListProducts,CHILD_OF,23ada234d604199a,1751042262381114,8,p3,server
90ba8a44b078cd0221e9fb5475b9244a,91766851f2c93e06,currencyservice.CurrencyService.GetSupportedCurrencies,CHILD_OF,7f28f0f99dc0ded7,1751042262380885,93,p2,client
90ba8a44b078cd0221e9fb5475b9244a,27473f587aa685b8,cartservice.CartService.GetCart,CHILD_OF,7f28f0f99dc0ded7,1751042262381200,149,p2,client
90ba8a44b078cd0221e9fb5475b9244a,a4abda3cf6f6a0d8,currencyservice.CurrencyService.Convert,CHILD_OF,7f28f0f99dc0ded7,1751042262381783,38,p2,client
90ba8a44b078cd0221e9fb5475b9244a,42be5617eafb59ee,currencyservice.CurrencyService.Convert,CHILD_OF,7f28f0f99dc0ded7,1751042262381822,38,p2,client
90ba8a44b078cd0221e9fb5475b9244a,201b7eeff24b7f7e,adservice.AdService.GetAds,CHILD_OF,7f28f0f99dc0ded7,1751042262381865,47,p2,client
07a5968f5e941606a87ca13ddcc3931d,f63352bf755d8efd,productcatalogservice.ProductCatalogService.SearchProducts,CHILD_OF,7916c4370715e2dc,1751042262381679,57,p1,client
07a5968f5e941606a87ca13ddcc3931d,71d1d2e1797f22c6,productcatalogservice.ProductCatalogService.SearchProducts,CHILD_OF,f63352bf755d8efd,1751042262381697,16,p2,server
07a5968f5e941606a87ca13ddcc3931d,c08f45e87041b67c,productcatalogservice.ProductCatalogService.GetProducts,CHILD_OF,cc932c5933a667eb,1751042262381858,8,p2,server
07a5968f5e941606a87ca13ddcc3931d,23ebe9df6763df6b,productcatalogservice.ProductCatalogService.GetProducts,CHILD_OF,b3a180f45374e6bb,1751042262381809,36,p3,client
07a5968f5e941606a87ca13ddcc3931d,876484dd13cf3b0c,productcatalogservice.ProductCatalogService.GetProducts,CHILD_OF,b3a180f45374e6bb,1751042262381879,49,p3,client
07a5968f5e941606a87ca13ddcc3931d,b3a180f45374e6bb,cart,,,1751042262381214,1161,p3,server
07a5968f5e941606a87ca13ddcc3931d,a632c5169a264111,productcatalogservice.ProductCatalogService.GetProduct,CHILD_OF,b3a180f45374e6bb,1751042262382104,35,p3,client
07a5968f5e941606a87ca13ddcc3931d,4a4dab6e4863cd1d,productcatalogservice.ProductCatalogService.SearchProducts,CHILD_OF,7916c4370715e2dc,1751042262381737,49,p1,client
07a5968f5e941606a87ca13ddcc3931d,1e3755d44ef4c1cd,cartservice.CartService.GetCart,CHILD_OF,b3a180f45374e6bb,1751042262381299,158,p3,client
07a5968f5e941606a87ca13ddcc3931d,427db16bd67d6ee8,currencyservice.CurrencyService.GetSupportedCurrencies,CHILD_OF,b3a180f45374e6bb,1751042262381218,77,p3,client
07a5968f5e941606a87ca13ddcc3931d,fb5f6cff9f927ddd,shippingservice.ShippingService.GetQuote,CHILD_OF,b3a180f45374e6bb,1751042262381930,48,p3,client
07a5968f5e941606a87ca13ddcc3931d,1ba7b6b96cf02d38,currencyservice.CurrencyService.Convert,CHILD_OF,b3a180f45374e6bb,1751042262382140,34,p3,client
07a5968f5e941606a87ca13ddcc3931d,cc932c5933a667eb,productcatalogservice.ProductCatalogService.GetProducts,CHILD_OF,b3a180f45374e6bb,1751042262381846,31,p3,client
07a5968f5e941606a87ca13ddcc3931d,7916c4370715e2dc,recommendationservice.RecService.ListRecommendations,CHILD_OF,080845189b66c6f4,1751042262381484,312,p1,server
07a5968f5e941606a87ca13ddcc3931d,97a66a89e90a6fec,productcatalogservice.ProductCatalogService.SearchProducts,CHILD_OF,7916c4370715e2dc,1751042262381639,39,p1,client
07a5968f5e941606a87ca13ddcc3931d,7ab3e7fb2d16f1a4,cartservice.cartCache.Get,CHILD_OF,e7c20e622e1fe1a7,1751042262381343,77,p4,client
07a5968f5e941606a87ca13ddcc3931d,080845189b66c6f4,recommendationservice.RecService.ListRecommendations,CHILD_OF,b3a180f45374e6bb,1751042262381459,347,p3,client
07a5968f5e941606a87ca13ddcc3931d,836eaa04de707003,productcatalogservice.ProductCatalogService.GetProducts,CHILD_OF,7916c4370715e2dc,1751042262381532,105,p1,client
07a5968f5e941606a87ca13ddcc3931d,e7c20e622e1fe1a7,cartservice.CartService.GetCart,CHILD_OF,1e3755d44ef4c1cd,1751042262381339,89,p4,server
07a5968f5e941606a87ca13ddcc3931d,e703fe33fab9192e,currencyservice.CurrencyService.Convert,CHILD_OF,b3a180f45374e6bb,1751042262381979,34,p3,client
07a5968f5e941606a87ca13ddcc3931d,5d2917aad8daaddd,currencyservice.CurrencyService.Convert,CHILD_OF,b3a180f45374e6bb,1751042262382065,37,p3,client
07a5968f5e941606a87ca13ddcc3931d,40c151ae2170f4b0,productcatalogservice.ProductCatalogService.GetProduct,CHILD_OF,b3a180f45374e6bb,1751042262382015,49,p3,client
07a5968f5e941606a87ca13ddcc3931d,80ecf2460132516c,productcatalogservice.ProductCatalogService.GetProducts,CHILD_OF,7916c4370715e2dc,1751042262381486,45,p1,client
4d3d904bda2c987b5a1d6a6a6209767e,58a99a34b04cf767,productcatalogservice.ProductCatalogService.GetProducts,CHILD_OF,6df4cde4baf9f6e2,1751042262391326,50,p1,client
4d3d904bda2c987b5a1d6a6a6209767e,44662cc9e9a2573a,productcatalogservice.ProductCatalogService.SearchProducts,CHILD_OF,6df4cde4baf9f6e2,1751042262391480,48,p1,client
4d3d904bda2c987b5a1d6a6a6209767e,c4ea0d36c9716d9d,productcatalogservice.ProductCatalogService.SearchProducts,CHILD_OF,44662cc9e9a2573a,1751042262391503,15,p2,server
4d3d904bda2c987b5a1d6a6a6209767e,f26d759fef848f22,cartservice.CartService.GetCart,CHILD_OF,a15c4d3666e4251a,1751042262391169,120,p3,client
4d3d904bda2c987b5a1d6a6a6209767e,030890a060ff3c45,productcatalogservice.ProductCatalogService.GetProducts,CHILD_OF,a15c4d3666e4251a,1751042262391593,48,p3,client
4d3d904bda2c987b5a1d6a6a6209767e,93962c610187367c,currencyservice.CurrencyService.Convert,CHILD_OF,a15c4d3666e4251a,1751042262392134,43,p3,client
4d3d904bda2c987b5a1d6a6a6209767e,a15c4d3666e4251a,cart,,,1751042262391092,1307,p3,server
4d3d904bda2c987b5a1d6a6a6209767e,a76eb6c2afc094f5,productcatalogservice.ProductCatalogService.GetProducts,CHILD_OF,6df4cde4baf9f6e2,1751042262391377,45,p1,client
4d3d904bda2c987b5a1d6a6a6209767e,2e81cf8cd97999bb,productcatalogservice.ProductCatalogService.SearchProducts,CHILD_OF,6df4cde4baf9f6e2,1751042262391425,53,p1,client
4d3d904bda2c987b5a1d6a6a6209767e,45976d5bd5ac549f,shippingservice.ShippingService.GetQuote,CHILD_OF,a15c4d3666e4251a,1751042262391725,52,p3,client
4d3d904bda2c987b5a1d6a6a6209767e,918c312684b1f445,productcatalogservice.ProductCatalogService.GetProduct,CHILD_OF,a15c4d3666e4251a,1751042262391906,104,p3,client
4d3d904bda2c987b5a1d6a6a6209767e,fa899e49913620ee,productcatalogservice.ProductCatalogService.GetProduct,CHILD_OF,a15c4d3666e4251a,1751042262392074,59,p3,client
4d3d904bda2c987b5a1d6a6a6209767e,45df136e46c3db10,productcatalogservice.ProductCatalogService.GetProducts,CHILD_OF,a15c4d3666e4251a,1751042262391642,35,p3,client
4d3d904bda2c987b5a1d6a6a6209767e,387d7e9685eb31ad,currencyservice.CurrencyService.Convert,CHILD_OF,a15c4d3666e4251a,1751042262391862,42,p3,client
4d3d904bda2c987b5a1d6a6a6209767e,8936961f7dd74039,currencyservice.CurrencyService.GetSupportedCurrencies,CHILD_OF,a15c4d3666e4251a,1751042262391108,57,p3,client
4d3d904bda2c987b5a1d6a6a6209767e,6df4cde4baf9f6e2,recommendationservice.RecService.ListRecommendations,CHILD_OF,d9ac5ed001cdece5,1751042262391323,257,p1,server
4d3d904bda2c987b5a1d6a6a6209767e,b6c0c779ca6fc800,productcatalogservice.ProductCatalogService.GetProducts,CHILD_OF,45df136e46c3db10,1751042262391659,10,p2,server
4d3d904bda2c987b5a1d6a6a6209767e,2683a23e9bea62d9,currencyservice.CurrencyService.Convert,CHILD_OF,a15c4d3666e4251a,1751042262392012,61,p3,client
4d3d904bda2c987b5a1d6a6a6209767e,d9ac5ed001cdece5,recommendationservice.RecService.ListRecommendations,CHILD_OF,a15c4d3666e4251a,1751042262391292,298,p3,client
4d3d904bda2c987b5a1d6a6a6209767e,1c96a3118c431334,productcatalogservice.ProductCatalogService.GetProduct,CHILD_OF,a15c4d3666e4251a,1751042262391828,33,p3,client
4d3d904bda2c987b5a1d6a6a6209767e,fc83d460a5410825,productcatalogservice.ProductCatalogService.SearchProducts,CHILD_OF,6df4cde4baf9f6e2,1751042262391529,42,p1,client
4d3d904bda2c987b5a1d6a6a6209767e,d196e6ab4520d04e,currencyservice.CurrencyService.Convert,CHILD_OF,a15c4d3666e4251a,1751042262391779,47,p3,client
4d3d904bda2c987b5a1d6a6a6209767e,ef7a9d0677cd9c2f,productcatalogservice.ProductCatalogService.GetProducts,CHILD_OF,a15c4d3666e4251a,1751042262391680,37,p3,client
434c13b9cfc3c3ffe6f67b050d28fcef,10a5d692fb503f0f,cartservice.CartService.EmptyCart,CHILD_OF,417b61481915076d,1751042262410266,128,p1,client
434c13b9cfc3c3ffe6f67b050d28fcef,417b61481915076d,cart_empty,,,1751042262410243,159,p1,server
42f7388e37643ffb5b0b55554526d8c4,e1a00aa120877112,currencyservice.CurrencyService.Convert,CHILD_OF,18c0f750494b9a4c,1751042262410950,40,p1,client
42f7388e37643ffb5b0b55554526d8c4,cb8cdf9a699d0040,currencyservice.CurrencyService.Convert,CHILD_OF,18c0f750494b9a4c,1751042262410992,46,p1,client
42f7388e37643ffb5b0b55554526d8c4,853ae47b9e5941d0,adservice.AdService.GetAds,CHILD_OF,18c0f750494b9a4c,1751042262411303,48,p1,client
42f7388e37643ffb5b0b55554526d8c4,18c0f750494b9a4c,home,,,1751042262410604,915,p1,server
42f7388e37643ffb5b0b55554526d8c4,56379af11d169777,currencyservice.CurrencyService.Convert,CHILD_OF,18c0f750494b9a4c,1751042262411081,41,p1,client
42f7388e37643ffb5b0b55554526d8c4,f9ba3712f6a0f0bf,productcatalogservice.ProductCatalogService.ListProducts,CHILD_OF,18c0f750494b9a4c,1751042262410685,55,p1,client
42f7388e37643ffb5b0b55554526d8c4,6c2385ee6901f737,currencyservice.CurrencyService.Convert,CHILD_OF,18c0f750494b9a4c,1751042262411159,36,p1,client
42f7388e37643ffb5b0b55554526d8c4,218cd3ac695cf91b,currencyservice.CurrencyService.Convert,CHILD_OF,18c0f750494b9a4c,1751042262411264,35,p1,client
42f7388e37643ffb5b0b55554526d8c4,7b4300a8a1a65367,cartservice.CartService.GetCart,CHILD_OF,403ce8ccff571b8d,1751042262410871,67,p2,server
42f7388e37643ffb5b0b55554526d8c4,0786ebeb498d687a,currencyservice.CurrencyService.GetSupportedCurrencies,CHILD_OF,18c0f750494b9a4c,1751042262410613,69,p1,client
42f7388e37643ffb5b0b55554526d8c4,6778503e58f21624,currencyservice.CurrencyService.Convert,CHILD_OF,18c0f750494b9a4c,1751042262411039,41,p1,client
42f7388e37643ffb5b0b55554526d8c4,632d5c36c5dea777,currencyservice.CurrencyService.Convert,CHILD_OF,18c0f750494b9a4c,1751042262411123,34,p1,client
42f7388e37643ffb5b0b55554526d8c4,0a08056cef4b94f5,currencyservice.CurrencyService.Convert,CHILD_OF,18c0f750494b9a4c,1751042262411230,32,p1,client
42f7388e37643ffb5b0b55554526d8c4,610b03b3b675371c,productcatalogservice.ProductCatalogService.ListProducts,CHILD_OF,18c0f750494b9a4c,1751042262410794,45,p1,client
42f7388e37643ffb5b0b55554526d8c4,2e25a62010fdf4af,productcatalogservice.ProductCatalogService.ListProducts,CHILD_OF,18c0f750494b9a4c,1751042262410742,50,p1,client
42f7388e37643ffb5b0b55554526d8c4,dab953a036f3cee7,cartservice.cartCache.Get,CHILD_OF,7b4300a8a1a65367,1751042262410874,53,p2,client
42f7388e37643ffb5b0b55554526d8c4,9a7da9e0b2c7168f,productcatalogservice.ProductCatalogService.ListProducts,CHILD_OF,2e25a62010fdf4af,1751042262410768,11,p3,server
42f7388e37643ffb5b0b55554526d8c4,7befd43fa5b7ead3,currencyservice.CurrencyService.Convert,CHILD_OF,18c0f750494b9a4c,1751042262411197,32,p1,client
42f7388e37643ffb5b0b55554526d8c4,403ce8ccff571b8d,cartservice.CartService.GetCart,CHILD_OF,18c0f750494b9a4c,1751042262410842,105,p1,client
7fbb32594fbae1c12bb8525084332cc9,2c58790547836642,cart_empty,,,1751042262422459,142,p1,server
7fbb32594fbae1c12bb8525084332cc9,d165340b502f1105,cartservice.CartService.EmptyCart,CHILD_OF,2c58790547836642,1751042262422475,111,p1,client
489950882279b16c4a0b142d1f2bbfb5,f946e03963aa8a8e,productcatalogservice.ProductCatalogService.ListProducts,CHILD_OF,c7e8a79c14bcfc5e,1751042262422958,8,p1,server
489950882279b16c4a0b142d1f2bbfb5,e621643691db41c0,currencyservice.CurrencyService.GetSupportedCurrencies,CHILD_OF,f40f7f7308756597,1751042262422824,63,p2,client
489950882279b16c4a0b142d1f2bbfb5,d39faa9f8f6cb35a,currencyservice.CurrencyService.Convert,CHILD_OF,f40f7f7308756597,1751042262423288,62,p2,client
489950882279b16c4a0b142d1f2bbfb5,60b22e0da99e080c,productcatalogservice.ProductCatalogService.ListProducts,CHILD_OF,f40f7f7308756597,1751042262422891,46,p2,client
489950882279b16c4a0b142d1f2bbfb5,818b03663f309120,productcatalogservice.ProductCatalogService.ListProducts,CHILD_OF,f40f7f7308756597,1751042262422987,45,p2,client
489950882279b16c4a0b142d1f2bbfb5,08c1e6645a66ecdc,currencyservice.CurrencyService.Convert,CHILD_OF,f40f7f7308756597,1751042262423554,43,p2,client
489950882279b16c4a0b142d1f2bbfb5,f19f170fbfa7abbe,currencyservice.CurrencyService.Convert,CHILD_OF,f40f7f7308756597,1751042262423352,160,p2,client
489950882279b16c4a0b142d1f2bbfb5,5eeca29edd4d4a43,adservice.AdService.GetAds,CHILD_OF,f40f7f7308756597,1751042262423810,60,p2,client
489950882279b16c4a0b142d1f2bbfb5,4c557f19e42ca2c7,currencyservice.CurrencyService.Convert,CHILD_OF,f40f7f7308756597,1751042262423522,30,p2,client
489950882279b16c4a0b142d1f2bbfb5,c4758df6cf20ebe5,currencyservice.CurrencyService.Convert,CHILD_OF,f40f7f7308756597,1751042262423685,64,p2,client
489950882279b16c4a0b142d1f2bbfb5,3e8337e8e9726139,currencyservice.CurrencyService.Convert,CHILD_OF,f40f7f7308756597,1751042262423778,28,p2,client
489950882279b16c4a0b142d1f2bbfb5,f40f7f7308756597,home,,,1751042262422818,1234,p2,server
489950882279b16c4a0b142d1f2bbfb5,b135738e6fd6684e,cartservice.CartService.GetCart,CHILD_OF,f40f7f7308756597,1751042262423034,252,p2,client
489950882279b16c4a0b142d1f2bbfb5,f3788f3149c7861d,currencyservice.CurrencyService.Convert,CHILD_OF,f40f7f7308756597,1751042262423599,35,p2,client
489950882279b16c4a0b142d1f2bbfb5,a7142efdd9b64e6c,currencyservice.CurrencyService.Convert,CHILD_OF,f40f7f7308756597,1751042262423636,47,p2,client
489950882279b16c4a0b142d1f2bbfb5,18cb3d948db81aa6,currencyservice.CurrencyService.Convert,CHILD_OF,f40f7f7308756597,1751042262423751,26,p2,client
489950882279b16c4a0b142d1f2bbfb5,c7e8a79c14bcfc5e,productcatalogservice.ProductCatalogService.ListProducts,CHILD_OF,f40f7f7308756597,1751042262422939,47,p2,client
d58f21897b86a5469e68db0861b91148,e9bf513a6cb71d1b,cartservice.CartService.GetCart,CHILD_OF,f7d051c5309974c4,1751042262423639,98,p1,server
d58f21897b86a5469e68db0861b91148,db213119f4448fae,currencyservice.CurrencyService.Convert,CHILD_OF,9e186ddb5de06143,1751042262424210,32,p2,client
d58f21897b86a5469e68db0861b91148,9e186ddb5de06143,home,,,1751042262423402,1117,p2,server
d58f21897b86a5469e68db0861b91148,650db4daa74ecac7,cartservice.cartCache.Get,CHILD_OF,e9bf513a6cb71d1b,1751042262423643,65,p1,client
d58f21897b86a5469e68db0861b91148,7200e4436d6d677d,productcatalogservice.ProductCatalogService.ListProducts,CHILD_OF,7afef516ec5a6a6c,1751042262423562,8,p3,server
d58f21897b86a5469e68db0861b91148,fce16cf2725a46c7,productcatalogservice.ProductCatalogService.ListProducts,CHILD_OF,9e186ddb5de06143,1751042262423581,31,p2,client
d58f21897b86a5469e68db0861b91148,47b6c7fc921c36a7,currencyservice.CurrencyService.Convert,CHILD_OF,9e186ddb5de06143,1751042262423795,32,p2,client
d58f21897b86a5469e68db0861b91148,30fe1570c02ae53d,currencyservice.CurrencyService.Convert,CHILD_OF,9e186ddb5de06143,1751042262423858,235,p2,client
d58f21897b86a5469e68db0861b91148,3646551769f7d12e,currencyservice.CurrencyService.Convert,CHILD_OF,9e186ddb5de06143,1751042262424280,33,p2,client
d58f21897b86a5469e68db0861b91148,0ef57a93f56c788d,currencyservice.CurrencyService.Convert,CHILD_OF,9e186ddb5de06143,1751042262423828,29,p2,client
d58f21897b86a5469e68db0861b91148,895304c94ec7e772,currencyservice.CurrencyService.GetSupportedCurrencies,CHILD_OF,9e186ddb5de06143,1751042262423420,66,p2,client
d58f21897b86a5469e68db0861b91148,7afef516ec5a6a6c,productcatalogservice.ProductCatalogService.ListProducts,CHILD_OF,9e186ddb5de06143,1751042262423539,40,p2,client
d58f21897b86a5469e68db0861b91148,3c0dac2b25b95809,currencyservice.CurrencyService.Convert,CHILD_OF,9e186ddb5de06143,1751042262424094,68,p2,client
d58f21897b86a5469e68db0861b91148,a3286e1894ffaa69,currencyservice.CurrencyService.Convert,CHILD_OF,9e186ddb5de06143,1751042262424163,46,p2,client
d58f21897b86a5469e68db0861b91148,5d03a9f37d5b9722,adservice.AdService.GetAds,CHILD_OF,9e186ddb5de06143,1751042262424316,44,p2,client
d58f21897b86a5469e68db0861b91148,ef89ec42ad72ad5d,productcatalogservice.ProductCatalogService.ListProducts,CHILD_OF,9e186ddb5de06143,1751042262423489,49,p2,client
d58f21897b86a5469e68db0861b91148,f7d051c5309974c4,cartservice.CartService.GetCart,CHILD_OF,9e186ddb5de06143,1751042262423614,149,p2,client
d58f21897b86a5469e68db0861b91148,86e67a8ddfeaf31f,currencyservice.CurrencyService.Convert,CHILD_OF,9e186ddb5de06143,1751042262424243,36,p2,client
d58f21897b86a5469e68db0861b91148,4d3bd6241d825f2f,currencyservice.CurrencyService.Convert,CHILD_OF,9e186ddb5de06143,1751042262423765,29,p2,client
59e6b1fc7f64533d1e9611befea49ccc,0f98d096b0f55a35,cartservice.CartService.GetCart,CHILD_OF,27a9ff245a9316bd,1751042262438208,229,p1,client
59e6b1fc7f64533d1e9611befea49ccc,27a9ff245a9316bd,home,,,1751042262437773,1773,p1,server
59e6b1fc7f64533d1e9611befea49ccc,4d63a9a3300d5001,currencyservice.CurrencyService.Convert,CHILD_OF,27a9ff245a9316bd,1751042262439064,28,p1,client
59e6b1fc7f64533d1e9611befea49ccc,9c85c4ac1ffc52b5,currencyservice.CurrencyService.Convert,CHILD_OF,27a9ff245a9316bd,1751042262439199,43,p1,client
59e6b1fc7f64533d1e9611befea49ccc,059a086ee435cd5e,productcatalogservice.ProductCatalogService.ListProducts,CHILD_OF,27a9ff245a9316bd,1751042262438166,39,p1,client
59e6b1fc7f64533d1e9611befea49ccc,402e79c2034797ed,currencyservice.CurrencyService.Convert,CHILD_OF,27a9ff245a9316bd,1751042262438982,80,p1,client
59e6b1fc7f64533d1e9611befea49ccc,ba222826e5f4b8a2,currencyservice.CurrencyService.Convert,CHILD_OF,27a9ff245a9316bd,1751042262438489,80,p1,client
59e6b1fc7f64533d1e9611befea49ccc,236679dc814a3838,currencyservice.CurrencyService.Convert,CHILD_OF,27a9ff245a9316bd,1751042262439093,105,p1,client
59e6b1fc7f64533d1e9611befea49ccc,25bac95dbfa59eee,currencyservice.CurrencyService.GetSupportedCurrencies,CHILD_OF,27a9ff245a9316bd,1751042262437795,152,p1,client
59e6b1fc7f64533d1e9611befea49ccc,b0d11218b607aceb,productcatalogservice.ProductCatalogService.ListProducts,CHILD_OF,27a9ff245a9316bd,1751042262438116,48,p1,client
59e6b1fc7f64533d1e9611befea49ccc,a11588edc1d38a86,currencyservice.CurrencyService.Convert,CHILD_OF,27a9ff245a9316bd,1751042262438440,48,p1,client
59e6b1fc7f64533d1e9611befea49ccc,ff1ea68b8bdb06bb,currencyservice.CurrencyService.Convert,CHILD_OF,27a9ff245a9316bd,1751042262438571,43,p1,client
59e6b1fc7f64533d1e9611befea49ccc,e660344a721f0b56,currencyservice.CurrencyService.Convert,CHILD_OF,27a9ff245a9316bd,1751042262438616,330,p1,client
59e6b1fc7f64533d1e9611befea49ccc,d4eb7fab860ce2a6,currencyservice.CurrencyService.Convert,CHILD_OF,27a9ff245a9316bd,1751042262438949,32,p1,client
59e6b1fc7f64533d1e9611befea49ccc,ee0a2ed5d186bac3,adservice.AdService.GetAds,CHILD_OF,27a9ff245a9316bd,1751042262439247,57,p1,client
59e6b1fc7f64533d1e9611befea49ccc,dfcfcf5a3084d17f,productcatalogservice.ProductCatalogService.ListProducts,CHILD_OF,b0d11218b607aceb,1751042262438143,7,p2,server
59e6b1fc7f64533d1e9611befea49ccc,24482c15db5fd097,productcatalogservice.ProductCatalogService.ListProducts,CHILD_OF,27a9ff245a9316bd,1751042262437951,163,p1,client
896e494976d0b6ba3499a8bf16ac4648,736515e29db47bac,cartservice.CartService.EmptyCart,CHILD_OF,1bc2b70dc99b3b96,1751042262437923,142,p1,client
896e494976d0b6ba3499a8bf16ac4648,1bc2b70dc99b3b96,cart_empty,,,1751042262437904,170,p1,server
db8901d09cdb9f1b3f3b43c7b1b9feba,c906eed76d93859f,productcatalogservice.ProductCatalogService.GetProduct,CHILD_OF,ed82a3325a62f982,1751042262438553,33,p1,client
db8901d09cdb9f1b3f3b43c7b1b9feba,09d6e3a0ed5e5689,cartservice.CartService.AddItem,CHILD_OF,ed82a3325a62f982,1751042262438588,307,p1,client
db8901d09cdb9f1b3f3b43c7b1b9feba,ed82a3325a62f982,cart,,,1751042262438526,378,p1,server
81815af0c381f8a76bb909cf57197dd6,969875925ac93297,setcurrency,,,1751042262456505,24,p1,server
19abbea885f339f433015e7b35ceae05,ea48aad6217e98b9,productcatalogservice.ProductCatalogService.ListProducts,CHILD_OF,0ac3ab07aa11fdf5,1751042262456857,127,p1,client
19abbea885f339f433015e7b35ceae05,6f752f098cac3756,cartservice.CartService.GetCart,CHILD_OF,0ac3ab07aa11fdf5,1751042262457094,315,p1,client
19abbea885f339f433015e7b35ceae05,fe1a9abee6b5a9ce,currencyservice.CurrencyService.Convert,CHILD_OF,0ac3ab07aa11fdf5,1751042262457670,36,p1,client
19abbea885f339f433015e7b35ceae05,889eabbe870d1982,currencyservice.CurrencyService.Convert,CHILD_OF,0ac3ab07aa11fdf5,1751042262457575,39,p1,client
19abbea885f339f433015e7b35ceae05,0fa06c301b6647ca,currencyservice.CurrencyService.Convert,CHILD_OF,0ac3ab07aa11fdf5,1751042262457711,41,p1,client
19abbea885f339f433015e7b35ceae05,1d6d4b18b59306da,currencyservice.CurrencyService.Convert,CHILD_OF,0ac3ab07aa11fdf5,1751042262457754,32,p1,client
19abbea885f339f433015e7b35ceae05,d2686964bb2e965a,currencyservice.CurrencyService.Convert,CHILD_OF,0ac3ab07aa11fdf5,1751042262457788,36,p1,client
19abbea885f339f433015e7b35ceae05,6cdcef88a4bb35f0,currencyservice.CurrencyService.GetSupportedCurrencies,CHILD_OF,0ac3ab07aa11fdf5,1751042262456640,144,p1,client
19abbea885f339f433015e7b35ceae05,a951728add1e5945,productcatalogservice.ProductCatalogService.ListProducts,CHILD_OF,0ac3ab07aa11fdf5,1751042262456795,60,p1,client
19abbea885f339f433015e7b35ceae05,87178fd46c1732f3,productcatalogservice.ProductCatalogService.ListProducts,CHILD_OF,0ac3ab07aa11fdf5,1751042262456986,106,p1,client
19abbea885f339f433015e7b35ceae05,fb8347b84f8e32f5,currencyservice.CurrencyService.Convert,CHILD_OF,0ac3ab07aa11fdf5,1751042262457506,68,p1,client
19abbea885f339f433015e7b35ceae05,4dbec4320c0fd970,currencyservice.CurrencyService.Convert,CHILD_OF,0ac3ab07aa11fdf5,1751042262457825,35,p1,client
19abbea885f339f433015e7b35ceae05,113733885a835c2a,adservice.AdService.GetAds,CHILD_OF,0ac3ab07aa11fdf5,1751042262457865,46,p1,client
19abbea885f339f433015e7b35ceae05,028a4b190cfd598e,productcatalogservice.ProductCatalogService.ListProducts,CHILD_OF,ea48aad6217e98b9,1751042262456883,8,p2,server
19abbea885f339f433015e7b35ceae05,5f3ed8285bc01a41,currencyservice.CurrencyService.Convert,CHILD_OF,0ac3ab07aa11fdf5,1751042262457412,92,p1,client
19abbea885f339f433015e7b35ceae05,0ac3ab07aa11fdf5,home,,,1751042262456613,1481,p1,server
19abbea885f339f433015e7b35ceae05,2c1d385753f6263f,currencyservice.CurrencyService.Convert,CHILD_OF,0ac3ab07aa11fdf5,1751042262457616,47,p1,client
83687b22c0c4df9110c2d2dabf84a124,279d184f2e50e7fe,cartservice.CartService.AddItem,CHILD_OF,b96ce57eb3f38488,1751042262456896,234,p1,client
83687b22c0c4df9110c2d2dabf84a124,ad9323a5a2c2be70,productcatalogservice.ProductCatalogService.GetProduct,CHILD_OF,b96ce57eb3f38488,1751042262456756,137,p1,client
83687b22c0c4df9110c2d2dabf84a124,b96ce57eb3f38488,cart,,,1751042262456717,423,p1,server
2cad9f4b495b9844f64cbdcb449b2fd3,5ccae5e3a0af4ed9,currencyservice.CurrencyService.Convert,CHILD_OF,1b580b02a3f7e803,1751042262457527,41,p1,client
2cad9f4b495b9844f64cbdcb449b2fd3,59dfb518e1caf10a,currencyservice.CurrencyService.Convert,CHILD_OF,1b580b02a3f7e803,1751042262457569,71,p1,client
2cad9f4b495b9844f64cbdcb449b2fd3,cfb0a8daca681003,adservice.AdService.GetAds,CHILD_OF,1b580b02a3f7e803,1751042262458136,43,p1,client
2cad9f4b495b9844f64cbdcb449b2fd3,4f967468e0905d3b,productcatalogservice.ProductCatalogService.ListProducts,CHILD_OF,38ef8c966be87c6a,1751042262457296,7,p2,server
2cad9f4b495b9844f64cbdcb449b2fd3,38ef8c966be87c6a,productcatalogservice.ProductCatalogService.ListProducts,CHILD_OF,1b580b02a3f7e803,1751042262457262,55,p1,client
2cad9f4b495b9844f64cbdcb449b2fd3,4831881535ad849a,productcatalogservice.ProductCatalogService.ListProducts,CHILD_OF,1b580b02a3f7e803,1751042262457318,65,p1,client
2cad9f4b495b9844f64cbdcb449b2fd3,6f27b03f42528396,currencyservice.CurrencyService.Convert,CHILD_OF,1b580b02a3f7e803,1751042262457941,78,p1,client
2cad9f4b495b9844f64cbdcb449b2fd3,26a4be15de729267,currencyservice.CurrencyService.Convert,CHILD_OF,1b580b02a3f7e803,1751042262458060,29,p1,client
2cad9f4b495b9844f64cbdcb449b2fd3,1b580b02a3f7e803,home,,,1751042262457032,1313,p1,server
2cad9f4b495b9844f64cbdcb449b2fd3,b4f49677c7b4d1e0,currencyservice.CurrencyService.GetSupportedCurrencies,CHILD_OF,1b580b02a3f7e803,1751042262457071,68,p1,client
2cad9f4b495b9844f64cbdcb449b2fd3,37dce0dd0f1ed4ef,cartservice.CartService.GetCart,CHILD_OF,1b580b02a3f7e803,1751042262457385,139,p1,client
2cad9f4b495b9844f64cbdcb449b2fd3,8cebfe6474aa144e,currencyservice.CurrencyService.Convert,CHILD_OF,1b580b02a3f7e803,1751042262457642,35,p1,client
2cad9f4b495b9844f64cbdcb449b2fd3,9a3bd778be938c31,currencyservice.CurrencyService.Convert,CHILD_OF,1b580b02a3f7e803,1751042262458091,41,p1,client
2cad9f4b495b9844f64cbdcb449b2fd3,c0ef2037295845bc,productcatalogservice.ProductCatalogService.ListProducts,CHILD_OF,1b580b02a3f7e803,1751042262457143,117,p1,client
2cad9f4b495b9844f64cbdcb449b2fd3,3fd32189642ebaa6,currencyservice.CurrencyService.Convert,CHILD_OF,1b580b02a3f7e803,1751042262457680,46,p1,client
2cad9f4b495b9844f64cbdcb449b2fd3,21c762dc9b9a5874,currencyservice.CurrencyService.Convert,CHILD_OF,1b580b02a3f7e803,1751042262457728,211,p1,client
2cad9f4b495b9844f64cbdcb449b2fd3,705f3888e7d5d8b4,currencyservice.CurrencyService.Convert,CHILD_OF,1b580b02a3f7e803,1751042262458021,37,p1,client
2bc330e71269a05ad555c0154ed9a07a,b5aefae8909820f0,productcatalogservice.ProductCatalogService.GetProduct,CHILD_OF,1b7d7072b915dbb1,1751042262459788,75,p1,client
2bc330e71269a05ad555c0154ed9a07a,0fcf1af03192d1a4,cartservice.CartService.AddItem,CHILD_OF,1b7d7072b915dbb1,1751042262459865,145,p1,client
2bc330e71269a05ad555c0154ed9a07a,1b7d7072b915dbb1,cart,,,1751042262459759,260,p1,server
101c2e8fe5c1f2545163625d2fed1253,ce2a25af45576c5f,cart,,,1751042262469465,249,p1,server
101c2e8fe5c1f2545163625d2fed1253,234d83d7c14e8263,cartservice.CartService.AddItem,CHILD_OF,ce2a25af45576c5f,1751042262469561,145,p1,client
101c2e8fe5c1f2545163625d2fed1253,d1723a352668b03b,productcatalogservice.ProductCatalogService.GetProduct,CHILD_OF,26abba1e26b2b647,1751042262469517,6,p2,server
101c2e8fe5c1f2545163625d2fed1253,26abba1e26b2b647,productcatalogservice.ProductCatalogService.GetProduct,CHILD_OF,ce2a25af45576c5f,1751042262469491,68,p1,client
c9030d9f57fa9326bbe5842bef57e7d9,d303e30c257daef7,currencyservice.CurrencyService.GetSupportedCurrencies,CHILD_OF,650d5dd0e2cb311f,1751042262474597,83,p1,client
c9030d9f57fa9326bbe5842bef57e7d9,cc4fc5504adfc19e,recommendationservice.RecService.ListRecommendations,CHILD_OF,650d5dd0e2cb311f,1751042262474888,300,p1,client
c9030d9f57fa9326bbe5842bef57e7d9,d3e07eb470fc1ddb,productcatalogservice.ProductCatalogService.GetProduct,CHILD_OF,650d5dd0e2cb311f,1751042262474473,121,p1,client
c9030d9f57fa9326bbe5842bef57e7d9,693354d466b4782e,productcatalogservice.ProductCatalogService.GetProducts,CHILD_OF,650d5dd0e2cb311f,1751042262475317,49,p1,client
c9030d9f57fa9326bbe5842bef57e7d9,2dad676a5ae4813a,adservice.AdService.GetAds,CHILD_OF,650d5dd0e2cb311f,1751042262475370,117,p1,client
c9030d9f57fa9326bbe5842bef57e7d9,650d5dd0e2cb311f,product,,,1751042262474436,1193,p1,server
c9030d9f57fa9326bbe5842bef57e7d9,0313c47bc17c1cc9,productcatalogservice.ProductCatalogService.GetProducts,CHILD_OF,650d5dd0e2cb311f,1751042262475191,50,p1,client
c9030d9f57fa9326bbe5842bef57e7d9,3bc99020483593ff,cartservice.CartService.GetCart,CHILD_OF,650d5dd0e2cb311f,1751042262474683,125,p1,client
c9030d9f57fa9326bbe5842bef57e7d9,ee77522f3caf84b6,currencyservice.CurrencyService.Convert,CHILD_OF,650d5dd0e2cb311f,1751042262474811,75,p1,client
c9030d9f57fa9326bbe5842bef57e7d9,0be80d2a8c4c64f0,productcatalogservice.ProductCatalogService.GetProducts,CHILD_OF,650d5dd0e2cb311f,1751042262475243,73,p1,client
7e9f9cbf1bad848119da65e134fd2890,07ed683372a47006,cartservice.CartService.EmptyCart,CHILD_OF,d94eb862f4320d99,1751042262480282,103,p1,client
7e9f9cbf1bad848119da65e134fd2890,d94eb862f4320d99,cart_empty,,,1751042262480259,134,p1,server
dcff5c6e829f494430baa82d034ce425,844e45d5acb2ae27,productcatalogservice.ProductCatalogService.GetProduct,CHILD_OF,e9e6774f73185ee2,1751042262493981,229,p1,client
dcff5c6e829f494430baa82d034ce425,6f928cfe391901ed,cartservice.CartService.AddItem,CHILD_OF,e9e6774f73185ee2,1751042262494212,206,p1,client
dcff5c6e829f494430baa82d034ce425,e9e6774f73185ee2,cart,,,1751042262493950,477,p1,server
